PUBLISH_DATE,TRADING_NAME,BRAND_DESCRIPTION,PRODUCT_DESCRIPTION,PRODUCT_PRICE,ADDRESS,LOCATION,POSTCODE,AREA_DESCRIPTION,REGION_DESCRIPTION,TGP_Perth,margin,delta_price
2022-01-01,Ampol Foodary East Perth,Ampol,ULP,173.9,157 Lord St,PERTH,6000,North of River,Metro,148.1,25.80000000000001,
2022-01-02,Ampol Foodary East Perth,Ampol,ULP,170.9,157 Lord St,PERTH,6000,North of River,Metro,148.1,22.80000000000001,-3.0
2022-01-03,Ampol Foodary East Perth,Ampol,ULP,167.9,157 Lord St,PERTH,6000,North of River,Metro,149.2,18.700000000000017,-3.0
2022-01-04,Ampol Foodary East Perth,Ampol,ULP,164.9,157 Lord St,PERTH,6000,North of River,Metro,149.4,15.5,-3.0
2022-01-05,Ampol Foodary East Perth,Ampol,ULP,161.9,157 Lord St,PERTH,6000,North of River,Metro,150.0,11.900000000000006,-3.0
2022-01-06,Ampol Foodary East Perth,Ampol,ULP,159.9,157 Lord St,PERTH,6000,North of River,Metro,150.4,9.5,-2.0
2022-01-07,Ampol Foodary East Perth,Ampol,ULP,156.9,157 Lord St,PERTH,6000,North of River,Metro,150.7,6.200000000000017,-3.0
2022-01-08,Ampol Foodary East Perth,Ampol,ULP,154.9,157 Lord St,PERTH,6000,North of River,Metro,150.7,4.200000000000017,-2.0
2022-01-09,Ampol Foodary East Perth,Ampol,ULP,151.9,157 Lord St,PERTH,6000,North of River,Metro,150.7,1.200000000000017,-3.0
2022-01-10,Ampol Foodary East Perth,Ampol,ULP,150.9,157 Lord St,PERTH,6000,North of River,Metro,151.0,-0.09999999999999432,-1.0
2022-01-11,Ampol Foodary East Perth,Ampol,ULP,149.9,157 Lord St,PERTH,6000,North of River,Metro,151.4,-1.5,-1.0
2022-01-12,Ampol Foodary East Perth,Ampol,ULP,189.9,157 Lord St,PERTH,6000,North of River,Metro,151.8,38.099999999999994,40.0
2022-01-13,Ampol Foodary East Perth,Ampol,ULP,186.9,157 Lord St,PERTH,6000,North of River,Metro,152.1,34.80000000000001,-3.0
2022-01-14,Ampol Foodary East Perth,Ampol,ULP,183.9,157 Lord St,PERTH,6000,North of River,Metro,152.6,31.30000000000001,-3.0
2022-01-15,Ampol Foodary East Perth,Ampol,ULP,179.9,157 Lord St,PERTH,6000,North of River,Metro,152.6,27.30000000000001,-4.0
2022-01-16,Ampol Foodary East Perth,Ampol,ULP,176.9,157 Lord St,PERTH,6000,North of River,Metro,152.6,24.30000000000001,-3.0
2022-01-17,Ampol Foodary East Perth,Ampol,ULP,172.9,157 Lord St,PERTH,6000,North of River,Metro,153.0,19.900000000000006,-4.0
2022-01-18,Ampol Foodary East Perth,Ampol,ULP,169.9,157 Lord St,PERTH,6000,North of River,Metro,153.4,16.5,-3.0
2022-01-19,Ampol Foodary East Perth,Ampol,ULP,166.9,157 Lord St,PERTH,6000,North of River,Metro,154.3,12.599999999999994,-3.0
2022-01-20,Ampol Foodary East Perth,Ampol,ULP,163.9,157 Lord St,PERTH,6000,North of River,Metro,155.0,8.900000000000006,-3.0
2022-01-21,Ampol Foodary East Perth,Ampol,ULP,160.9,157 Lord St,PERTH,6000,North of River,Metro,155.9,5.0,-3.0
2022-01-22,Ampol Foodary East Perth,Ampol,ULP,157.9,157 Lord St,PERTH,6000,North of River,Metro,155.9,2.0,-3.0
2022-01-23,Ampol Foodary East Perth,Ampol,ULP,156.9,157 Lord St,PERTH,6000,North of River,Metro,155.9,1.0,-1.0
2022-01-24,Ampol Foodary East Perth,Ampol,ULP,155.9,157 Lord St,PERTH,6000,North of River,Metro,156.7,-0.799999999999983,-1.0
2022-01-25,Ampol Foodary East Perth,Ampol,ULP,154.9,157 Lord St,PERTH,6000,North of River,Metro,157.0,-2.0999999999999943,-1.0
2022-01-26,Ampol Foodary East Perth,Ampol,ULP,193.9,157 Lord St,PERTH,6000,North of River,Metro,157.4,36.5,39.0
2022-01-27,Ampol Foodary East Perth,Ampol,ULP,190.9,157 Lord St,PERTH,6000,North of River,Metro,157.6,33.30000000000001,-3.0
2022-01-28,Ampol Foodary East Perth,Ampol,ULP,187.9,157 Lord St,PERTH,6000,North of River,Metro,158.5,29.400000000000006,-3.0
2022-01-29,Ampol Foodary East Perth,Ampol,ULP,183.9,157 Lord St,PERTH,6000,North of River,Metro,158.5,25.400000000000006,-4.0
2022-01-30,Ampol Foodary East Perth,Ampol,ULP,181.9,157 Lord St,PERTH,6000,North of River,Metro,158.5,23.400000000000006,-2.0
2022-01-31,Ampol Foodary East Perth,Ampol,ULP,179.9,157 Lord St,PERTH,6000,North of River,Metro,160.0,19.900000000000006,-2.0
2022-02-01,Ampol Foodary East Perth,Ampol,ULP,177.9,157 Lord St,PERTH,6000,North of River,Metro,162.1,15.800000000000011,-2.0
2022-02-02,Ampol Foodary East Perth,Ampol,ULP,174.9,157 Lord St,PERTH,6000,North of River,Metro,163.3,11.599999999999994,-3.0
2022-02-03,Ampol Foodary East Perth,Ampol,ULP,169.9,157 Lord St,PERTH,6000,North of River,Metro,164.1,5.800000000000011,-5.0
2022-02-04,Ampol Foodary East Perth,Ampol,ULP,170.9,157 Lord St,PERTH,6000,North of River,Metro,164.7,6.200000000000017,1.0
2022-02-05,Ampol Foodary East Perth,Ampol,ULP,166.9,157 Lord St,PERTH,6000,North of River,Metro,164.7,2.200000000000017,-4.0
2022-02-06,Ampol Foodary East Perth,Ampol,ULP,165.9,157 Lord St,PERTH,6000,North of River,Metro,164.7,1.200000000000017,-1.0
2022-02-07,Ampol Foodary East Perth,Ampol,ULP,164.9,157 Lord St,PERTH,6000,North of River,Metro,165.3,-0.4000000000000057,-1.0
2022-02-08,Ampol Foodary East Perth,Ampol,ULP,163.9,157 Lord St,PERTH,6000,North of River,Metro,166.1,-2.1999999999999886,-1.0
2022-02-09,Ampol Foodary East Perth,Ampol,ULP,199.9,157 Lord St,PERTH,6000,North of River,Metro,166.5,33.400000000000006,36.0
2022-02-10,Ampol Foodary East Perth,Ampol,ULP,196.9,157 Lord St,PERTH,6000,North of River,Metro,166.6,30.30000000000001,-3.0
2022-02-11,Ampol Foodary East Perth,Ampol,ULP,193.9,157 Lord St,PERTH,6000,North of River,Metro,166.8,27.099999999999994,-3.0
2022-02-12,Ampol Foodary East Perth,Ampol,ULP,190.9,157 Lord St,PERTH,6000,North of River,Metro,166.8,24.099999999999994,-3.0
2022-02-13,Ampol Foodary East Perth,Ampol,ULP,187.9,157 Lord St,PERTH,6000,North of River,Metro,166.8,21.099999999999994,-3.0
2022-02-14,Ampol Foodary East Perth,Ampol,ULP,184.9,157 Lord St,PERTH,6000,North of River,Metro,167.2,17.700000000000017,-3.0
2022-02-15,Ampol Foodary East Perth,Ampol,ULP,181.9,157 Lord St,PERTH,6000,North of River,Metro,167.8,14.099999999999994,-3.0
2022-02-16,Ampol Foodary East Perth,Ampol,ULP,176.9,157 Lord St,PERTH,6000,North of River,Metro,168.7,8.200000000000017,-5.0
2022-02-17,Ampol Foodary East Perth,Ampol,ULP,176.9,157 Lord St,PERTH,6000,North of River,Metro,169.6,7.300000000000011,0.0
2022-02-18,Ampol Foodary East Perth,Ampol,ULP,174.9,157 Lord St,PERTH,6000,North of River,Metro,170.2,4.700000000000017,-2.0
2022-02-19,Ampol Foodary East Perth,Ampol,ULP,172.9,157 Lord St,PERTH,6000,North of River,Metro,170.2,2.700000000000017,-2.0
2022-02-20,Ampol Foodary East Perth,Ampol,ULP,171.9,157 Lord St,PERTH,6000,North of River,Metro,170.2,1.700000000000017,-1.0
2022-02-21,Ampol Foodary East Perth,Ampol,ULP,171.9,157 Lord St,PERTH,6000,North of River,Metro,170.0,1.9000000000000057,0.0
2022-02-22,Ampol Foodary East Perth,Ampol,ULP,170.9,157 Lord St,PERTH,6000,North of River,Metro,169.8,1.0999999999999943,-1.0
2022-02-23,Ampol Foodary East Perth,Ampol,ULP,199.9,157 Lord St,PERTH,6000,North of River,Metro,169.4,30.5,29.0
2022-02-24,Ampol Foodary East Perth,Ampol,ULP,199.9,157 Lord St,PERTH,6000,North of River,Metro,169.6,30.30000000000001,0.0
2022-02-25,Ampol Foodary East Perth,Ampol,ULP,194.9,157 Lord St,PERTH,6000,North of River,Metro,169.6,25.30000000000001,-5.0
2022-02-26,Ampol Foodary East Perth,Ampol,ULP,191.9,157 Lord St,PERTH,6000,North of River,Metro,169.6,22.30000000000001,-3.0
2022-02-27,Ampol Foodary East Perth,Ampol,ULP,189.9,157 Lord St,PERTH,6000,North of River,Metro,169.6,20.30000000000001,-2.0
2022-02-28,Ampol Foodary East Perth,Ampol,ULP,189.9,157 Lord St,PERTH,6000,North of River,Metro,171.0,18.900000000000006,0.0
2022-03-01,Ampol Foodary East Perth,Ampol,ULP,179.9,157 Lord St,PERTH,6000,North of River,Metro,172.4,7.5,-10.0
2022-03-02,Ampol Foodary East Perth,Ampol,ULP,179.9,157 Lord St,PERTH,6000,North of River,Metro,173.3,6.599999999999994,0.0
2022-03-03,Ampol Foodary East Perth,Ampol,ULP,179.9,157 Lord St,PERTH,6000,North of River,Metro,174.4,5.5,0.0
2022-03-04,Ampol Foodary East Perth,Ampol,ULP,185.9,157 Lord St,PERTH,6000,North of River,Metro,177.7,8.200000000000017,6.0
2022-03-05,Ampol Foodary East Perth,Ampol,ULP,181.9,157 Lord St,PERTH,6000,North of River,Metro,177.7,4.200000000000017,-4.0
2022-03-06,Ampol Foodary East Perth,Ampol,ULP,182.9,157 Lord St,PERTH,6000,North of River,Metro,177.7,5.200000000000017,1.0
2022-03-07,Ampol Foodary East Perth,Ampol,ULP,178.9,157 Lord St,PERTH,6000,North of River,Metro,178.8,0.09999999999999432,-4.0
2022-03-08,Ampol Foodary East Perth,Ampol,ULP,179.9,157 Lord St,PERTH,6000,North of River,Metro,183.5,-3.5999999999999943,1.0
2022-03-09,Ampol Foodary East Perth,Ampol,ULP,221.9,157 Lord St,PERTH,6000,North of River,Metro,187.0,34.900000000000006,42.0
2022-03-10,Ampol Foodary East Perth,Ampol,ULP,219.9,157 Lord St,PERTH,6000,North of River,Metro,192.0,27.900000000000006,-2.0
2022-03-11,Ampol Foodary East Perth,Ampol,ULP,218.9,157 Lord St,PERTH,6000,North of River,Metro,196.4,22.5,-1.0
2022-03-12,Ampol Foodary East Perth,Ampol,ULP,215.9,157 Lord St,PERTH,6000,North of River,Metro,196.4,19.5,-3.0
2022-03-13,Ampol Foodary East Perth,Ampol,ULP,213.9,157 Lord St,PERTH,6000,North of River,Metro,196.4,17.5,-2.0
2022-03-14,Ampol Foodary East Perth,Ampol,ULP,209.9,157 Lord St,PERTH,6000,North of River,Metro,198.0,11.900000000000006,-4.0
2022-03-15,Ampol Foodary East Perth,Ampol,ULP,209.9,157 Lord St,PERTH,6000,North of River,Metro,197.8,12.099999999999994,0.0
2022-03-16,Ampol Foodary East Perth,Ampol,ULP,204.9,157 Lord St,PERTH,6000,North of River,Metro,195.8,9.099999999999994,-5.0
2022-03-17,Ampol Foodary East Perth,Ampol,ULP,204.9,157 Lord St,PERTH,6000,North of River,Metro,193.5,11.400000000000006,0.0
2022-03-18,Ampol Foodary East Perth,Ampol,ULP,202.9,157 Lord St,PERTH,6000,North of River,Metro,188.0,14.900000000000006,-2.0
2022-03-19,Ampol Foodary East Perth,Ampol,ULP,199.9,157 Lord St,PERTH,6000,North of River,Metro,188.0,11.900000000000006,-3.0
2022-03-20,Ampol Foodary East Perth,Ampol,ULP,196.9,157 Lord St,PERTH,6000,North of River,Metro,188.0,8.900000000000006,-3.0
2022-03-21,Ampol Foodary East Perth,Ampol,ULP,193.9,157 Lord St,PERTH,6000,North of River,Metro,186.7,7.200000000000017,-3.0
2022-03-22,Ampol Foodary East Perth,Ampol,ULP,191.9,157 Lord St,PERTH,6000,North of River,Metro,185.1,6.800000000000011,-2.0
2022-03-23,Ampol Foodary East Perth,Ampol,ULP,219.9,157 Lord St,PERTH,6000,North of River,Metro,185.1,34.80000000000001,28.0
2022-03-24,Ampol Foodary East Perth,Ampol,ULP,218.9,157 Lord St,PERTH,6000,North of River,Metro,186.3,32.599999999999994,-1.0
2022-03-25,Ampol Foodary East Perth,Ampol,ULP,214.9,157 Lord St,PERTH,6000,North of River,Metro,187.2,27.700000000000017,-4.0
2022-03-26,Ampol Foodary East Perth,Ampol,ULP,212.9,157 Lord St,PERTH,6000,North of River,Metro,187.2,25.700000000000017,-2.0
2022-03-27,Ampol Foodary East Perth,Ampol,ULP,207.9,157 Lord St,PERTH,6000,North of River,Metro,187.2,20.700000000000017,-5.0
2022-03-28,Ampol Foodary East Perth,Ampol,ULP,205.9,157 Lord St,PERTH,6000,North of River,Metro,188.2,17.700000000000017,-2.0
2022-03-29,Ampol Foodary East Perth,Ampol,ULP,202.9,157 Lord St,PERTH,6000,North of River,Metro,187.8,15.099999999999994,-3.0
2022-03-30,Ampol Foodary East Perth,Ampol,ULP,199.9,157 Lord St,PERTH,6000,North of River,Metro,174.9,25.0,-3.0
2022-03-31,Ampol Foodary East Perth,Ampol,ULP,189.9,157 Lord St,PERTH,6000,North of River,Metro,161.4,28.5,-10.0
2022-04-01,Ampol Foodary East Perth,Ampol,ULP,183.9,157 Lord St,PERTH,6000,North of River,Metro,160.0,23.900000000000006,-6.0
2022-04-02,Ampol Foodary East Perth,Ampol,ULP,179.9,157 Lord St,PERTH,6000,North of River,Metro,160.0,19.900000000000006,-4.0
2022-04-03,Ampol Foodary East Perth,Ampol,ULP,174.9,157 Lord St,PERTH,6000,North of River,Metro,160.0,14.900000000000006,-5.0
2022-04-04,Ampol Foodary East Perth,Ampol,ULP,169.9,157 Lord St,PERTH,6000,North of River,Metro,158.7,11.200000000000017,-5.0
2022-04-05,Ampol Foodary East Perth,Ampol,ULP,162.9,157 Lord St,PERTH,6000,North of River,Metro,156.9,6.0,-7.0
2022-04-06,Ampol Foodary East Perth,Ampol,ULP,191.9,157 Lord St,PERTH,6000,North of River,Metro,155.8,36.099999999999994,29.0
2022-04-07,Ampol Foodary East Perth,Ampol,ULP,187.9,157 Lord St,PERTH,6000,North of River,Metro,155.2,32.70000000000002,-4.0
2022-04-08,Ampol Foodary East Perth,Ampol,ULP,177.9,157 Lord St,PERTH,6000,North of River,Metro,154.6,23.30000000000001,-10.0
2022-04-09,Ampol Foodary East Perth,Ampol,ULP,173.9,157 Lord St,PERTH,6000,North of River,Metro,154.6,19.30000000000001,-4.0
2022-04-10,Ampol Foodary East Perth,Ampol,ULP,170.9,157 Lord St,PERTH,6000,North of River,Metro,154.6,16.30000000000001,-3.0
2022-04-11,Ampol Foodary East Perth,Ampol,ULP,169.9,157 Lord St,PERTH,6000,North of River,Metro,153.6,16.30000000000001,-1.0
2022-04-12,Ampol Foodary East Perth,Ampol,ULP,165.9,157 Lord St,PERTH,6000,North of River,Metro,153.3,12.599999999999994,-4.0
2022-04-13,Ampol Foodary East Perth,Ampol,ULP,163.9,157 Lord St,PERTH,6000,North of River,Metro,152.8,11.099999999999994,-2.0
2022-04-14,Ampol Foodary East Perth,Ampol,ULP,163.9,157 Lord St,PERTH,6000,North of River,Metro,152.3,11.599999999999994,0.0
2022-04-15,Ampol Foodary East Perth,Ampol,ULP,151.9,157 Lord St,PERTH,6000,North of River,Metro,152.3,-0.4000000000000057,-12.0
2022-04-16,Ampol Foodary East Perth,Ampol,ULP,151.9,157 Lord St,PERTH,6000,North of River,Metro,152.3,-0.4000000000000057,0.0
2022-04-17,Ampol Foodary East Perth,Ampol,ULP,150.9,157 Lord St,PERTH,6000,North of River,Metro,152.3,-1.4000000000000057,-1.0
2022-04-18,Ampol Foodary East Perth,Ampol,ULP,151.9,157 Lord St,PERTH,6000,North of River,Metro,152.7,-0.799999999999983,1.0
2022-04-19,Ampol Foodary East Perth,Ampol,ULP,151.9,157 Lord St,PERTH,6000,North of River,Metro,154.3,-2.4000000000000057,0.0
2022-04-20,Ampol Foodary East Perth,Ampol,ULP,189.9,157 Lord St,PERTH,6000,North of River,Metro,157.5,32.400000000000006,38.0
2022-04-21,Ampol Foodary East Perth,Ampol,ULP,186.9,157 Lord St,PERTH,6000,North of River,Metro,159.9,27.0,-3.0
2022-04-22,Ampol Foodary East Perth,Ampol,ULP,177.9,157 Lord St,PERTH,6000,North of River,Metro,161.4,16.5,-9.0
2022-04-23,Ampol Foodary East Perth,Ampol,ULP,173.9,157 Lord St,PERTH,6000,North of River,Metro,161.4,12.5,-4.0
2022-04-24,Ampol Foodary East Perth,Ampol,ULP,171.9,157 Lord St,PERTH,6000,North of River,Metro,161.4,10.5,-2.0
2022-04-25,Ampol Foodary East Perth,Ampol,ULP,169.9,157 Lord St,PERTH,6000,North of River,Metro,162.0,7.900000000000006,-2.0
2022-04-26,Ampol Foodary East Perth,Ampol,ULP,167.9,157 Lord St,PERTH,6000,North of River,Metro,162.2,5.700000000000017,-2.0
2022-04-27,Ampol Foodary East Perth,Ampol,ULP,161.9,157 Lord St,PERTH,6000,North of River,Metro,162.2,-0.29999999999998295,-6.0
2022-04-28,Ampol Foodary East Perth,Ampol,ULP,161.9,157 Lord St,PERTH,6000,North of River,Metro,162.7,-0.799999999999983,0.0
2022-04-29,Ampol Foodary East Perth,Ampol,ULP,161.9,157 Lord St,PERTH,6000,North of River,Metro,164.0,-2.0999999999999943,0.0
2022-04-30,Ampol Foodary East Perth,Ampol,ULP,161.9,157 Lord St,PERTH,6000,North of River,Metro,164.0,-2.0999999999999943,0.0
2022-05-01,Ampol Foodary East Perth,Ampol,ULP,161.9,157 Lord St,PERTH,6000,North of River,Metro,164.0,-2.0999999999999943,0.0
2022-05-02,Ampol Foodary East Perth,Ampol,ULP,161.9,157 Lord St,PERTH,6000,North of River,Metro,165.2,-3.299999999999983,0.0
2022-05-03,Ampol Foodary East Perth,Ampol,ULP,163.9,157 Lord St,PERTH,6000,North of River,Metro,166.8,-2.9000000000000057,2.0
2022-05-04,Ampol Foodary East Perth,Ampol,ULP,199.9,157 Lord St,PERTH,6000,North of River,Metro,167.2,32.70000000000002,36.0
2022-05-05,Ampol Foodary East Perth,Ampol,ULP,195.9,157 Lord St,PERTH,6000,North of River,Metro,169.9,26.0,-4.0
2022-05-06,Ampol Foodary East Perth,Ampol,ULP,189.9,157 Lord St,PERTH,6000,North of River,Metro,173.3,16.599999999999994,-6.0
2022-05-07,Ampol Foodary East Perth,Ampol,ULP,187.9,157 Lord St,PERTH,6000,North of River,Metro,173.3,14.599999999999994,-2.0
2022-05-08,Ampol Foodary East Perth,Ampol,ULP,185.9,157 Lord St,PERTH,6000,North of River,Metro,173.3,12.599999999999994,-2.0
2022-05-09,Ampol Foodary East Perth,Ampol,ULP,183.9,157 Lord St,PERTH,6000,North of River,Metro,175.1,8.800000000000011,-2.0
2022-05-10,Ampol Foodary East Perth,Ampol,ULP,177.9,157 Lord St,PERTH,6000,North of River,Metro,177.3,0.5999999999999943,-6.0
2022-05-11,Ampol Foodary East Perth,Ampol,ULP,177.9,157 Lord St,PERTH,6000,North of River,Metro,178.4,-0.5,0.0
2022-05-12,Ampol Foodary East Perth,Ampol,ULP,177.9,157 Lord St,PERTH,6000,North of River,Metro,178.8,-0.9000000000000057,0.0
2022-05-13,Ampol Foodary East Perth,Ampol,ULP,175.9,157 Lord St,PERTH,6000,North of River,Metro,178.9,-3.0,-2.0
2022-05-14,Ampol Foodary East Perth,Ampol,ULP,177.9,157 Lord St,PERTH,6000,North of River,Metro,178.9,-1.0,2.0
2022-05-15,Ampol Foodary East Perth,Ampol,ULP,177.9,157 Lord St,PERTH,6000,North of River,Metro,178.9,-1.0,0.0
2022-05-16,Ampol Foodary East Perth,Ampol,ULP,175.9,157 Lord St,PERTH,6000,North of River,Metro,179.4,-3.5,-2.0
2022-05-17,Ampol Foodary East Perth,Ampol,ULP,175.9,157 Lord St,PERTH,6000,North of River,Metro,180.2,-4.299999999999983,0.0
2022-05-18,Ampol Foodary East Perth,Ampol,ULP,215.9,157 Lord St,PERTH,6000,North of River,Metro,181.2,34.70000000000002,40.0
2022-05-19,Ampol Foodary East Perth,Ampol,ULP,189.9,157 Lord St,PERTH,6000,North of River,Metro,184.0,5.900000000000006,-26.0
2022-05-20,Ampol Foodary East Perth,Ampol,ULP,189.9,157 Lord St,PERTH,6000,North of River,Metro,186.8,3.0999999999999943,0.0
2022-05-21,Ampol Foodary East Perth,Ampol,ULP,189.9,157 Lord St,PERTH,6000,North of River,Metro,186.8,3.0999999999999943,0.0
2022-05-22,Ampol Foodary East Perth,Ampol,ULP,189.9,157 Lord St,PERTH,6000,North of River,Metro,186.8,3.0999999999999943,0.0
2022-05-23,Ampol Foodary East Perth,Ampol,ULP,189.9,157 Lord St,PERTH,6000,North of River,Metro,188.6,1.3000000000000114,0.0
2022-05-24,Ampol Foodary East Perth,Ampol,ULP,189.9,157 Lord St,PERTH,6000,North of River,Metro,189.8,0.09999999999999432,0.0
2022-05-25,Ampol Foodary East Perth,Ampol,ULP,195.9,157 Lord St,PERTH,6000,North of River,Metro,189.8,6.099999999999994,6.0
2022-05-26,Ampol Foodary East Perth,Ampol,ULP,193.9,157 Lord St,PERTH,6000,North of River,Metro,188.7,5.200000000000017,-2.0
2022-05-27,Ampol Foodary East Perth,Ampol,ULP,193.9,157 Lord St,PERTH,6000,North of River,Metro,187.9,6.0,0.0
2022-05-28,Ampol Foodary East Perth,Ampol,ULP,189.9,157 Lord St,PERTH,6000,North of River,Metro,187.9,2.0,-4.0
2022-05-29,Ampol Foodary East Perth,Ampol,ULP,187.9,157 Lord St,PERTH,6000,North of River,Metro,187.9,0.0,-2.0
2022-05-30,Ampol Foodary East Perth,Ampol,ULP,187.9,157 Lord St,PERTH,6000,North of River,Metro,187.6,0.30000000000001137,0.0
2022-05-31,Ampol Foodary East Perth,Ampol,ULP,185.9,157 Lord St,PERTH,6000,North of River,Metro,187.5,-1.5999999999999943,-2.0
2022-06-01,Ampol Foodary East Perth,Ampol,ULP,219.9,157 Lord St,PERTH,6000,North of River,Metro,188.8,31.099999999999994,34.0
2022-06-02,Ampol Foodary East Perth,Ampol,ULP,217.9,157 Lord St,PERTH,6000,North of River,Metro,189.8,28.099999999999994,-2.0
2022-06-03,Ampol Foodary East Perth,Ampol,ULP,209.9,157 Lord St,PERTH,6000,North of River,Metro,189.9,20.0,-8.0
2022-06-04,Ampol Foodary East Perth,Ampol,ULP,207.9,157 Lord St,PERTH,6000,North of River,Metro,189.9,18.0,-2.0
2022-06-05,Ampol Foodary East Perth,Ampol,ULP,205.9,157 Lord St,PERTH,6000,North of River,Metro,189.9,16.0,-2.0
2022-06-06,Ampol Foodary East Perth,Ampol,ULP,201.9,157 Lord St,PERTH,6000,North of River,Metro,189.7,12.200000000000017,-4.0
2022-06-07,Ampol Foodary East Perth,Ampol,ULP,201.9,157 Lord St,PERTH,6000,North of River,Metro,189.2,12.700000000000017,0.0
2022-06-08,Ampol Foodary East Perth,Ampol,ULP,189.9,157 Lord St,PERTH,6000,North of River,Metro,189.2,0.700000000000017,-12.0
2022-06-09,Ampol Foodary East Perth,Ampol,ULP,191.9,157 Lord St,PERTH,6000,North of River,Metro,189.1,2.8000000000000114,2.0
2022-06-10,Ampol Foodary East Perth,Ampol,ULP,191.9,157 Lord St,PERTH,6000,North of River,Metro,189.5,2.4000000000000057,0.0
2022-06-11,Ampol Foodary East Perth,Ampol,ULP,189.9,157 Lord St,PERTH,6000,North of River,Metro,189.5,0.4000000000000057,-2.0
2022-06-12,Ampol Foodary East Perth,Ampol,ULP,189.9,157 Lord St,PERTH,6000,North of River,Metro,189.5,0.4000000000000057,0.0
2022-06-13,Ampol Foodary East Perth,Ampol,ULP,189.9,157 Lord St,PERTH,6000,North of River,Metro,190.5,-0.5999999999999943,0.0
2022-06-14,Ampol Foodary East Perth,Ampol,ULP,188.9,157 Lord St,PERTH,6000,North of River,Metro,192.7,-3.799999999999983,-1.0
2022-06-15,Ampol Foodary East Perth,Ampol,ULP,224.9,157 Lord St,PERTH,6000,North of River,Metro,193.8,31.099999999999994,36.0
2022-06-16,Ampol Foodary East Perth,Ampol,ULP,221.9,157 Lord St,PERTH,6000,North of River,Metro,195.9,26.0,-3.0
2022-06-17,Ampol Foodary East Perth,Ampol,ULP,217.9,157 Lord St,PERTH,6000,North of River,Metro,197.8,20.099999999999994,-4.0
2022-06-18,Ampol Foodary East Perth,Ampol,ULP,215.9,157 Lord St,PERTH,6000,North of River,Metro,197.8,18.099999999999994,-2.0
2022-06-19,Ampol Foodary East Perth,Ampol,ULP,209.9,157 Lord St,PERTH,6000,North of River,Metro,197.8,12.099999999999994,-6.0
2022-06-20,Ampol Foodary East Perth,Ampol,ULP,207.9,157 Lord St,PERTH,6000,North of River,Metro,198.6,9.300000000000011,-2.0
2022-06-21,Ampol Foodary East Perth,Ampol,ULP,203.9,157 Lord St,PERTH,6000,North of River,Metro,198.7,5.200000000000017,-4.0
2022-06-22,Ampol Foodary East Perth,Ampol,ULP,199.9,157 Lord St,PERTH,6000,North of River,Metro,198.8,1.0999999999999943,-4.0
2022-06-23,Ampol Foodary East Perth,Ampol,ULP,201.9,157 Lord St,PERTH,6000,North of River,Metro,199.1,2.8000000000000114,2.0
2022-06-24,Ampol Foodary East Perth,Ampol,ULP,203.9,157 Lord St,PERTH,6000,North of River,Metro,198.7,5.200000000000017,2.0
2022-06-25,Ampol Foodary East Perth,Ampol,ULP,199.9,157 Lord St,PERTH,6000,North of River,Metro,198.7,1.200000000000017,-4.0
2022-06-26,Ampol Foodary East Perth,Ampol,ULP,197.9,157 Lord St,PERTH,6000,North of River,Metro,198.7,-0.799999999999983,-2.0
2022-06-27,Ampol Foodary East Perth,Ampol,ULP,197.9,157 Lord St,PERTH,6000,North of River,Metro,197.9,0.0,0.0
2022-06-28,Ampol Foodary East Perth,Ampol,ULP,196.9,157 Lord St,PERTH,6000,North of River,Metro,198.3,-1.4000000000000057,-1.0
2022-06-29,Ampol Foodary East Perth,Ampol,ULP,235.9,157 Lord St,PERTH,6000,North of River,Metro,198.6,37.30000000000001,39.0
2022-06-30,Ampol Foodary East Perth,Ampol,ULP,232.9,157 Lord St,PERTH,6000,North of River,Metro,198.2,34.70000000000002,-3.0
2022-07-01,Ampol Foodary East Perth,Ampol,ULP,221.9,157 Lord St,PERTH,6000,North of River,Metro,198.6,23.30000000000001,-11.0
2022-07-02,Ampol Foodary East Perth,Ampol,ULP,219.9,157 Lord St,PERTH,6000,North of River,Metro,198.6,21.30000000000001,-2.0
2022-07-03,Ampol Foodary East Perth,Ampol,ULP,215.9,157 Lord St,PERTH,6000,North of River,Metro,198.6,17.30000000000001,-4.0
2022-07-04,Ampol Foodary East Perth,Ampol,ULP,213.9,157 Lord St,PERTH,6000,North of River,Metro,197.8,16.099999999999994,-2.0
2022-07-05,Ampol Foodary East Perth,Ampol,ULP,209.9,157 Lord St,PERTH,6000,North of River,Metro,196.3,13.599999999999994,-4.0
2022-07-06,Ampol Foodary East Perth,Ampol,ULP,207.9,157 Lord St,PERTH,6000,North of River,Metro,195.3,12.599999999999994,-2.0
2022-07-07,Ampol Foodary East Perth,Ampol,ULP,203.9,157 Lord St,PERTH,6000,North of River,Metro,193.0,10.900000000000006,-4.0
2022-07-08,Ampol Foodary East Perth,Ampol,ULP,201.9,157 Lord St,PERTH,6000,North of River,Metro,189.8,12.099999999999994,-2.0
2022-07-09,Ampol Foodary East Perth,Ampol,ULP,195.9,157 Lord St,PERTH,6000,North of River,Metro,189.8,6.099999999999994,-6.0
2022-07-10,Ampol Foodary East Perth,Ampol,ULP,193.9,157 Lord St,PERTH,6000,North of River,Metro,189.8,4.099999999999994,-2.0
2022-07-11,Ampol Foodary East Perth,Ampol,ULP,193.9,157 Lord St,PERTH,6000,North of River,Metro,183.6,10.300000000000011,0.0
2022-07-12,Ampol Foodary East Perth,Ampol,ULP,186.9,157 Lord St,PERTH,6000,North of River,Metro,180.5,6.400000000000006,-7.0
2022-07-13,Ampol Foodary East Perth,Ampol,ULP,219.9,157 Lord St,PERTH,6000,North of River,Metro,177.1,42.80000000000001,33.0
2022-07-14,Ampol Foodary East Perth,Ampol,ULP,213.9,157 Lord St,PERTH,6000,North of River,Metro,172.5,41.400000000000006,-6.0
2022-07-15,Ampol Foodary East Perth,Ampol,ULP,209.9,157 Lord St,PERTH,6000,North of River,Metro,169.7,40.20000000000002,-4.0
2022-07-16,Ampol Foodary East Perth,Ampol,ULP,199.9,157 Lord St,PERTH,6000,North of River,Metro,169.7,30.200000000000017,-10.0
2022-07-17,Ampol Foodary East Perth,Ampol,ULP,187.9,157 Lord St,PERTH,6000,North of River,Metro,169.7,18.200000000000017,-12.0
2022-07-18,Ampol Foodary East Perth,Ampol,ULP,185.9,157 Lord St,PERTH,6000,North of River,Metro,166.0,19.900000000000006,-2.0
2022-07-19,Ampol Foodary East Perth,Ampol,ULP,178.9,157 Lord St,PERTH,6000,North of River,Metro,163.3,15.599999999999994,-7.0
2022-07-20,Ampol Foodary East Perth,Ampol,ULP,169.9,157 Lord St,PERTH,6000,North of River,Metro,162.4,7.5,-9.0
2022-07-21,Ampol Foodary East Perth,Ampol,ULP,171.9,157 Lord St,PERTH,6000,North of River,Metro,161.2,10.700000000000017,2.0
2022-07-22,Ampol Foodary East Perth,Ampol,ULP,169.9,157 Lord St,PERTH,6000,North of River,Metro,160.7,9.200000000000017,-2.0
2022-07-23,Ampol Foodary East Perth,Ampol,ULP,167.9,157 Lord St,PERTH,6000,North of River,Metro,160.7,7.200000000000017,-2.0
2022-07-24,Ampol Foodary East Perth,Ampol,ULP,163.9,157 Lord St,PERTH,6000,North of River,Metro,160.7,3.200000000000017,-4.0
2022-07-25,Ampol Foodary East Perth,Ampol,ULP,163.9,157 Lord St,PERTH,6000,North of River,Metro,159.2,4.700000000000017,0.0
2022-07-26,Ampol Foodary East Perth,Ampol,ULP,161.9,157 Lord St,PERTH,6000,North of River,Metro,157.9,4.0,-2.0
2022-07-27,Ampol Foodary East Perth,Ampol,ULP,199.9,157 Lord St,PERTH,6000,North of River,Metro,156.2,43.70000000000002,38.0
2022-07-28,Ampol Foodary East Perth,Ampol,ULP,191.9,157 Lord St,PERTH,6000,North of River,Metro,156.2,35.70000000000002,-8.0
2022-07-29,Ampol Foodary East Perth,Ampol,ULP,189.9,157 Lord St,PERTH,6000,North of River,Metro,156.0,33.900000000000006,-2.0
2022-07-30,Ampol Foodary East Perth,Ampol,ULP,179.9,157 Lord St,PERTH,6000,North of River,Metro,156.0,23.900000000000006,-10.0
2022-07-31,Ampol Foodary East Perth,Ampol,ULP,175.9,157 Lord St,PERTH,6000,North of River,Metro,156.0,19.900000000000006,-4.0
2022-08-01,Ampol Foodary East Perth,Ampol,ULP,167.9,157 Lord St,PERTH,6000,North of River,Metro,156.9,11.0,-8.0
2022-08-02,Ampol Foodary East Perth,Ampol,ULP,161.9,157 Lord St,PERTH,6000,North of River,Metro,159.2,2.700000000000017,-6.0
2022-08-03,Ampol Foodary East Perth,Ampol,ULP,163.9,157 Lord St,PERTH,6000,North of River,Metro,160.2,3.700000000000017,2.0
2022-08-04,Ampol Foodary East Perth,Ampol,ULP,163.9,157 Lord St,PERTH,6000,North of River,Metro,159.3,4.599999999999994,0.0
2022-08-05,Ampol Foodary East Perth,Ampol,ULP,161.9,157 Lord St,PERTH,6000,North of River,Metro,158.7,3.200000000000017,-2.0
2022-08-06,Ampol Foodary East Perth,Ampol,ULP,161.9,157 Lord St,PERTH,6000,North of River,Metro,158.7,3.200000000000017,0.0
2022-08-07,Ampol Foodary East Perth,Ampol,ULP,161.9,157 Lord St,PERTH,6000,North of River,Metro,158.7,3.200000000000017,0.0
2022-08-08,Ampol Foodary East Perth,Ampol,ULP,160.9,157 Lord St,PERTH,6000,North of River,Metro,157.6,3.3000000000000114,-1.0
2022-08-09,Ampol Foodary East Perth,Ampol,ULP,159.9,157 Lord St,PERTH,6000,North of River,Metro,155.0,4.900000000000006,-1.0
2022-08-10,Ampol Foodary East Perth,Ampol,ULP,195.9,157 Lord St,PERTH,6000,North of River,Metro,153.1,42.80000000000001,36.0
2022-08-11,Ampol Foodary East Perth,Ampol,ULP,189.9,157 Lord St,PERTH,6000,North of River,Metro,152.1,37.80000000000001,-6.0
2022-08-12,Ampol Foodary East Perth,Ampol,ULP,185.9,157 Lord St,PERTH,6000,North of River,Metro,150.4,35.5,-4.0
2022-08-13,Ampol Foodary East Perth,Ampol,ULP,183.9,157 Lord St,PERTH,6000,North of River,Metro,150.4,33.5,-2.0
2022-08-14,Ampol Foodary East Perth,Ampol,ULP,181.9,157 Lord St,PERTH,6000,North of River,Metro,150.4,31.5,-2.0
2022-08-15,Ampol Foodary East Perth,Ampol,ULP,179.9,157 Lord St,PERTH,6000,North of River,Metro,150.2,29.700000000000017,-2.0
2022-08-16,Ampol Foodary East Perth,Ampol,ULP,176.9,157 Lord St,PERTH,6000,North of River,Metro,151.3,25.599999999999994,-3.0
2022-08-17,Ampol Foodary East Perth,Ampol,ULP,175.9,157 Lord St,PERTH,6000,North of River,Metro,151.3,24.599999999999994,-1.0
2022-08-18,Ampol Foodary East Perth,Ampol,ULP,173.9,157 Lord St,PERTH,6000,North of River,Metro,151.1,22.80000000000001,-2.0
2022-08-19,Ampol Foodary East Perth,Ampol,ULP,165.9,157 Lord St,PERTH,6000,North of River,Metro,151.3,14.599999999999994,-8.0
2022-08-20,Ampol Foodary East Perth,Ampol,ULP,155.9,157 Lord St,PERTH,6000,North of River,Metro,151.3,4.599999999999994,-10.0
2022-08-21,Ampol Foodary East Perth,Ampol,ULP,155.9,157 Lord St,PERTH,6000,North of River,Metro,151.3,4.599999999999994,0.0
2022-08-22,Ampol Foodary East Perth,Ampol,ULP,153.9,157 Lord St,PERTH,6000,North of River,Metro,151.9,2.0,-2.0
2022-08-23,Ampol Foodary East Perth,Ampol,ULP,149.9,157 Lord St,PERTH,6000,North of River,Metro,152.5,-2.5999999999999943,-4.0
2022-08-24,Ampol Foodary East Perth,Ampol,ULP,155.9,157 Lord St,PERTH,6000,North of River,Metro,153.5,2.4000000000000057,6.0
2022-08-25,Ampol Foodary East Perth,Ampol,ULP,187.9,157 Lord St,PERTH,6000,North of River,Metro,154.8,33.099999999999994,32.0
2022-08-26,Ampol Foodary East Perth,Ampol,ULP,185.9,157 Lord St,PERTH,6000,North of River,Metro,156.2,29.700000000000017,-2.0
2022-08-27,Ampol Foodary East Perth,Ampol,ULP,175.9,157 Lord St,PERTH,6000,North of River,Metro,156.2,19.700000000000017,-10.0
2022-08-28,Ampol Foodary East Perth,Ampol,ULP,173.9,157 Lord St,PERTH,6000,North of River,Metro,156.2,17.700000000000017,-2.0
2022-08-29,Ampol Foodary East Perth,Ampol,ULP,171.9,157 Lord St,PERTH,6000,North of River,Metro,156.8,15.099999999999994,-2.0
2022-08-30,Ampol Foodary East Perth,Ampol,ULP,165.9,157 Lord St,PERTH,6000,North of River,Metro,156.8,9.099999999999994,-6.0
2022-08-31,Ampol Foodary East Perth,Ampol,ULP,163.9,157 Lord St,PERTH,6000,North of River,Metro,156.7,7.200000000000017,-2.0
2022-09-01,Ampol Foodary East Perth,Ampol,ULP,171.9,157 Lord St,PERTH,6000,North of River,Metro,156.2,15.700000000000017,8.0
2022-09-02,Ampol Foodary East Perth,Ampol,ULP,163.9,157 Lord St,PERTH,6000,North of River,Metro,153.9,10.0,-8.0
2022-09-03,Ampol Foodary East Perth,Ampol,ULP,161.9,157 Lord St,PERTH,6000,North of River,Metro,153.9,8.0,-2.0
2022-09-04,Ampol Foodary East Perth,Ampol,ULP,157.9,157 Lord St,PERTH,6000,North of River,Metro,153.9,4.0,-4.0
2022-09-05,Ampol Foodary East Perth,Ampol,ULP,153.9,157 Lord St,PERTH,6000,North of River,Metro,150.8,3.0999999999999943,-4.0
2022-09-06,Ampol Foodary East Perth,Ampol,ULP,151.9,157 Lord St,PERTH,6000,North of River,Metro,149.7,2.200000000000017,-2.0
2022-09-07,Ampol Foodary East Perth,Ampol,ULP,189.9,157 Lord St,PERTH,6000,North of River,Metro,149.0,40.900000000000006,38.0
2022-09-08,Ampol Foodary East Perth,Ampol,ULP,151.9,157 Lord St,PERTH,6000,North of River,Metro,148.5,3.4000000000000057,-38.0
2022-09-09,Ampol Foodary East Perth,Ampol,ULP,183.9,157 Lord St,PERTH,6000,North of River,Metro,149.2,34.70000000000002,32.0
2022-09-10,Ampol Foodary East Perth,Ampol,ULP,175.9,157 Lord St,PERTH,6000,North of River,Metro,149.2,26.700000000000017,-8.0
2022-09-11,Ampol Foodary East Perth,Ampol,ULP,173.9,157 Lord St,PERTH,6000,North of River,Metro,149.2,24.700000000000017,-2.0
2022-09-12,Ampol Foodary East Perth,Ampol,ULP,178.9,157 Lord St,PERTH,6000,North of River,Metro,149.2,29.700000000000017,5.0
2022-09-13,Ampol Foodary East Perth,Ampol,ULP,175.9,157 Lord St,PERTH,6000,North of River,Metro,149.4,26.5,-3.0
2022-09-14,Ampol Foodary East Perth,Ampol,ULP,149.9,157 Lord St,PERTH,6000,North of River,Metro,150.0,-0.09999999999999432,-26.0
2022-09-15,Ampol Foodary East Perth,Ampol,ULP,165.9,157 Lord St,PERTH,6000,North of River,Metro,150.1,15.800000000000011,16.0
2022-09-16,Ampol Foodary East Perth,Ampol,ULP,159.9,157 Lord St,PERTH,6000,North of River,Metro,150.0,9.900000000000006,-6.0
2022-09-17,Ampol Foodary East Perth,Ampol,ULP,159.9,157 Lord St,PERTH,6000,North of River,Metro,150.0,9.900000000000006,0.0
2022-09-18,Ampol Foodary East Perth,Ampol,ULP,157.9,157 Lord St,PERTH,6000,North of River,Metro,150.0,7.900000000000006,-2.0
2022-09-19,Ampol Foodary East Perth,Ampol,ULP,157.9,157 Lord St,PERTH,6000,North of River,Metro,150.3,7.599999999999994,0.0
2022-09-20,Ampol Foodary East Perth,Ampol,ULP,149.9,157 Lord St,PERTH,6000,North of River,Metro,148.6,1.3000000000000114,-8.0
2022-09-21,Ampol Foodary East Perth,Ampol,ULP,189.9,157 Lord St,PERTH,6000,North of River,Metro,146.8,43.099999999999994,40.0
2022-09-22,Ampol Foodary East Perth,Ampol,ULP,149.9,157 Lord St,PERTH,6000,North of River,Metro,145.8,4.099999999999994,-40.0
2022-09-23,Ampol Foodary East Perth,Ampol,ULP,167.9,157 Lord St,PERTH,6000,North of River,Metro,145.2,22.700000000000017,18.0
2022-09-24,Ampol Foodary East Perth,Ampol,ULP,182.9,157 Lord St,PERTH,6000,North of River,Metro,145.2,37.70000000000002,15.0
2022-09-25,Ampol Foodary East Perth,Ampol,ULP,168.9,157 Lord St,PERTH,6000,North of River,Metro,145.2,23.700000000000017,-14.0
2022-09-26,Ampol Foodary East Perth,Ampol,ULP,146.9,157 Lord St,PERTH,6000,North of River,Metro,144.0,2.9000000000000057,-22.0
2022-09-27,Ampol Foodary East Perth,Ampol,ULP,159.9,157 Lord St,PERTH,6000,North of River,Metro,143.6,16.30000000000001,13.0
2022-09-28,Ampol Foodary East Perth,Ampol,ULP,159.9,157 Lord St,PERTH,6000,North of River,Metro,149.4,10.5,0.0
2022-09-29,Ampol Foodary East Perth,Ampol,ULP,159.9,157 Lord St,PERTH,6000,North of River,Metro,168.0,-8.099999999999994,0.0
2022-09-30,Ampol Foodary East Perth,Ampol,ULP,159.9,157 Lord St,PERTH,6000,North of River,Metro,168.0,-8.099999999999994,0.0
2022-10-01,Ampol Foodary East Perth,Ampol,ULP,159.9,157 Lord St,PERTH,6000,North of River,Metro,168.0,-8.099999999999994,0.0
2022-10-02,Ampol Foodary East Perth,Ampol,ULP,159.9,157 Lord St,PERTH,6000,North of River,Metro,168.0,-8.099999999999994,0.0
2022-10-03,Ampol Foodary East Perth,Ampol,ULP,160.9,157 Lord St,PERTH,6000,North of River,Metro,167.2,-6.299999999999983,1.0
2022-10-04,Ampol Foodary East Perth,Ampol,ULP,161.9,157 Lord St,PERTH,6000,North of River,Metro,167.8,-5.900000000000006,1.0
2022-10-05,Ampol Foodary East Perth,Ampol,ULP,199.9,157 Lord St,PERTH,6000,North of River,Metro,168.4,31.5,38.0
2022-10-06,Ampol Foodary East Perth,Ampol,ULP,197.9,157 Lord St,PERTH,6000,North of River,Metro,168.2,29.700000000000017,-2.0
2022-10-07,Ampol Foodary East Perth,Ampol,ULP,195.9,157 Lord St,PERTH,6000,North of River,Metro,168.8,27.099999999999994,-2.0
2022-10-08,Ampol Foodary East Perth,Ampol,ULP,192.9,157 Lord St,PERTH,6000,North of River,Metro,168.8,24.099999999999994,-3.0
2022-10-09,Ampol Foodary East Perth,Ampol,ULP,190.9,157 Lord St,PERTH,6000,North of River,Metro,168.8,22.099999999999994,-2.0
2022-10-10,Ampol Foodary East Perth,Ampol,ULP,188.9,157 Lord St,PERTH,6000,North of River,Metro,169.2,19.700000000000017,-2.0
2022-10-11,Ampol Foodary East Perth,Ampol,ULP,185.9,157 Lord St,PERTH,6000,North of River,Metro,170.0,15.900000000000006,-3.0
2022-10-12,Ampol Foodary East Perth,Ampol,ULP,183.9,157 Lord St,PERTH,6000,North of River,Metro,171.0,12.900000000000006,-2.0
2022-10-13,Ampol Foodary East Perth,Ampol,ULP,180.9,157 Lord St,PERTH,6000,North of River,Metro,171.9,9.0,-3.0
2022-10-14,Ampol Foodary East Perth,Ampol,ULP,178.9,157 Lord St,PERTH,6000,North of River,Metro,173.1,5.800000000000011,-2.0
2022-10-15,Ampol Foodary East Perth,Ampol,ULP,176.9,157 Lord St,PERTH,6000,North of River,Metro,173.1,3.8000000000000114,-2.0
2022-10-16,Ampol Foodary East Perth,Ampol,ULP,175.9,157 Lord St,PERTH,6000,North of River,Metro,173.1,2.8000000000000114,-1.0
2022-10-17,Ampol Foodary East Perth,Ampol,ULP,174.9,157 Lord St,PERTH,6000,North of River,Metro,173.1,1.8000000000000114,-1.0
2022-10-18,Ampol Foodary East Perth,Ampol,ULP,173.9,157 Lord St,PERTH,6000,North of River,Metro,174.0,-0.09999999999999432,-1.0
2022-10-19,Ampol Foodary East Perth,Ampol,ULP,209.9,157 Lord St,PERTH,6000,North of River,Metro,174.0,35.900000000000006,36.0
2022-10-20,Ampol Foodary East Perth,Ampol,ULP,202.9,157 Lord St,PERTH,6000,North of River,Metro,173.8,29.099999999999994,-7.0
2022-10-21,Ampol Foodary East Perth,Ampol,ULP,202.9,157 Lord St,PERTH,6000,North of River,Metro,173.4,29.5,0.0
2022-10-22,Ampol Foodary East Perth,Ampol,ULP,199.9,157 Lord St,PERTH,6000,North of River,Metro,173.4,26.5,-3.0
2022-10-23,Ampol Foodary East Perth,Ampol,ULP,194.9,157 Lord St,PERTH,6000,North of River,Metro,173.4,21.5,-5.0
2022-10-24,Ampol Foodary East Perth,Ampol,ULP,184.9,157 Lord St,PERTH,6000,North of River,Metro,173.7,11.200000000000017,-10.0
2022-10-25,Ampol Foodary East Perth,Ampol,ULP,174.9,157 Lord St,PERTH,6000,North of River,Metro,173.9,1.0,-10.0
2022-10-26,Ampol Foodary East Perth,Ampol,ULP,209.9,157 Lord St,PERTH,6000,North of River,Metro,173.7,36.20000000000002,35.0
2022-10-27,Ampol Foodary East Perth,Ampol,ULP,189.9,157 Lord St,PERTH,6000,North of River,Metro,173.8,16.099999999999994,-20.0
2022-10-28,Ampol Foodary East Perth,Ampol,ULP,189.9,157 Lord St,PERTH,6000,North of River,Metro,173.6,16.30000000000001,0.0
2022-10-29,Ampol Foodary East Perth,Ampol,ULP,186.9,157 Lord St,PERTH,6000,North of River,Metro,173.6,13.300000000000011,-3.0
2022-10-30,Ampol Foodary East Perth,Ampol,ULP,184.9,157 Lord St,PERTH,6000,North of River,Metro,173.6,11.300000000000011,-2.0
2022-10-31,Ampol Foodary East Perth,Ampol,ULP,181.9,157 Lord St,PERTH,6000,North of River,Metro,172.7,9.200000000000017,-3.0
2022-11-01,Ampol Foodary East Perth,Ampol,ULP,175.9,157 Lord St,PERTH,6000,North of River,Metro,172.0,3.9000000000000057,-6.0
2022-11-02,Ampol Foodary East Perth,Ampol,ULP,208.9,157 Lord St,PERTH,6000,North of River,Metro,171.6,37.30000000000001,33.0
2022-11-03,Ampol Foodary East Perth,Ampol,ULP,199.9,157 Lord St,PERTH,6000,North of River,Metro,171.5,28.400000000000006,-9.0
2022-11-04,Ampol Foodary East Perth,Ampol,ULP,189.9,157 Lord St,PERTH,6000,North of River,Metro,172.0,17.900000000000006,-10.0
2022-11-05,Ampol Foodary East Perth,Ampol,ULP,179.9,157 Lord St,PERTH,6000,North of River,Metro,172.0,7.900000000000006,-10.0
2022-11-06,Ampol Foodary East Perth,Ampol,ULP,177.9,157 Lord St,PERTH,6000,North of River,Metro,172.0,5.900000000000006,-2.0
2022-11-07,Ampol Foodary East Perth,Ampol,ULP,175.9,157 Lord St,PERTH,6000,North of River,Metro,172.9,3.0,-2.0
2022-11-08,Ampol Foodary East Perth,Ampol,ULP,171.9,157 Lord St,PERTH,6000,North of River,Metro,175.2,-3.299999999999983,-4.0
2022-11-09,Ampol Foodary East Perth,Ampol,ULP,169.9,157 Lord St,PERTH,6000,North of River,Metro,177.6,-7.699999999999989,-2.0
2022-11-10,Ampol Foodary East Perth,Ampol,ULP,179.9,157 Lord St,PERTH,6000,North of River,Metro,179.0,0.9000000000000057,10.0
2022-11-11,Ampol Foodary East Perth,Ampol,ULP,181.9,157 Lord St,PERTH,6000,North of River,Metro,179.4,2.5,2.0
2022-11-12,Ampol Foodary East Perth,Ampol,ULP,181.9,157 Lord St,PERTH,6000,North of River,Metro,179.4,2.5,0.0
2022-11-13,Ampol Foodary East Perth,Ampol,ULP,181.9,157 Lord St,PERTH,6000,North of River,Metro,179.4,2.5,0.0
2022-11-14,Ampol Foodary East Perth,Ampol,ULP,181.9,157 Lord St,PERTH,6000,North of River,Metro,179.2,2.700000000000017,0.0
2022-11-15,Ampol Foodary East Perth,Ampol,ULP,177.9,157 Lord St,PERTH,6000,North of River,Metro,177.9,0.0,-4.0
2022-11-16,Ampol Foodary East Perth,Ampol,ULP,209.9,157 Lord St,PERTH,6000,North of River,Metro,177.1,32.80000000000001,32.0
2022-11-17,Ampol Foodary East Perth,Ampol,ULP,199.9,157 Lord St,PERTH,6000,North of River,Metro,175.5,24.400000000000006,-10.0
2022-11-18,Ampol Foodary East Perth,Ampol,ULP,179.9,157 Lord St,PERTH,6000,North of River,Metro,174.3,5.599999999999994,-20.0
2022-11-19,Ampol Foodary East Perth,Ampol,ULP,179.9,157 Lord St,PERTH,6000,North of River,Metro,174.3,5.599999999999994,0.0
2022-11-20,Ampol Foodary East Perth,Ampol,ULP,179.9,157 Lord St,PERTH,6000,North of River,Metro,174.3,5.599999999999994,0.0
2022-11-21,Ampol Foodary East Perth,Ampol,ULP,175.9,157 Lord St,PERTH,6000,North of River,Metro,173.4,2.5,-4.0
2022-11-22,Ampol Foodary East Perth,Ampol,ULP,171.9,157 Lord St,PERTH,6000,North of River,Metro,172.3,-0.4000000000000057,-4.0
2022-11-23,Ampol Foodary East Perth,Ampol,ULP,175.9,157 Lord St,PERTH,6000,North of River,Metro,171.4,4.5,4.0
2022-11-24,Ampol Foodary East Perth,Ampol,ULP,179.9,157 Lord St,PERTH,6000,North of River,Metro,170.9,9.0,4.0
2022-11-25,Ampol Foodary East Perth,Ampol,ULP,179.9,157 Lord St,PERTH,6000,North of River,Metro,170.4,9.5,0.0
2022-11-26,Ampol Foodary East Perth,Ampol,ULP,179.9,157 Lord St,PERTH,6000,North of River,Metro,170.4,9.5,0.0
2022-11-27,Ampol Foodary East Perth,Ampol,ULP,177.9,157 Lord St,PERTH,6000,North of River,Metro,170.4,7.5,-2.0
2022-11-28,Ampol Foodary East Perth,Ampol,ULP,175.9,157 Lord St,PERTH,6000,North of River,Metro,169.5,6.400000000000006,-2.0
2022-11-29,Ampol Foodary East Perth,Ampol,ULP,169.9,157 Lord St,PERTH,6000,North of River,Metro,168.7,1.200000000000017,-6.0
2022-11-30,Ampol Foodary East Perth,Ampol,ULP,199.9,157 Lord St,PERTH,6000,North of River,Metro,167.1,32.80000000000001,30.0
2022-12-01,Ampol Foodary East Perth,Ampol,ULP,179.9,157 Lord St,PERTH,6000,North of River,Metro,165.8,14.099999999999994,-20.0
2022-12-02,Ampol Foodary East Perth,Ampol,ULP,179.9,157 Lord St,PERTH,6000,North of River,Metro,164.4,15.5,0.0
2022-12-03,Ampol Foodary East Perth,Ampol,ULP,177.9,157 Lord St,PERTH,6000,North of River,Metro,164.4,13.5,-2.0
2022-12-04,Ampol Foodary East Perth,Ampol,ULP,172.9,157 Lord St,PERTH,6000,North of River,Metro,164.4,8.5,-5.0
2022-12-05,Ampol Foodary East Perth,Ampol,ULP,172.9,157 Lord St,PERTH,6000,North of River,Metro,163.6,9.300000000000011,0.0
2022-12-06,Ampol Foodary East Perth,Ampol,ULP,161.9,157 Lord St,PERTH,6000,North of River,Metro,162.8,-0.9000000000000057,-11.0
2022-12-07,Ampol Foodary East Perth,Ampol,ULP,189.9,157 Lord St,PERTH,6000,North of River,Metro,162.7,27.200000000000017,28.0
2022-12-08,Ampol Foodary East Perth,Ampol,ULP,177.9,157 Lord St,PERTH,6000,North of River,Metro,162.3,15.599999999999994,-12.0
2022-12-09,Ampol Foodary East Perth,Ampol,ULP,175.9,157 Lord St,PERTH,6000,North of River,Metro,161.8,14.099999999999994,-2.0
2022-12-10,Ampol Foodary East Perth,Ampol,ULP,169.9,157 Lord St,PERTH,6000,North of River,Metro,161.8,8.099999999999994,-6.0
2022-12-11,Ampol Foodary East Perth,Ampol,ULP,167.9,157 Lord St,PERTH,6000,North of River,Metro,161.8,6.099999999999994,-2.0
2022-12-12,Ampol Foodary East Perth,Ampol,ULP,167.9,157 Lord St,PERTH,6000,North of River,Metro,160.7,7.200000000000017,0.0
2022-12-13,Ampol Foodary East Perth,Ampol,ULP,157.9,157 Lord St,PERTH,6000,North of River,Metro,159.4,-1.5,-10.0
2022-12-14,Ampol Foodary East Perth,Ampol,ULP,189.9,157 Lord St,PERTH,6000,North of River,Metro,157.7,32.20000000000002,32.0
2022-12-15,Ampol Foodary East Perth,Ampol,ULP,179.9,157 Lord St,PERTH,6000,North of River,Metro,157.4,22.5,-10.0
2022-12-16,Ampol Foodary East Perth,Ampol,ULP,159.9,157 Lord St,PERTH,6000,North of River,Metro,157.3,2.5999999999999943,-20.0
2022-12-17,Ampol Foodary East Perth,Ampol,ULP,159.9,157 Lord St,PERTH,6000,North of River,Metro,157.3,2.5999999999999943,0.0
2022-12-18,Ampol Foodary East Perth,Ampol,ULP,159.9,157 Lord St,PERTH,6000,North of River,Metro,157.3,2.5999999999999943,0.0
2022-12-19,Ampol Foodary East Perth,Ampol,ULP,159.9,157 Lord St,PERTH,6000,North of River,Metro,157.5,2.4000000000000057,0.0
2022-12-20,Ampol Foodary East Perth,Ampol,ULP,155.9,157 Lord St,PERTH,6000,North of River,Metro,158.3,-2.4000000000000057,-4.0
2022-12-21,Ampol Foodary East Perth,Ampol,ULP,159.9,157 Lord St,PERTH,6000,North of River,Metro,158.8,1.0999999999999943,4.0
2022-12-22,Ampol Foodary East Perth,Ampol,ULP,159.9,157 Lord St,PERTH,6000,North of River,Metro,159.3,0.5999999999999943,0.0
2022-12-23,Ampol Foodary East Perth,Ampol,ULP,159.9,157 Lord St,PERTH,6000,North of River,Metro,159.6,0.30000000000001137,0.0
2022-12-24,Ampol Foodary East Perth,Ampol,ULP,159.9,157 Lord St,PERTH,6000,North of River,Metro,159.6,0.30000000000001137,0.0
2022-12-25,Ampol Foodary East Perth,Ampol,ULP,159.9,157 Lord St,PERTH,6000,North of River,Metro,159.6,0.30000000000001137,0.0
2022-12-26,Ampol Foodary East Perth,Ampol,ULP,159.9,157 Lord St,PERTH,6000,North of River,Metro,160.0,-0.09999999999999432,0.0
2022-12-27,Ampol Foodary East Perth,Ampol,ULP,159.9,157 Lord St,PERTH,6000,North of River,Metro,160.2,-0.29999999999998295,0.0
2022-12-28,Ampol Foodary East Perth,Ampol,ULP,189.9,157 Lord St,PERTH,6000,North of River,Metro,161.9,28.0,30.0
2022-12-29,Ampol Foodary East Perth,Ampol,ULP,159.9,157 Lord St,PERTH,6000,North of River,Metro,162.3,-2.4000000000000057,-30.0
2022-12-30,Ampol Foodary East Perth,Ampol,ULP,159.9,157 Lord St,PERTH,6000,North of River,Metro,164.1,-4.199999999999989,0.0
2022-12-31,Ampol Foodary East Perth,Ampol,ULP,164.9,157 Lord St,PERTH,6000,North of River,Metro,148.1,16.80000000000001,5.0
2022-01-01,Ampol Foodary Leederville,Ampol,ULP,173.9,319 Vincent St,LEEDERVILLE,6007,North of River,Metro,148.1,25.80000000000001,
2022-01-02,Ampol Foodary Leederville,Ampol,ULP,170.9,319 Vincent St,LEEDERVILLE,6007,North of River,Metro,148.1,22.80000000000001,-3.0
2022-01-03,Ampol Foodary Leederville,Ampol,ULP,167.9,319 Vincent St,LEEDERVILLE,6007,North of River,Metro,149.2,18.700000000000017,-3.0
2022-01-04,Ampol Foodary Leederville,Ampol,ULP,164.9,319 Vincent St,LEEDERVILLE,6007,North of River,Metro,149.4,15.5,-3.0
2022-01-05,Ampol Foodary Leederville,Ampol,ULP,161.9,319 Vincent St,LEEDERVILLE,6007,North of River,Metro,150.0,11.900000000000006,-3.0
2022-01-06,Ampol Foodary Leederville,Ampol,ULP,158.9,319 Vincent St,LEEDERVILLE,6007,North of River,Metro,150.4,8.5,-3.0
2022-01-07,Ampol Foodary Leederville,Ampol,ULP,155.9,319 Vincent St,LEEDERVILLE,6007,North of River,Metro,150.7,5.200000000000017,-3.0
2022-01-08,Ampol Foodary Leederville,Ampol,ULP,153.9,319 Vincent St,LEEDERVILLE,6007,North of River,Metro,150.7,3.200000000000017,-2.0
2022-01-09,Ampol Foodary Leederville,Ampol,ULP,151.9,319 Vincent St,LEEDERVILLE,6007,North of River,Metro,150.7,1.200000000000017,-2.0
2022-01-10,Ampol Foodary Leederville,Ampol,ULP,150.9,319 Vincent St,LEEDERVILLE,6007,North of River,Metro,151.0,-0.09999999999999432,-1.0
2022-01-11,Ampol Foodary Leederville,Ampol,ULP,149.9,319 Vincent St,LEEDERVILLE,6007,North of River,Metro,151.4,-1.5,-1.0
2022-01-12,Ampol Foodary Leederville,Ampol,ULP,189.9,319 Vincent St,LEEDERVILLE,6007,North of River,Metro,151.8,38.099999999999994,40.0
2022-01-13,Ampol Foodary Leederville,Ampol,ULP,186.9,319 Vincent St,LEEDERVILLE,6007,North of River,Metro,152.1,34.80000000000001,-3.0
2022-01-14,Ampol Foodary Leederville,Ampol,ULP,183.9,319 Vincent St,LEEDERVILLE,6007,North of River,Metro,152.6,31.30000000000001,-3.0
2022-01-15,Ampol Foodary Leederville,Ampol,ULP,179.9,319 Vincent St,LEEDERVILLE,6007,North of River,Metro,152.6,27.30000000000001,-4.0
2022-01-16,Ampol Foodary Leederville,Ampol,ULP,176.9,319 Vincent St,LEEDERVILLE,6007,North of River,Metro,152.6,24.30000000000001,-3.0
2022-01-17,Ampol Foodary Leederville,Ampol,ULP,172.9,319 Vincent St,LEEDERVILLE,6007,North of River,Metro,153.0,19.900000000000006,-4.0
2022-01-18,Ampol Foodary Leederville,Ampol,ULP,169.9,319 Vincent St,LEEDERVILLE,6007,North of River,Metro,153.4,16.5,-3.0
2022-01-19,Ampol Foodary Leederville,Ampol,ULP,166.9,319 Vincent St,LEEDERVILLE,6007,North of River,Metro,154.3,12.599999999999994,-3.0
2022-01-20,Ampol Foodary Leederville,Ampol,ULP,163.9,319 Vincent St,LEEDERVILLE,6007,North of River,Metro,155.0,8.900000000000006,-3.0
2022-01-21,Ampol Foodary Leederville,Ampol,ULP,160.9,319 Vincent St,LEEDERVILLE,6007,North of River,Metro,155.9,5.0,-3.0
2022-01-22,Ampol Foodary Leederville,Ampol,ULP,157.9,319 Vincent St,LEEDERVILLE,6007,North of River,Metro,155.9,2.0,-3.0
2022-01-23,Ampol Foodary Leederville,Ampol,ULP,156.9,319 Vincent St,LEEDERVILLE,6007,North of River,Metro,155.9,1.0,-1.0
2022-01-24,Ampol Foodary Leederville,Ampol,ULP,155.9,319 Vincent St,LEEDERVILLE,6007,North of River,Metro,156.7,-0.799999999999983,-1.0
2022-01-25,Ampol Foodary Leederville,Ampol,ULP,154.9,319 Vincent St,LEEDERVILLE,6007,North of River,Metro,157.0,-2.0999999999999943,-1.0
2022-01-26,Ampol Foodary Leederville,Ampol,ULP,193.9,319 Vincent St,LEEDERVILLE,6007,North of River,Metro,157.4,36.5,39.0
2022-01-27,Ampol Foodary Leederville,Ampol,ULP,190.9,319 Vincent St,LEEDERVILLE,6007,North of River,Metro,157.6,33.30000000000001,-3.0
2022-01-28,Ampol Foodary Leederville,Ampol,ULP,187.9,319 Vincent St,LEEDERVILLE,6007,North of River,Metro,158.5,29.400000000000006,-3.0
2022-01-29,Ampol Foodary Leederville,Ampol,ULP,185.9,319 Vincent St,LEEDERVILLE,6007,North of River,Metro,158.5,27.400000000000006,-2.0
2022-01-30,Ampol Foodary Leederville,Ampol,ULP,183.9,319 Vincent St,LEEDERVILLE,6007,North of River,Metro,158.5,25.400000000000006,-2.0
2022-01-31,Ampol Foodary Leederville,Ampol,ULP,179.9,319 Vincent St,LEEDERVILLE,6007,North of River,Metro,160.0,19.900000000000006,-4.0
2022-02-01,Ampol Foodary Leederville,Ampol,ULP,177.9,319 Vincent St,LEEDERVILLE,6007,North of River,Metro,162.1,15.800000000000011,-2.0
2022-02-02,Ampol Foodary Leederville,Ampol,ULP,174.9,319 Vincent St,LEEDERVILLE,6007,North of River,Metro,163.3,11.599999999999994,-3.0
2022-02-03,Ampol Foodary Leederville,Ampol,ULP,173.9,319 Vincent St,LEEDERVILLE,6007,North of River,Metro,164.1,9.800000000000011,-1.0
2022-02-04,Ampol Foodary Leederville,Ampol,ULP,170.9,319 Vincent St,LEEDERVILLE,6007,North of River,Metro,164.7,6.200000000000017,-3.0
2022-02-05,Ampol Foodary Leederville,Ampol,ULP,166.9,319 Vincent St,LEEDERVILLE,6007,North of River,Metro,164.7,2.200000000000017,-4.0
2022-02-06,Ampol Foodary Leederville,Ampol,ULP,165.9,319 Vincent St,LEEDERVILLE,6007,North of River,Metro,164.7,1.200000000000017,-1.0
2022-02-07,Ampol Foodary Leederville,Ampol,ULP,164.9,319 Vincent St,LEEDERVILLE,6007,North of River,Metro,165.3,-0.4000000000000057,-1.0
2022-02-08,Ampol Foodary Leederville,Ampol,ULP,163.9,319 Vincent St,LEEDERVILLE,6007,North of River,Metro,166.1,-2.1999999999999886,-1.0
2022-02-09,Ampol Foodary Leederville,Ampol,ULP,199.9,319 Vincent St,LEEDERVILLE,6007,North of River,Metro,166.5,33.400000000000006,36.0
2022-02-10,Ampol Foodary Leederville,Ampol,ULP,196.9,319 Vincent St,LEEDERVILLE,6007,North of River,Metro,166.6,30.30000000000001,-3.0
2022-02-11,Ampol Foodary Leederville,Ampol,ULP,193.9,319 Vincent St,LEEDERVILLE,6007,North of River,Metro,166.8,27.099999999999994,-3.0
2022-02-12,Ampol Foodary Leederville,Ampol,ULP,190.9,319 Vincent St,LEEDERVILLE,6007,North of River,Metro,166.8,24.099999999999994,-3.0
2022-02-13,Ampol Foodary Leederville,Ampol,ULP,187.9,319 Vincent St,LEEDERVILLE,6007,North of River,Metro,166.8,21.099999999999994,-3.0
2022-02-14,Ampol Foodary Leederville,Ampol,ULP,184.9,319 Vincent St,LEEDERVILLE,6007,North of River,Metro,167.2,17.700000000000017,-3.0
2022-02-15,Ampol Foodary Leederville,Ampol,ULP,181.9,319 Vincent St,LEEDERVILLE,6007,North of River,Metro,167.8,14.099999999999994,-3.0
2022-02-16,Ampol Foodary Leederville,Ampol,ULP,178.9,319 Vincent St,LEEDERVILLE,6007,North of River,Metro,168.7,10.200000000000017,-3.0
2022-02-17,Ampol Foodary Leederville,Ampol,ULP,176.9,319 Vincent St,LEEDERVILLE,6007,North of River,Metro,169.6,7.300000000000011,-2.0
2022-02-18,Ampol Foodary Leederville,Ampol,ULP,174.9,319 Vincent St,LEEDERVILLE,6007,North of River,Metro,170.2,4.700000000000017,-2.0
2022-02-19,Ampol Foodary Leederville,Ampol,ULP,172.9,319 Vincent St,LEEDERVILLE,6007,North of River,Metro,170.2,2.700000000000017,-2.0
2022-02-20,Ampol Foodary Leederville,Ampol,ULP,171.9,319 Vincent St,LEEDERVILLE,6007,North of River,Metro,170.2,1.700000000000017,-1.0
2022-02-21,Ampol Foodary Leederville,Ampol,ULP,171.9,319 Vincent St,LEEDERVILLE,6007,North of River,Metro,170.0,1.9000000000000057,0.0
2022-02-22,Ampol Foodary Leederville,Ampol,ULP,171.9,319 Vincent St,LEEDERVILLE,6007,North of River,Metro,169.8,2.0999999999999943,0.0
2022-02-23,Ampol Foodary Leederville,Ampol,ULP,199.9,319 Vincent St,LEEDERVILLE,6007,North of River,Metro,169.4,30.5,28.0
2022-02-24,Ampol Foodary Leederville,Ampol,ULP,199.9,319 Vincent St,LEEDERVILLE,6007,North of River,Metro,169.6,30.30000000000001,0.0
2022-02-25,Ampol Foodary Leederville,Ampol,ULP,197.9,319 Vincent St,LEEDERVILLE,6007,North of River,Metro,169.6,28.30000000000001,-2.0
2022-02-26,Ampol Foodary Leederville,Ampol,ULP,195.9,319 Vincent St,LEEDERVILLE,6007,North of River,Metro,169.6,26.30000000000001,-2.0
2022-02-27,Ampol Foodary Leederville,Ampol,ULP,194.9,319 Vincent St,LEEDERVILLE,6007,North of River,Metro,169.6,25.30000000000001,-1.0
2022-02-28,Ampol Foodary Leederville,Ampol,ULP,192.9,319 Vincent St,LEEDERVILLE,6007,North of River,Metro,171.0,21.900000000000006,-2.0
2022-03-01,Ampol Foodary Leederville,Ampol,ULP,193.9,319 Vincent St,LEEDERVILLE,6007,North of River,Metro,172.4,21.5,1.0
2022-03-02,Ampol Foodary Leederville,Ampol,ULP,187.9,319 Vincent St,LEEDERVILLE,6007,North of River,Metro,173.3,14.599999999999994,-6.0
2022-03-03,Ampol Foodary Leederville,Ampol,ULP,185.9,319 Vincent St,LEEDERVILLE,6007,North of River,Metro,174.4,11.5,-2.0
2022-03-04,Ampol Foodary Leederville,Ampol,ULP,183.9,319 Vincent St,LEEDERVILLE,6007,North of River,Metro,177.7,6.200000000000017,-2.0
2022-03-05,Ampol Foodary Leederville,Ampol,ULP,181.9,319 Vincent St,LEEDERVILLE,6007,North of River,Metro,177.7,4.200000000000017,-2.0
2022-03-06,Ampol Foodary Leederville,Ampol,ULP,182.9,319 Vincent St,LEEDERVILLE,6007,North of River,Metro,177.7,5.200000000000017,1.0
2022-03-07,Ampol Foodary Leederville,Ampol,ULP,178.9,319 Vincent St,LEEDERVILLE,6007,North of River,Metro,178.8,0.09999999999999432,-4.0
2022-03-08,Ampol Foodary Leederville,Ampol,ULP,179.9,319 Vincent St,LEEDERVILLE,6007,North of River,Metro,183.5,-3.5999999999999943,1.0
2022-03-09,Ampol Foodary Leederville,Ampol,ULP,221.9,319 Vincent St,LEEDERVILLE,6007,North of River,Metro,187.0,34.900000000000006,42.0
2022-03-10,Ampol Foodary Leederville,Ampol,ULP,219.9,319 Vincent St,LEEDERVILLE,6007,North of River,Metro,192.0,27.900000000000006,-2.0
2022-03-11,Ampol Foodary Leederville,Ampol,ULP,218.9,319 Vincent St,LEEDERVILLE,6007,North of River,Metro,196.4,22.5,-1.0
2022-03-12,Ampol Foodary Leederville,Ampol,ULP,215.9,319 Vincent St,LEEDERVILLE,6007,North of River,Metro,196.4,19.5,-3.0
2022-03-13,Ampol Foodary Leederville,Ampol,ULP,213.9,319 Vincent St,LEEDERVILLE,6007,North of River,Metro,196.4,17.5,-2.0
2022-03-14,Ampol Foodary Leederville,Ampol,ULP,209.9,319 Vincent St,LEEDERVILLE,6007,North of River,Metro,198.0,11.900000000000006,-4.0
2022-03-15,Ampol Foodary Leederville,Ampol,ULP,209.9,319 Vincent St,LEEDERVILLE,6007,North of River,Metro,197.8,12.099999999999994,0.0
2022-03-16,Ampol Foodary Leederville,Ampol,ULP,204.9,319 Vincent St,LEEDERVILLE,6007,North of River,Metro,195.8,9.099999999999994,-5.0
2022-03-17,Ampol Foodary Leederville,Ampol,ULP,204.9,319 Vincent St,LEEDERVILLE,6007,North of River,Metro,193.5,11.400000000000006,0.0
2022-03-18,Ampol Foodary Leederville,Ampol,ULP,202.9,319 Vincent St,LEEDERVILLE,6007,North of River,Metro,188.0,14.900000000000006,-2.0
2022-03-19,Ampol Foodary Leederville,Ampol,ULP,199.9,319 Vincent St,LEEDERVILLE,6007,North of River,Metro,188.0,11.900000000000006,-3.0
2022-03-20,Ampol Foodary Leederville,Ampol,ULP,196.9,319 Vincent St,LEEDERVILLE,6007,North of River,Metro,188.0,8.900000000000006,-3.0
2022-03-21,Ampol Foodary Leederville,Ampol,ULP,193.9,319 Vincent St,LEEDERVILLE,6007,North of River,Metro,186.7,7.200000000000017,-3.0
2022-03-22,Ampol Foodary Leederville,Ampol,ULP,191.9,319 Vincent St,LEEDERVILLE,6007,North of River,Metro,185.1,6.800000000000011,-2.0
2022-03-23,Ampol Foodary Leederville,Ampol,ULP,219.9,319 Vincent St,LEEDERVILLE,6007,North of River,Metro,185.1,34.80000000000001,28.0
2022-03-24,Ampol Foodary Leederville,Ampol,ULP,218.9,319 Vincent St,LEEDERVILLE,6007,North of River,Metro,186.3,32.599999999999994,-1.0
2022-03-25,Ampol Foodary Leederville,Ampol,ULP,214.9,319 Vincent St,LEEDERVILLE,6007,North of River,Metro,187.2,27.700000000000017,-4.0
2022-03-26,Ampol Foodary Leederville,Ampol,ULP,212.9,319 Vincent St,LEEDERVILLE,6007,North of River,Metro,187.2,25.700000000000017,-2.0
2022-03-27,Ampol Foodary Leederville,Ampol,ULP,207.9,319 Vincent St,LEEDERVILLE,6007,North of River,Metro,187.2,20.700000000000017,-5.0
2022-03-28,Ampol Foodary Leederville,Ampol,ULP,205.9,319 Vincent St,LEEDERVILLE,6007,North of River,Metro,188.2,17.700000000000017,-2.0
2022-03-29,Ampol Foodary Leederville,Ampol,ULP,202.9,319 Vincent St,LEEDERVILLE,6007,North of River,Metro,187.8,15.099999999999994,-3.0
2022-03-30,Ampol Foodary Leederville,Ampol,ULP,199.9,319 Vincent St,LEEDERVILLE,6007,North of River,Metro,174.9,25.0,-3.0
2022-03-31,Ampol Foodary Leederville,Ampol,ULP,196.9,319 Vincent St,LEEDERVILLE,6007,North of River,Metro,161.4,35.5,-3.0
2022-04-01,Ampol Foodary Leederville,Ampol,ULP,183.9,319 Vincent St,LEEDERVILLE,6007,North of River,Metro,160.0,23.900000000000006,-13.0
2022-04-02,Ampol Foodary Leederville,Ampol,ULP,179.9,319 Vincent St,LEEDERVILLE,6007,North of River,Metro,160.0,19.900000000000006,-4.0
2022-04-03,Ampol Foodary Leederville,Ampol,ULP,174.9,319 Vincent St,LEEDERVILLE,6007,North of River,Metro,160.0,14.900000000000006,-5.0
2022-04-04,Ampol Foodary Leederville,Ampol,ULP,169.9,319 Vincent St,LEEDERVILLE,6007,North of River,Metro,158.7,11.200000000000017,-5.0
2022-04-05,Ampol Foodary Leederville,Ampol,ULP,162.9,319 Vincent St,LEEDERVILLE,6007,North of River,Metro,156.9,6.0,-7.0
2022-04-06,Ampol Foodary Leederville,Ampol,ULP,191.9,319 Vincent St,LEEDERVILLE,6007,North of River,Metro,155.8,36.099999999999994,29.0
2022-04-07,Ampol Foodary Leederville,Ampol,ULP,187.9,319 Vincent St,LEEDERVILLE,6007,North of River,Metro,155.2,32.70000000000002,-4.0
2022-04-08,Ampol Foodary Leederville,Ampol,ULP,179.9,319 Vincent St,LEEDERVILLE,6007,North of River,Metro,154.6,25.30000000000001,-8.0
2022-04-09,Ampol Foodary Leederville,Ampol,ULP,175.9,319 Vincent St,LEEDERVILLE,6007,North of River,Metro,154.6,21.30000000000001,-4.0
2022-04-10,Ampol Foodary Leederville,Ampol,ULP,172.9,319 Vincent St,LEEDERVILLE,6007,North of River,Metro,154.6,18.30000000000001,-3.0
2022-04-11,Ampol Foodary Leederville,Ampol,ULP,170.9,319 Vincent St,LEEDERVILLE,6007,North of River,Metro,153.6,17.30000000000001,-2.0
2022-04-12,Ampol Foodary Leederville,Ampol,ULP,165.9,319 Vincent St,LEEDERVILLE,6007,North of River,Metro,153.3,12.599999999999994,-5.0
2022-04-13,Ampol Foodary Leederville,Ampol,ULP,163.9,319 Vincent St,LEEDERVILLE,6007,North of River,Metro,152.8,11.099999999999994,-2.0
2022-04-14,Ampol Foodary Leederville,Ampol,ULP,161.9,319 Vincent St,LEEDERVILLE,6007,North of River,Metro,152.3,9.599999999999994,-2.0
2022-04-15,Ampol Foodary Leederville,Ampol,ULP,157.9,319 Vincent St,LEEDERVILLE,6007,North of River,Metro,152.3,5.599999999999994,-4.0
2022-04-16,Ampol Foodary Leederville,Ampol,ULP,154.9,319 Vincent St,LEEDERVILLE,6007,North of River,Metro,152.3,2.5999999999999943,-3.0
2022-04-17,Ampol Foodary Leederville,Ampol,ULP,153.9,319 Vincent St,LEEDERVILLE,6007,North of River,Metro,152.3,1.5999999999999943,-1.0
2022-04-18,Ampol Foodary Leederville,Ampol,ULP,153.9,319 Vincent St,LEEDERVILLE,6007,North of River,Metro,152.7,1.200000000000017,0.0
2022-04-19,Ampol Foodary Leederville,Ampol,ULP,151.9,319 Vincent St,LEEDERVILLE,6007,North of River,Metro,154.3,-2.4000000000000057,-2.0
2022-04-20,Ampol Foodary Leederville,Ampol,ULP,189.9,319 Vincent St,LEEDERVILLE,6007,North of River,Metro,157.5,32.400000000000006,38.0
2022-04-21,Ampol Foodary Leederville,Ampol,ULP,187.9,319 Vincent St,LEEDERVILLE,6007,North of River,Metro,159.9,28.0,-2.0
2022-04-22,Ampol Foodary Leederville,Ampol,ULP,177.9,319 Vincent St,LEEDERVILLE,6007,North of River,Metro,161.4,16.5,-10.0
2022-04-23,Ampol Foodary Leederville,Ampol,ULP,173.9,319 Vincent St,LEEDERVILLE,6007,North of River,Metro,161.4,12.5,-4.0
2022-04-24,Ampol Foodary Leederville,Ampol,ULP,171.9,319 Vincent St,LEEDERVILLE,6007,North of River,Metro,161.4,10.5,-2.0
2022-04-25,Ampol Foodary Leederville,Ampol,ULP,169.9,319 Vincent St,LEEDERVILLE,6007,North of River,Metro,162.0,7.900000000000006,-2.0
2022-04-26,Ampol Foodary Leederville,Ampol,ULP,167.9,319 Vincent St,LEEDERVILLE,6007,North of River,Metro,162.2,5.700000000000017,-2.0
2022-04-27,Ampol Foodary Leederville,Ampol,ULP,163.9,319 Vincent St,LEEDERVILLE,6007,North of River,Metro,162.2,1.700000000000017,-4.0
2022-04-28,Ampol Foodary Leederville,Ampol,ULP,163.9,319 Vincent St,LEEDERVILLE,6007,North of River,Metro,162.7,1.200000000000017,0.0
2022-04-29,Ampol Foodary Leederville,Ampol,ULP,161.9,319 Vincent St,LEEDERVILLE,6007,North of River,Metro,164.0,-2.0999999999999943,-2.0
2022-04-30,Ampol Foodary Leederville,Ampol,ULP,161.9,319 Vincent St,LEEDERVILLE,6007,North of River,Metro,164.0,-2.0999999999999943,0.0
2022-05-01,Ampol Foodary Leederville,Ampol,ULP,161.9,319 Vincent St,LEEDERVILLE,6007,North of River,Metro,164.0,-2.0999999999999943,0.0
2022-05-02,Ampol Foodary Leederville,Ampol,ULP,161.9,319 Vincent St,LEEDERVILLE,6007,North of River,Metro,165.2,-3.299999999999983,0.0
2022-05-03,Ampol Foodary Leederville,Ampol,ULP,163.9,319 Vincent St,LEEDERVILLE,6007,North of River,Metro,166.8,-2.9000000000000057,2.0
2022-05-04,Ampol Foodary Leederville,Ampol,ULP,199.9,319 Vincent St,LEEDERVILLE,6007,North of River,Metro,167.2,32.70000000000002,36.0
2022-05-05,Ampol Foodary Leederville,Ampol,ULP,196.9,319 Vincent St,LEEDERVILLE,6007,North of River,Metro,169.9,27.0,-3.0
2022-05-06,Ampol Foodary Leederville,Ampol,ULP,193.9,319 Vincent St,LEEDERVILLE,6007,North of River,Metro,173.3,20.599999999999994,-3.0
2022-05-07,Ampol Foodary Leederville,Ampol,ULP,189.9,319 Vincent St,LEEDERVILLE,6007,North of River,Metro,173.3,16.599999999999994,-4.0
2022-05-08,Ampol Foodary Leederville,Ampol,ULP,187.9,319 Vincent St,LEEDERVILLE,6007,North of River,Metro,173.3,14.599999999999994,-2.0
2022-05-09,Ampol Foodary Leederville,Ampol,ULP,185.9,319 Vincent St,LEEDERVILLE,6007,North of River,Metro,175.1,10.800000000000011,-2.0
2022-05-10,Ampol Foodary Leederville,Ampol,ULP,179.9,319 Vincent St,LEEDERVILLE,6007,North of River,Metro,177.3,2.5999999999999943,-6.0
2022-05-11,Ampol Foodary Leederville,Ampol,ULP,179.9,319 Vincent St,LEEDERVILLE,6007,North of River,Metro,178.4,1.5,0.0
2022-05-12,Ampol Foodary Leederville,Ampol,ULP,179.9,319 Vincent St,LEEDERVILLE,6007,North of River,Metro,178.8,1.0999999999999943,0.0
2022-05-13,Ampol Foodary Leederville,Ampol,ULP,177.9,319 Vincent St,LEEDERVILLE,6007,North of River,Metro,178.9,-1.0,-2.0
2022-05-14,Ampol Foodary Leederville,Ampol,ULP,177.9,319 Vincent St,LEEDERVILLE,6007,North of River,Metro,178.9,-1.0,0.0
2022-05-15,Ampol Foodary Leederville,Ampol,ULP,177.9,319 Vincent St,LEEDERVILLE,6007,North of River,Metro,178.9,-1.0,0.0
2022-05-16,Ampol Foodary Leederville,Ampol,ULP,177.9,319 Vincent St,LEEDERVILLE,6007,North of River,Metro,179.4,-1.5,0.0
2022-05-17,Ampol Foodary Leederville,Ampol,ULP,177.9,319 Vincent St,LEEDERVILLE,6007,North of River,Metro,180.2,-2.299999999999983,0.0
2022-05-18,Ampol Foodary Leederville,Ampol,ULP,215.9,319 Vincent St,LEEDERVILLE,6007,North of River,Metro,181.2,34.70000000000002,38.0
2022-05-19,Ampol Foodary Leederville,Ampol,ULP,213.9,319 Vincent St,LEEDERVILLE,6007,North of River,Metro,184.0,29.900000000000006,-2.0
2022-05-20,Ampol Foodary Leederville,Ampol,ULP,211.9,319 Vincent St,LEEDERVILLE,6007,North of River,Metro,186.8,25.099999999999994,-2.0
2022-05-21,Ampol Foodary Leederville,Ampol,ULP,208.9,319 Vincent St,LEEDERVILLE,6007,North of River,Metro,186.8,22.099999999999994,-3.0
2022-05-22,Ampol Foodary Leederville,Ampol,ULP,206.9,319 Vincent St,LEEDERVILLE,6007,North of River,Metro,186.8,20.099999999999994,-2.0
2022-05-23,Ampol Foodary Leederville,Ampol,ULP,203.9,319 Vincent St,LEEDERVILLE,6007,North of River,Metro,188.6,15.300000000000011,-3.0
2022-05-24,Ampol Foodary Leederville,Ampol,ULP,201.9,319 Vincent St,LEEDERVILLE,6007,North of River,Metro,189.8,12.099999999999994,-2.0
2022-05-25,Ampol Foodary Leederville,Ampol,ULP,197.9,319 Vincent St,LEEDERVILLE,6007,North of River,Metro,189.8,8.099999999999994,-4.0
2022-05-26,Ampol Foodary Leederville,Ampol,ULP,197.9,319 Vincent St,LEEDERVILLE,6007,North of River,Metro,188.7,9.200000000000017,0.0
2022-05-27,Ampol Foodary Leederville,Ampol,ULP,197.9,319 Vincent St,LEEDERVILLE,6007,North of River,Metro,187.9,10.0,0.0
2022-05-28,Ampol Foodary Leederville,Ampol,ULP,191.9,319 Vincent St,LEEDERVILLE,6007,North of River,Metro,187.9,4.0,-6.0
2022-05-29,Ampol Foodary Leederville,Ampol,ULP,189.9,319 Vincent St,LEEDERVILLE,6007,North of River,Metro,187.9,2.0,-2.0
2022-05-30,Ampol Foodary Leederville,Ampol,ULP,187.9,319 Vincent St,LEEDERVILLE,6007,North of River,Metro,187.6,0.30000000000001137,-2.0
2022-05-31,Ampol Foodary Leederville,Ampol,ULP,185.9,319 Vincent St,LEEDERVILLE,6007,North of River,Metro,187.5,-1.5999999999999943,-2.0
2022-06-01,Ampol Foodary Leederville,Ampol,ULP,219.9,319 Vincent St,LEEDERVILLE,6007,North of River,Metro,188.8,31.099999999999994,34.0
2022-06-02,Ampol Foodary Leederville,Ampol,ULP,217.9,319 Vincent St,LEEDERVILLE,6007,North of River,Metro,189.8,28.099999999999994,-2.0
2022-06-03,Ampol Foodary Leederville,Ampol,ULP,215.9,319 Vincent St,LEEDERVILLE,6007,North of River,Metro,189.9,26.0,-2.0
2022-06-04,Ampol Foodary Leederville,Ampol,ULP,211.9,319 Vincent St,LEEDERVILLE,6007,North of River,Metro,189.9,22.0,-4.0
2022-06-05,Ampol Foodary Leederville,Ampol,ULP,209.9,319 Vincent St,LEEDERVILLE,6007,North of River,Metro,189.9,20.0,-2.0
2022-06-06,Ampol Foodary Leederville,Ampol,ULP,205.9,319 Vincent St,LEEDERVILLE,6007,North of River,Metro,189.7,16.200000000000017,-4.0
2022-06-07,Ampol Foodary Leederville,Ampol,ULP,201.9,319 Vincent St,LEEDERVILLE,6007,North of River,Metro,189.2,12.700000000000017,-4.0
2022-06-08,Ampol Foodary Leederville,Ampol,ULP,199.9,319 Vincent St,LEEDERVILLE,6007,North of River,Metro,189.2,10.700000000000017,-2.0
2022-06-09,Ampol Foodary Leederville,Ampol,ULP,195.9,319 Vincent St,LEEDERVILLE,6007,North of River,Metro,189.1,6.800000000000011,-4.0
2022-06-10,Ampol Foodary Leederville,Ampol,ULP,193.9,319 Vincent St,LEEDERVILLE,6007,North of River,Metro,189.5,4.400000000000006,-2.0
2022-06-11,Ampol Foodary Leederville,Ampol,ULP,191.9,319 Vincent St,LEEDERVILLE,6007,North of River,Metro,189.5,2.4000000000000057,-2.0
2022-06-12,Ampol Foodary Leederville,Ampol,ULP,191.9,319 Vincent St,LEEDERVILLE,6007,North of River,Metro,189.5,2.4000000000000057,0.0
2022-06-13,Ampol Foodary Leederville,Ampol,ULP,190.9,319 Vincent St,LEEDERVILLE,6007,North of River,Metro,190.5,0.4000000000000057,-1.0
2022-06-14,Ampol Foodary Leederville,Ampol,ULP,188.9,319 Vincent St,LEEDERVILLE,6007,North of River,Metro,192.7,-3.799999999999983,-2.0
2022-06-15,Ampol Foodary Leederville,Ampol,ULP,224.9,319 Vincent St,LEEDERVILLE,6007,North of River,Metro,193.8,31.099999999999994,36.0
2022-06-16,Ampol Foodary Leederville,Ampol,ULP,221.9,319 Vincent St,LEEDERVILLE,6007,North of River,Metro,195.9,26.0,-3.0
2022-06-17,Ampol Foodary Leederville,Ampol,ULP,217.9,319 Vincent St,LEEDERVILLE,6007,North of River,Metro,197.8,20.099999999999994,-4.0
2022-06-18,Ampol Foodary Leederville,Ampol,ULP,215.9,319 Vincent St,LEEDERVILLE,6007,North of River,Metro,197.8,18.099999999999994,-2.0
2022-06-19,Ampol Foodary Leederville,Ampol,ULP,209.9,319 Vincent St,LEEDERVILLE,6007,North of River,Metro,197.8,12.099999999999994,-6.0
2022-06-20,Ampol Foodary Leederville,Ampol,ULP,209.9,319 Vincent St,LEEDERVILLE,6007,North of River,Metro,198.6,11.300000000000011,0.0
2022-06-21,Ampol Foodary Leederville,Ampol,ULP,205.9,319 Vincent St,LEEDERVILLE,6007,North of River,Metro,198.7,7.200000000000017,-4.0
2022-06-22,Ampol Foodary Leederville,Ampol,ULP,201.9,319 Vincent St,LEEDERVILLE,6007,North of River,Metro,198.8,3.0999999999999943,-4.0
2022-06-23,Ampol Foodary Leederville,Ampol,ULP,201.9,319 Vincent St,LEEDERVILLE,6007,North of River,Metro,199.1,2.8000000000000114,0.0
2022-06-24,Ampol Foodary Leederville,Ampol,ULP,201.9,319 Vincent St,LEEDERVILLE,6007,North of River,Metro,198.7,3.200000000000017,0.0
2022-06-25,Ampol Foodary Leederville,Ampol,ULP,198.9,319 Vincent St,LEEDERVILLE,6007,North of River,Metro,198.7,0.20000000000001705,-3.0
2022-06-26,Ampol Foodary Leederville,Ampol,ULP,197.9,319 Vincent St,LEEDERVILLE,6007,North of River,Metro,198.7,-0.799999999999983,-1.0
2022-06-27,Ampol Foodary Leederville,Ampol,ULP,197.9,319 Vincent St,LEEDERVILLE,6007,North of River,Metro,197.9,0.0,0.0
2022-06-28,Ampol Foodary Leederville,Ampol,ULP,196.9,319 Vincent St,LEEDERVILLE,6007,North of River,Metro,198.3,-1.4000000000000057,-1.0
2022-06-29,Ampol Foodary Leederville,Ampol,ULP,235.9,319 Vincent St,LEEDERVILLE,6007,North of River,Metro,198.6,37.30000000000001,39.0
2022-06-30,Ampol Foodary Leederville,Ampol,ULP,232.9,319 Vincent St,LEEDERVILLE,6007,North of River,Metro,198.2,34.70000000000002,-3.0
2022-07-01,Ampol Foodary Leederville,Ampol,ULP,228.9,319 Vincent St,LEEDERVILLE,6007,North of River,Metro,198.6,30.30000000000001,-4.0
2022-07-02,Ampol Foodary Leederville,Ampol,ULP,223.9,319 Vincent St,LEEDERVILLE,6007,North of River,Metro,198.6,25.30000000000001,-5.0
2022-07-03,Ampol Foodary Leederville,Ampol,ULP,218.9,319 Vincent St,LEEDERVILLE,6007,North of River,Metro,198.6,20.30000000000001,-5.0
2022-07-04,Ampol Foodary Leederville,Ampol,ULP,213.9,319 Vincent St,LEEDERVILLE,6007,North of River,Metro,197.8,16.099999999999994,-5.0
2022-07-05,Ampol Foodary Leederville,Ampol,ULP,209.9,319 Vincent St,LEEDERVILLE,6007,North of River,Metro,196.3,13.599999999999994,-4.0
2022-07-06,Ampol Foodary Leederville,Ampol,ULP,207.9,319 Vincent St,LEEDERVILLE,6007,North of River,Metro,195.3,12.599999999999994,-2.0
2022-07-07,Ampol Foodary Leederville,Ampol,ULP,203.9,319 Vincent St,LEEDERVILLE,6007,North of River,Metro,193.0,10.900000000000006,-4.0
2022-07-08,Ampol Foodary Leederville,Ampol,ULP,201.9,319 Vincent St,LEEDERVILLE,6007,North of River,Metro,189.8,12.099999999999994,-2.0
2022-07-09,Ampol Foodary Leederville,Ampol,ULP,197.9,319 Vincent St,LEEDERVILLE,6007,North of River,Metro,189.8,8.099999999999994,-4.0
2022-07-10,Ampol Foodary Leederville,Ampol,ULP,195.9,319 Vincent St,LEEDERVILLE,6007,North of River,Metro,189.8,6.099999999999994,-2.0
2022-07-11,Ampol Foodary Leederville,Ampol,ULP,193.9,319 Vincent St,LEEDERVILLE,6007,North of River,Metro,183.6,10.300000000000011,-2.0
2022-07-12,Ampol Foodary Leederville,Ampol,ULP,187.9,319 Vincent St,LEEDERVILLE,6007,North of River,Metro,180.5,7.400000000000006,-6.0
2022-07-13,Ampol Foodary Leederville,Ampol,ULP,219.9,319 Vincent St,LEEDERVILLE,6007,North of River,Metro,177.1,42.80000000000001,32.0
2022-07-14,Ampol Foodary Leederville,Ampol,ULP,213.9,319 Vincent St,LEEDERVILLE,6007,North of River,Metro,172.5,41.400000000000006,-6.0
2022-07-15,Ampol Foodary Leederville,Ampol,ULP,213.9,319 Vincent St,LEEDERVILLE,6007,North of River,Metro,169.7,44.20000000000002,0.0
2022-07-16,Ampol Foodary Leederville,Ampol,ULP,201.9,319 Vincent St,LEEDERVILLE,6007,North of River,Metro,169.7,32.20000000000002,-12.0
2022-07-17,Ampol Foodary Leederville,Ampol,ULP,187.9,319 Vincent St,LEEDERVILLE,6007,North of River,Metro,169.7,18.200000000000017,-14.0
2022-07-18,Ampol Foodary Leederville,Ampol,ULP,185.9,319 Vincent St,LEEDERVILLE,6007,North of River,Metro,166.0,19.900000000000006,-2.0
2022-07-19,Ampol Foodary Leederville,Ampol,ULP,179.9,319 Vincent St,LEEDERVILLE,6007,North of River,Metro,163.3,16.599999999999994,-6.0
2022-07-20,Ampol Foodary Leederville,Ampol,ULP,175.9,319 Vincent St,LEEDERVILLE,6007,North of River,Metro,162.4,13.5,-4.0
2022-07-21,Ampol Foodary Leederville,Ampol,ULP,175.9,319 Vincent St,LEEDERVILLE,6007,North of River,Metro,161.2,14.700000000000017,0.0
2022-07-22,Ampol Foodary Leederville,Ampol,ULP,173.9,319 Vincent St,LEEDERVILLE,6007,North of River,Metro,160.7,13.200000000000017,-2.0
2022-07-23,Ampol Foodary Leederville,Ampol,ULP,169.9,319 Vincent St,LEEDERVILLE,6007,North of River,Metro,160.7,9.200000000000017,-4.0
2022-07-24,Ampol Foodary Leederville,Ampol,ULP,165.9,319 Vincent St,LEEDERVILLE,6007,North of River,Metro,160.7,5.200000000000017,-4.0
2022-07-25,Ampol Foodary Leederville,Ampol,ULP,163.9,319 Vincent St,LEEDERVILLE,6007,North of River,Metro,159.2,4.700000000000017,-2.0
2022-07-26,Ampol Foodary Leederville,Ampol,ULP,161.9,319 Vincent St,LEEDERVILLE,6007,North of River,Metro,157.9,4.0,-2.0
2022-07-27,Ampol Foodary Leederville,Ampol,ULP,199.9,319 Vincent St,LEEDERVILLE,6007,North of River,Metro,156.2,43.70000000000002,38.0
2022-07-28,Ampol Foodary Leederville,Ampol,ULP,191.9,319 Vincent St,LEEDERVILLE,6007,North of River,Metro,156.2,35.70000000000002,-8.0
2022-07-29,Ampol Foodary Leederville,Ampol,ULP,189.9,319 Vincent St,LEEDERVILLE,6007,North of River,Metro,156.0,33.900000000000006,-2.0
2022-07-30,Ampol Foodary Leederville,Ampol,ULP,179.9,319 Vincent St,LEEDERVILLE,6007,North of River,Metro,156.0,23.900000000000006,-10.0
2022-07-31,Ampol Foodary Leederville,Ampol,ULP,175.9,319 Vincent St,LEEDERVILLE,6007,North of River,Metro,156.0,19.900000000000006,-4.0
2022-08-01,Ampol Foodary Leederville,Ampol,ULP,167.9,319 Vincent St,LEEDERVILLE,6007,North of River,Metro,156.9,11.0,-8.0
2022-08-02,Ampol Foodary Leederville,Ampol,ULP,161.9,319 Vincent St,LEEDERVILLE,6007,North of River,Metro,159.2,2.700000000000017,-6.0
2022-08-03,Ampol Foodary Leederville,Ampol,ULP,163.9,319 Vincent St,LEEDERVILLE,6007,North of River,Metro,160.2,3.700000000000017,2.0
2022-08-04,Ampol Foodary Leederville,Ampol,ULP,163.9,319 Vincent St,LEEDERVILLE,6007,North of River,Metro,159.3,4.599999999999994,0.0
2022-08-05,Ampol Foodary Leederville,Ampol,ULP,161.9,319 Vincent St,LEEDERVILLE,6007,North of River,Metro,158.7,3.200000000000017,-2.0
2022-08-06,Ampol Foodary Leederville,Ampol,ULP,161.9,319 Vincent St,LEEDERVILLE,6007,North of River,Metro,158.7,3.200000000000017,0.0
2022-08-07,Ampol Foodary Leederville,Ampol,ULP,161.9,319 Vincent St,LEEDERVILLE,6007,North of River,Metro,158.7,3.200000000000017,0.0
2022-08-08,Ampol Foodary Leederville,Ampol,ULP,160.9,319 Vincent St,LEEDERVILLE,6007,North of River,Metro,157.6,3.3000000000000114,-1.0
2022-08-09,Ampol Foodary Leederville,Ampol,ULP,158.9,319 Vincent St,LEEDERVILLE,6007,North of River,Metro,155.0,3.9000000000000057,-2.0
2022-08-10,Ampol Foodary Leederville,Ampol,ULP,195.9,319 Vincent St,LEEDERVILLE,6007,North of River,Metro,153.1,42.80000000000001,37.0
2022-08-11,Ampol Foodary Leederville,Ampol,ULP,189.9,319 Vincent St,LEEDERVILLE,6007,North of River,Metro,152.1,37.80000000000001,-6.0
2022-08-12,Ampol Foodary Leederville,Ampol,ULP,187.9,319 Vincent St,LEEDERVILLE,6007,North of River,Metro,150.4,37.5,-2.0
2022-08-13,Ampol Foodary Leederville,Ampol,ULP,183.9,319 Vincent St,LEEDERVILLE,6007,North of River,Metro,150.4,33.5,-4.0
2022-08-14,Ampol Foodary Leederville,Ampol,ULP,181.9,319 Vincent St,LEEDERVILLE,6007,North of River,Metro,150.4,31.5,-2.0
2022-08-15,Ampol Foodary Leederville,Ampol,ULP,179.9,319 Vincent St,LEEDERVILLE,6007,North of River,Metro,150.2,29.700000000000017,-2.0
2022-08-16,Ampol Foodary Leederville,Ampol,ULP,176.9,319 Vincent St,LEEDERVILLE,6007,North of River,Metro,151.3,25.599999999999994,-3.0
2022-08-17,Ampol Foodary Leederville,Ampol,ULP,175.9,319 Vincent St,LEEDERVILLE,6007,North of River,Metro,151.3,24.599999999999994,-1.0
2022-08-18,Ampol Foodary Leederville,Ampol,ULP,173.9,319 Vincent St,LEEDERVILLE,6007,North of River,Metro,151.1,22.80000000000001,-2.0
2022-08-19,Ampol Foodary Leederville,Ampol,ULP,170.9,319 Vincent St,LEEDERVILLE,6007,North of River,Metro,151.3,19.599999999999994,-3.0
2022-08-20,Ampol Foodary Leederville,Ampol,ULP,167.9,319 Vincent St,LEEDERVILLE,6007,North of River,Metro,151.3,16.599999999999994,-3.0
2022-08-21,Ampol Foodary Leederville,Ampol,ULP,164.9,319 Vincent St,LEEDERVILLE,6007,North of River,Metro,151.3,13.599999999999994,-3.0
2022-08-22,Ampol Foodary Leederville,Ampol,ULP,161.9,319 Vincent St,LEEDERVILLE,6007,North of River,Metro,151.9,10.0,-3.0
2022-08-23,Ampol Foodary Leederville,Ampol,ULP,151.9,319 Vincent St,LEEDERVILLE,6007,North of River,Metro,152.5,-0.5999999999999943,-10.0
2022-08-24,Ampol Foodary Leederville,Ampol,ULP,189.9,319 Vincent St,LEEDERVILLE,6007,North of River,Metro,153.5,36.400000000000006,38.0
2022-08-25,Ampol Foodary Leederville,Ampol,ULP,187.9,319 Vincent St,LEEDERVILLE,6007,North of River,Metro,154.8,33.099999999999994,-2.0
2022-08-26,Ampol Foodary Leederville,Ampol,ULP,185.9,319 Vincent St,LEEDERVILLE,6007,North of River,Metro,156.2,29.700000000000017,-2.0
2022-08-27,Ampol Foodary Leederville,Ampol,ULP,175.9,319 Vincent St,LEEDERVILLE,6007,North of River,Metro,156.2,19.700000000000017,-10.0
2022-08-28,Ampol Foodary Leederville,Ampol,ULP,173.9,319 Vincent St,LEEDERVILLE,6007,North of River,Metro,156.2,17.700000000000017,-2.0
2022-08-29,Ampol Foodary Leederville,Ampol,ULP,171.9,319 Vincent St,LEEDERVILLE,6007,North of River,Metro,156.8,15.099999999999994,-2.0
2022-08-30,Ampol Foodary Leederville,Ampol,ULP,177.9,319 Vincent St,LEEDERVILLE,6007,North of River,Metro,156.8,21.099999999999994,6.0
2022-08-31,Ampol Foodary Leederville,Ampol,ULP,173.9,319 Vincent St,LEEDERVILLE,6007,North of River,Metro,156.7,17.200000000000017,-4.0
2022-09-01,Ampol Foodary Leederville,Ampol,ULP,171.9,319 Vincent St,LEEDERVILLE,6007,North of River,Metro,156.2,15.700000000000017,-2.0
2022-09-02,Ampol Foodary Leederville,Ampol,ULP,168.9,319 Vincent St,LEEDERVILLE,6007,North of River,Metro,153.9,15.0,-3.0
2022-09-03,Ampol Foodary Leederville,Ampol,ULP,165.9,319 Vincent St,LEEDERVILLE,6007,North of River,Metro,153.9,12.0,-3.0
2022-09-04,Ampol Foodary Leederville,Ampol,ULP,162.9,319 Vincent St,LEEDERVILLE,6007,North of River,Metro,153.9,9.0,-3.0
2022-09-05,Ampol Foodary Leederville,Ampol,ULP,159.9,319 Vincent St,LEEDERVILLE,6007,North of River,Metro,150.8,9.099999999999994,-3.0
2022-09-06,Ampol Foodary Leederville,Ampol,ULP,153.9,319 Vincent St,LEEDERVILLE,6007,North of River,Metro,149.7,4.200000000000017,-6.0
2022-09-07,Ampol Foodary Leederville,Ampol,ULP,189.9,319 Vincent St,LEEDERVILLE,6007,North of River,Metro,149.0,40.900000000000006,36.0
2022-09-08,Ampol Foodary Leederville,Ampol,ULP,185.9,319 Vincent St,LEEDERVILLE,6007,North of River,Metro,148.5,37.400000000000006,-4.0
2022-09-09,Ampol Foodary Leederville,Ampol,ULP,185.9,319 Vincent St,LEEDERVILLE,6007,North of River,Metro,149.2,36.70000000000002,0.0
2022-09-10,Ampol Foodary Leederville,Ampol,ULP,169.9,319 Vincent St,LEEDERVILLE,6007,North of River,Metro,149.2,20.700000000000017,-16.0
2022-09-11,Ampol Foodary Leederville,Ampol,ULP,167.9,319 Vincent St,LEEDERVILLE,6007,North of River,Metro,149.2,18.700000000000017,-2.0
2022-09-12,Ampol Foodary Leederville,Ampol,ULP,167.9,319 Vincent St,LEEDERVILLE,6007,North of River,Metro,149.2,18.700000000000017,0.0
2022-09-13,Ampol Foodary Leederville,Ampol,ULP,165.9,319 Vincent St,LEEDERVILLE,6007,North of River,Metro,149.4,16.5,-2.0
2022-09-14,Ampol Foodary Leederville,Ampol,ULP,159.9,319 Vincent St,LEEDERVILLE,6007,North of River,Metro,150.0,9.900000000000006,-6.0
2022-09-15,Ampol Foodary Leederville,Ampol,ULP,159.9,319 Vincent St,LEEDERVILLE,6007,North of River,Metro,150.1,9.800000000000011,0.0
2022-09-16,Ampol Foodary Leederville,Ampol,ULP,163.9,319 Vincent St,LEEDERVILLE,6007,North of River,Metro,150.0,13.900000000000006,4.0
2022-09-17,Ampol Foodary Leederville,Ampol,ULP,161.9,319 Vincent St,LEEDERVILLE,6007,North of River,Metro,150.0,11.900000000000006,-2.0
2022-09-18,Ampol Foodary Leederville,Ampol,ULP,159.9,319 Vincent St,LEEDERVILLE,6007,North of River,Metro,150.0,9.900000000000006,-2.0
2022-09-19,Ampol Foodary Leederville,Ampol,ULP,157.9,319 Vincent St,LEEDERVILLE,6007,North of River,Metro,150.3,7.599999999999994,-2.0
2022-09-20,Ampol Foodary Leederville,Ampol,ULP,153.9,319 Vincent St,LEEDERVILLE,6007,North of River,Metro,148.6,5.300000000000011,-4.0
2022-09-21,Ampol Foodary Leederville,Ampol,ULP,189.9,319 Vincent St,LEEDERVILLE,6007,North of River,Metro,146.8,43.099999999999994,36.0
2022-09-22,Ampol Foodary Leederville,Ampol,ULP,187.9,319 Vincent St,LEEDERVILLE,6007,North of River,Metro,145.8,42.099999999999994,-2.0
2022-09-23,Ampol Foodary Leederville,Ampol,ULP,185.9,319 Vincent St,LEEDERVILLE,6007,North of River,Metro,145.2,40.70000000000002,-2.0
2022-09-24,Ampol Foodary Leederville,Ampol,ULP,182.9,319 Vincent St,LEEDERVILLE,6007,North of River,Metro,145.2,37.70000000000002,-3.0
2022-09-25,Ampol Foodary Leederville,Ampol,ULP,180.9,319 Vincent St,LEEDERVILLE,6007,North of River,Metro,145.2,35.70000000000002,-2.0
2022-09-26,Ampol Foodary Leederville,Ampol,ULP,178.9,319 Vincent St,LEEDERVILLE,6007,North of River,Metro,144.0,34.900000000000006,-2.0
2022-09-27,Ampol Foodary Leederville,Ampol,ULP,176.9,319 Vincent St,LEEDERVILLE,6007,North of River,Metro,143.6,33.30000000000001,-2.0
2022-09-28,Ampol Foodary Leederville,Ampol,ULP,159.9,319 Vincent St,LEEDERVILLE,6007,North of River,Metro,149.4,10.5,-17.0
2022-09-29,Ampol Foodary Leederville,Ampol,ULP,159.9,319 Vincent St,LEEDERVILLE,6007,North of River,Metro,168.0,-8.099999999999994,0.0
2022-09-30,Ampol Foodary Leederville,Ampol,ULP,159.9,319 Vincent St,LEEDERVILLE,6007,North of River,Metro,168.0,-8.099999999999994,0.0
2022-10-01,Ampol Foodary Leederville,Ampol,ULP,159.9,319 Vincent St,LEEDERVILLE,6007,North of River,Metro,168.0,-8.099999999999994,0.0
2022-10-02,Ampol Foodary Leederville,Ampol,ULP,159.9,319 Vincent St,LEEDERVILLE,6007,North of River,Metro,168.0,-8.099999999999994,0.0
2022-10-03,Ampol Foodary Leederville,Ampol,ULP,160.9,319 Vincent St,LEEDERVILLE,6007,North of River,Metro,167.2,-6.299999999999983,1.0
2022-10-04,Ampol Foodary Leederville,Ampol,ULP,161.9,319 Vincent St,LEEDERVILLE,6007,North of River,Metro,167.8,-5.900000000000006,1.0
2022-10-05,Ampol Foodary Leederville,Ampol,ULP,199.9,319 Vincent St,LEEDERVILLE,6007,North of River,Metro,168.4,31.5,38.0
2022-10-06,Ampol Foodary Leederville,Ampol,ULP,197.9,319 Vincent St,LEEDERVILLE,6007,North of River,Metro,168.2,29.700000000000017,-2.0
2022-10-07,Ampol Foodary Leederville,Ampol,ULP,195.9,319 Vincent St,LEEDERVILLE,6007,North of River,Metro,168.8,27.099999999999994,-2.0
2022-10-08,Ampol Foodary Leederville,Ampol,ULP,192.9,319 Vincent St,LEEDERVILLE,6007,North of River,Metro,168.8,24.099999999999994,-3.0
2022-10-09,Ampol Foodary Leederville,Ampol,ULP,190.9,319 Vincent St,LEEDERVILLE,6007,North of River,Metro,168.8,22.099999999999994,-2.0
2022-10-10,Ampol Foodary Leederville,Ampol,ULP,188.9,319 Vincent St,LEEDERVILLE,6007,North of River,Metro,169.2,19.700000000000017,-2.0
2022-10-11,Ampol Foodary Leederville,Ampol,ULP,185.9,319 Vincent St,LEEDERVILLE,6007,North of River,Metro,170.0,15.900000000000006,-3.0
2022-10-12,Ampol Foodary Leederville,Ampol,ULP,183.9,319 Vincent St,LEEDERVILLE,6007,North of River,Metro,171.0,12.900000000000006,-2.0
2022-10-13,Ampol Foodary Leederville,Ampol,ULP,180.9,319 Vincent St,LEEDERVILLE,6007,North of River,Metro,171.9,9.0,-3.0
2022-10-14,Ampol Foodary Leederville,Ampol,ULP,178.9,319 Vincent St,LEEDERVILLE,6007,North of River,Metro,173.1,5.800000000000011,-2.0
2022-10-15,Ampol Foodary Leederville,Ampol,ULP,175.9,319 Vincent St,LEEDERVILLE,6007,North of River,Metro,173.1,2.8000000000000114,-3.0
2022-10-16,Ampol Foodary Leederville,Ampol,ULP,175.9,319 Vincent St,LEEDERVILLE,6007,North of River,Metro,173.1,2.8000000000000114,0.0
2022-10-17,Ampol Foodary Leederville,Ampol,ULP,174.9,319 Vincent St,LEEDERVILLE,6007,North of River,Metro,173.1,1.8000000000000114,-1.0
2022-10-18,Ampol Foodary Leederville,Ampol,ULP,173.9,319 Vincent St,LEEDERVILLE,6007,North of River,Metro,174.0,-0.09999999999999432,-1.0
2022-10-19,Ampol Foodary Leederville,Ampol,ULP,209.9,319 Vincent St,LEEDERVILLE,6007,North of River,Metro,174.0,35.900000000000006,36.0
2022-10-20,Ampol Foodary Leederville,Ampol,ULP,202.9,319 Vincent St,LEEDERVILLE,6007,North of River,Metro,173.8,29.099999999999994,-7.0
2022-10-21,Ampol Foodary Leederville,Ampol,ULP,202.9,319 Vincent St,LEEDERVILLE,6007,North of River,Metro,173.4,29.5,0.0
2022-10-22,Ampol Foodary Leederville,Ampol,ULP,199.9,319 Vincent St,LEEDERVILLE,6007,North of River,Metro,173.4,26.5,-3.0
2022-10-23,Ampol Foodary Leederville,Ampol,ULP,194.9,319 Vincent St,LEEDERVILLE,6007,North of River,Metro,173.4,21.5,-5.0
2022-10-24,Ampol Foodary Leederville,Ampol,ULP,184.9,319 Vincent St,LEEDERVILLE,6007,North of River,Metro,173.7,11.200000000000017,-10.0
2022-10-25,Ampol Foodary Leederville,Ampol,ULP,174.9,319 Vincent St,LEEDERVILLE,6007,North of River,Metro,173.9,1.0,-10.0
2022-10-26,Ampol Foodary Leederville,Ampol,ULP,209.9,319 Vincent St,LEEDERVILLE,6007,North of River,Metro,173.7,36.20000000000002,35.0
2022-10-27,Ampol Foodary Leederville,Ampol,ULP,189.9,319 Vincent St,LEEDERVILLE,6007,North of River,Metro,173.8,16.099999999999994,-20.0
2022-10-28,Ampol Foodary Leederville,Ampol,ULP,189.9,319 Vincent St,LEEDERVILLE,6007,North of River,Metro,173.6,16.30000000000001,0.0
2022-10-29,Ampol Foodary Leederville,Ampol,ULP,181.9,319 Vincent St,LEEDERVILLE,6007,North of River,Metro,173.6,8.300000000000011,-8.0
2022-10-30,Ampol Foodary Leederville,Ampol,ULP,179.9,319 Vincent St,LEEDERVILLE,6007,North of River,Metro,173.6,6.300000000000011,-2.0
2022-10-31,Ampol Foodary Leederville,Ampol,ULP,177.9,319 Vincent St,LEEDERVILLE,6007,North of River,Metro,172.7,5.200000000000017,-2.0
2022-11-01,Ampol Foodary Leederville,Ampol,ULP,175.9,319 Vincent St,LEEDERVILLE,6007,North of River,Metro,172.0,3.9000000000000057,-2.0
2022-11-02,Ampol Foodary Leederville,Ampol,ULP,208.9,319 Vincent St,LEEDERVILLE,6007,North of River,Metro,171.6,37.30000000000001,33.0
2022-11-03,Ampol Foodary Leederville,Ampol,ULP,205.9,319 Vincent St,LEEDERVILLE,6007,North of River,Metro,171.5,34.400000000000006,-3.0
2022-11-04,Ampol Foodary Leederville,Ampol,ULP,203.9,319 Vincent St,LEEDERVILLE,6007,North of River,Metro,172.0,31.900000000000006,-2.0
2022-11-05,Ampol Foodary Leederville,Ampol,ULP,199.9,319 Vincent St,LEEDERVILLE,6007,North of River,Metro,172.0,27.900000000000006,-4.0
2022-11-06,Ampol Foodary Leederville,Ampol,ULP,197.9,319 Vincent St,LEEDERVILLE,6007,North of River,Metro,172.0,25.900000000000006,-2.0
2022-11-07,Ampol Foodary Leederville,Ampol,ULP,194.9,319 Vincent St,LEEDERVILLE,6007,North of River,Metro,172.9,22.0,-3.0
2022-11-08,Ampol Foodary Leederville,Ampol,ULP,192.9,319 Vincent St,LEEDERVILLE,6007,North of River,Metro,175.2,17.700000000000017,-2.0
2022-11-09,Ampol Foodary Leederville,Ampol,ULP,199.9,319 Vincent St,LEEDERVILLE,6007,North of River,Metro,177.6,22.30000000000001,7.0
2022-11-10,Ampol Foodary Leederville,Ampol,ULP,197.9,319 Vincent St,LEEDERVILLE,6007,North of River,Metro,179.0,18.900000000000006,-2.0
2022-11-11,Ampol Foodary Leederville,Ampol,ULP,195.9,319 Vincent St,LEEDERVILLE,6007,North of River,Metro,179.4,16.5,-2.0
2022-11-12,Ampol Foodary Leederville,Ampol,ULP,193.9,319 Vincent St,LEEDERVILLE,6007,North of River,Metro,179.4,14.5,-2.0
2022-11-13,Ampol Foodary Leederville,Ampol,ULP,191.9,319 Vincent St,LEEDERVILLE,6007,North of River,Metro,179.4,12.5,-2.0
2022-11-14,Ampol Foodary Leederville,Ampol,ULP,189.9,319 Vincent St,LEEDERVILLE,6007,North of River,Metro,179.2,10.700000000000017,-2.0
2022-11-15,Ampol Foodary Leederville,Ampol,ULP,184.9,319 Vincent St,LEEDERVILLE,6007,North of River,Metro,177.9,7.0,-5.0
2022-11-16,Ampol Foodary Leederville,Ampol,ULP,213.9,319 Vincent St,LEEDERVILLE,6007,North of River,Metro,177.1,36.80000000000001,29.0
2022-11-17,Ampol Foodary Leederville,Ampol,ULP,207.9,319 Vincent St,LEEDERVILLE,6007,North of River,Metro,175.5,32.400000000000006,-6.0
2022-11-18,Ampol Foodary Leederville,Ampol,ULP,205.9,319 Vincent St,LEEDERVILLE,6007,North of River,Metro,174.3,31.599999999999994,-2.0
2022-11-19,Ampol Foodary Leederville,Ampol,ULP,193.9,319 Vincent St,LEEDERVILLE,6007,North of River,Metro,174.3,19.599999999999994,-12.0
2022-11-20,Ampol Foodary Leederville,Ampol,ULP,189.9,319 Vincent St,LEEDERVILLE,6007,North of River,Metro,174.3,15.599999999999994,-4.0
2022-11-21,Ampol Foodary Leederville,Ampol,ULP,187.9,319 Vincent St,LEEDERVILLE,6007,North of River,Metro,173.4,14.5,-2.0
2022-11-22,Ampol Foodary Leederville,Ampol,ULP,175.9,319 Vincent St,LEEDERVILLE,6007,North of River,Metro,172.3,3.5999999999999943,-12.0
2022-11-23,Ampol Foodary Leederville,Ampol,ULP,193.9,319 Vincent St,LEEDERVILLE,6007,North of River,Metro,171.4,22.5,18.0
2022-11-24,Ampol Foodary Leederville,Ampol,ULP,192.9,319 Vincent St,LEEDERVILLE,6007,North of River,Metro,170.9,22.0,-1.0
2022-11-25,Ampol Foodary Leederville,Ampol,ULP,189.9,319 Vincent St,LEEDERVILLE,6007,North of River,Metro,170.4,19.5,-3.0
2022-11-26,Ampol Foodary Leederville,Ampol,ULP,186.9,319 Vincent St,LEEDERVILLE,6007,North of River,Metro,170.4,16.5,-3.0
2022-11-27,Ampol Foodary Leederville,Ampol,ULP,183.9,319 Vincent St,LEEDERVILLE,6007,North of River,Metro,170.4,13.5,-3.0
2022-11-28,Ampol Foodary Leederville,Ampol,ULP,181.9,319 Vincent St,LEEDERVILLE,6007,North of River,Metro,169.5,12.400000000000006,-2.0
2022-11-29,Ampol Foodary Leederville,Ampol,ULP,171.9,319 Vincent St,LEEDERVILLE,6007,North of River,Metro,168.7,3.200000000000017,-10.0
2022-11-30,Ampol Foodary Leederville,Ampol,ULP,205.9,319 Vincent St,LEEDERVILLE,6007,North of River,Metro,167.1,38.80000000000001,34.0
2022-12-01,Ampol Foodary Leederville,Ampol,ULP,197.9,319 Vincent St,LEEDERVILLE,6007,North of River,Metro,165.8,32.099999999999994,-8.0
2022-12-02,Ampol Foodary Leederville,Ampol,ULP,189.9,319 Vincent St,LEEDERVILLE,6007,North of River,Metro,164.4,25.5,-8.0
2022-12-03,Ampol Foodary Leederville,Ampol,ULP,179.9,319 Vincent St,LEEDERVILLE,6007,North of River,Metro,164.4,15.5,-10.0
2022-12-04,Ampol Foodary Leederville,Ampol,ULP,174.9,319 Vincent St,LEEDERVILLE,6007,North of River,Metro,164.4,10.5,-5.0
2022-12-05,Ampol Foodary Leederville,Ampol,ULP,171.9,319 Vincent St,LEEDERVILLE,6007,North of River,Metro,163.6,8.300000000000011,-3.0
2022-12-06,Ampol Foodary Leederville,Ampol,ULP,167.9,319 Vincent St,LEEDERVILLE,6007,North of River,Metro,162.8,5.099999999999994,-4.0
2022-12-07,Ampol Foodary Leederville,Ampol,ULP,194.9,319 Vincent St,LEEDERVILLE,6007,North of River,Metro,162.7,32.20000000000002,27.0
2022-12-08,Ampol Foodary Leederville,Ampol,ULP,192.9,319 Vincent St,LEEDERVILLE,6007,North of River,Metro,162.3,30.599999999999994,-2.0
2022-12-09,Ampol Foodary Leederville,Ampol,ULP,184.9,319 Vincent St,LEEDERVILLE,6007,North of River,Metro,161.8,23.099999999999994,-8.0
2022-12-10,Ampol Foodary Leederville,Ampol,ULP,174.9,319 Vincent St,LEEDERVILLE,6007,North of River,Metro,161.8,13.099999999999994,-10.0
2022-12-11,Ampol Foodary Leederville,Ampol,ULP,167.9,319 Vincent St,LEEDERVILLE,6007,North of River,Metro,161.8,6.099999999999994,-7.0
2022-12-12,Ampol Foodary Leederville,Ampol,ULP,165.9,319 Vincent St,LEEDERVILLE,6007,North of River,Metro,160.7,5.200000000000017,-2.0
2022-12-13,Ampol Foodary Leederville,Ampol,ULP,159.9,319 Vincent St,LEEDERVILLE,6007,North of River,Metro,159.4,0.5,-6.0
2022-12-14,Ampol Foodary Leederville,Ampol,ULP,193.9,319 Vincent St,LEEDERVILLE,6007,North of River,Metro,157.7,36.20000000000002,34.0
2022-12-15,Ampol Foodary Leederville,Ampol,ULP,187.9,319 Vincent St,LEEDERVILLE,6007,North of River,Metro,157.4,30.5,-6.0
2022-12-16,Ampol Foodary Leederville,Ampol,ULP,179.9,319 Vincent St,LEEDERVILLE,6007,North of River,Metro,157.3,22.599999999999994,-8.0
2022-12-17,Ampol Foodary Leederville,Ampol,ULP,173.9,319 Vincent St,LEEDERVILLE,6007,North of River,Metro,157.3,16.599999999999994,-6.0
2022-12-18,Ampol Foodary Leederville,Ampol,ULP,171.9,319 Vincent St,LEEDERVILLE,6007,North of River,Metro,157.3,14.599999999999994,-2.0
2022-12-19,Ampol Foodary Leederville,Ampol,ULP,169.9,319 Vincent St,LEEDERVILLE,6007,North of River,Metro,157.5,12.400000000000006,-2.0
2022-12-20,Ampol Foodary Leederville,Ampol,ULP,157.9,319 Vincent St,LEEDERVILLE,6007,North of River,Metro,158.3,-0.4000000000000057,-12.0
2022-12-21,Ampol Foodary Leederville,Ampol,ULP,193.9,319 Vincent St,LEEDERVILLE,6007,North of River,Metro,158.8,35.099999999999994,36.0
2022-12-22,Ampol Foodary Leederville,Ampol,ULP,189.9,319 Vincent St,LEEDERVILLE,6007,North of River,Metro,159.3,30.599999999999994,-4.0
2022-12-23,Ampol Foodary Leederville,Ampol,ULP,179.9,319 Vincent St,LEEDERVILLE,6007,North of River,Metro,159.6,20.30000000000001,-10.0
2022-12-24,Ampol Foodary Leederville,Ampol,ULP,169.9,319 Vincent St,LEEDERVILLE,6007,North of River,Metro,159.6,10.300000000000011,-10.0
2022-12-25,Ampol Foodary Leederville,Ampol,ULP,167.9,319 Vincent St,LEEDERVILLE,6007,North of River,Metro,159.6,8.300000000000011,-2.0
2022-12-26,Ampol Foodary Leederville,Ampol,ULP,165.9,319 Vincent St,LEEDERVILLE,6007,North of River,Metro,160.0,5.900000000000006,-2.0
2022-12-27,Ampol Foodary Leederville,Ampol,ULP,159.9,319 Vincent St,LEEDERVILLE,6007,North of River,Metro,160.2,-0.29999999999998295,-6.0
2022-12-28,Ampol Foodary Leederville,Ampol,ULP,195.9,319 Vincent St,LEEDERVILLE,6007,North of River,Metro,161.9,34.0,36.0
2022-12-29,Ampol Foodary Leederville,Ampol,ULP,189.9,319 Vincent St,LEEDERVILLE,6007,North of River,Metro,162.3,27.599999999999994,-6.0
2022-12-30,Ampol Foodary Leederville,Ampol,ULP,179.9,319 Vincent St,LEEDERVILLE,6007,North of River,Metro,164.1,15.800000000000011,-10.0
2022-12-31,Ampol Foodary Leederville,Ampol,ULP,164.9,319 Vincent St,LEEDERVILLE,6007,North of River,Metro,148.1,16.80000000000001,-15.0
2022-01-01,Ampol Foodary Subiaco,Ampol,ULP,173.9,194 Rokeby Rd,SUBIACO,6008,North of River,Metro,148.1,25.80000000000001,
2022-01-02,Ampol Foodary Subiaco,Ampol,ULP,170.9,194 Rokeby Rd,SUBIACO,6008,North of River,Metro,148.1,22.80000000000001,-3.0
2022-01-03,Ampol Foodary Subiaco,Ampol,ULP,167.9,194 Rokeby Rd,SUBIACO,6008,North of River,Metro,149.2,18.700000000000017,-3.0
2022-01-04,Ampol Foodary Subiaco,Ampol,ULP,164.9,194 Rokeby Rd,SUBIACO,6008,North of River,Metro,149.4,15.5,-3.0
2022-01-05,Ampol Foodary Subiaco,Ampol,ULP,161.9,194 Rokeby Rd,SUBIACO,6008,North of River,Metro,150.0,11.900000000000006,-3.0
2022-01-06,Ampol Foodary Subiaco,Ampol,ULP,159.9,194 Rokeby Rd,SUBIACO,6008,North of River,Metro,150.4,9.5,-2.0
2022-01-07,Ampol Foodary Subiaco,Ampol,ULP,156.9,194 Rokeby Rd,SUBIACO,6008,North of River,Metro,150.7,6.200000000000017,-3.0
2022-01-08,Ampol Foodary Subiaco,Ampol,ULP,154.9,194 Rokeby Rd,SUBIACO,6008,North of River,Metro,150.7,4.200000000000017,-2.0
2022-01-09,Ampol Foodary Subiaco,Ampol,ULP,151.9,194 Rokeby Rd,SUBIACO,6008,North of River,Metro,150.7,1.200000000000017,-3.0
2022-01-10,Ampol Foodary Subiaco,Ampol,ULP,150.9,194 Rokeby Rd,SUBIACO,6008,North of River,Metro,151.0,-0.09999999999999432,-1.0
2022-01-11,Ampol Foodary Subiaco,Ampol,ULP,149.9,194 Rokeby Rd,SUBIACO,6008,North of River,Metro,151.4,-1.5,-1.0
2022-01-12,Ampol Foodary Subiaco,Ampol,ULP,189.9,194 Rokeby Rd,SUBIACO,6008,North of River,Metro,151.8,38.099999999999994,40.0
2022-01-13,Ampol Foodary Subiaco,Ampol,ULP,186.9,194 Rokeby Rd,SUBIACO,6008,North of River,Metro,152.1,34.80000000000001,-3.0
2022-01-14,Ampol Foodary Subiaco,Ampol,ULP,183.9,194 Rokeby Rd,SUBIACO,6008,North of River,Metro,152.6,31.30000000000001,-3.0
2022-01-15,Ampol Foodary Subiaco,Ampol,ULP,179.9,194 Rokeby Rd,SUBIACO,6008,North of River,Metro,152.6,27.30000000000001,-4.0
2022-01-16,Ampol Foodary Subiaco,Ampol,ULP,176.9,194 Rokeby Rd,SUBIACO,6008,North of River,Metro,152.6,24.30000000000001,-3.0
2022-01-17,Ampol Foodary Subiaco,Ampol,ULP,172.9,194 Rokeby Rd,SUBIACO,6008,North of River,Metro,153.0,19.900000000000006,-4.0
2022-01-18,Ampol Foodary Subiaco,Ampol,ULP,169.9,194 Rokeby Rd,SUBIACO,6008,North of River,Metro,153.4,16.5,-3.0
2022-01-19,Ampol Foodary Subiaco,Ampol,ULP,166.9,194 Rokeby Rd,SUBIACO,6008,North of River,Metro,154.3,12.599999999999994,-3.0
2022-01-20,Ampol Foodary Subiaco,Ampol,ULP,163.9,194 Rokeby Rd,SUBIACO,6008,North of River,Metro,155.0,8.900000000000006,-3.0
2022-01-21,Ampol Foodary Subiaco,Ampol,ULP,160.9,194 Rokeby Rd,SUBIACO,6008,North of River,Metro,155.9,5.0,-3.0
2022-01-22,Ampol Foodary Subiaco,Ampol,ULP,157.9,194 Rokeby Rd,SUBIACO,6008,North of River,Metro,155.9,2.0,-3.0
2022-01-23,Ampol Foodary Subiaco,Ampol,ULP,156.9,194 Rokeby Rd,SUBIACO,6008,North of River,Metro,155.9,1.0,-1.0
2022-01-24,Ampol Foodary Subiaco,Ampol,ULP,155.9,194 Rokeby Rd,SUBIACO,6008,North of River,Metro,156.7,-0.799999999999983,-1.0
2022-01-25,Ampol Foodary Subiaco,Ampol,ULP,154.9,194 Rokeby Rd,SUBIACO,6008,North of River,Metro,157.0,-2.0999999999999943,-1.0
2022-01-26,Ampol Foodary Subiaco,Ampol,ULP,193.9,194 Rokeby Rd,SUBIACO,6008,North of River,Metro,157.4,36.5,39.0
2022-01-27,Ampol Foodary Subiaco,Ampol,ULP,190.9,194 Rokeby Rd,SUBIACO,6008,North of River,Metro,157.6,33.30000000000001,-3.0
2022-01-28,Ampol Foodary Subiaco,Ampol,ULP,187.9,194 Rokeby Rd,SUBIACO,6008,North of River,Metro,158.5,29.400000000000006,-3.0
2022-01-29,Ampol Foodary Subiaco,Ampol,ULP,185.9,194 Rokeby Rd,SUBIACO,6008,North of River,Metro,158.5,27.400000000000006,-2.0
2022-01-30,Ampol Foodary Subiaco,Ampol,ULP,183.9,194 Rokeby Rd,SUBIACO,6008,North of River,Metro,158.5,25.400000000000006,-2.0
2022-01-31,Ampol Foodary Subiaco,Ampol,ULP,179.9,194 Rokeby Rd,SUBIACO,6008,North of River,Metro,160.0,19.900000000000006,-4.0
2022-02-01,Ampol Foodary Subiaco,Ampol,ULP,177.9,194 Rokeby Rd,SUBIACO,6008,North of River,Metro,162.1,15.800000000000011,-2.0
2022-02-02,Ampol Foodary Subiaco,Ampol,ULP,175.9,194 Rokeby Rd,SUBIACO,6008,North of River,Metro,163.3,12.599999999999994,-2.0
2022-02-03,Ampol Foodary Subiaco,Ampol,ULP,169.9,194 Rokeby Rd,SUBIACO,6008,North of River,Metro,164.1,5.800000000000011,-6.0
2022-02-04,Ampol Foodary Subiaco,Ampol,ULP,170.9,194 Rokeby Rd,SUBIACO,6008,North of River,Metro,164.7,6.200000000000017,1.0
2022-02-05,Ampol Foodary Subiaco,Ampol,ULP,166.9,194 Rokeby Rd,SUBIACO,6008,North of River,Metro,164.7,2.200000000000017,-4.0
2022-02-06,Ampol Foodary Subiaco,Ampol,ULP,165.9,194 Rokeby Rd,SUBIACO,6008,North of River,Metro,164.7,1.200000000000017,-1.0
2022-02-07,Ampol Foodary Subiaco,Ampol,ULP,164.9,194 Rokeby Rd,SUBIACO,6008,North of River,Metro,165.3,-0.4000000000000057,-1.0
2022-02-08,Ampol Foodary Subiaco,Ampol,ULP,163.9,194 Rokeby Rd,SUBIACO,6008,North of River,Metro,166.1,-2.1999999999999886,-1.0
2022-02-09,Ampol Foodary Subiaco,Ampol,ULP,199.9,194 Rokeby Rd,SUBIACO,6008,North of River,Metro,166.5,33.400000000000006,36.0
2022-02-10,Ampol Foodary Subiaco,Ampol,ULP,196.9,194 Rokeby Rd,SUBIACO,6008,North of River,Metro,166.6,30.30000000000001,-3.0
2022-02-11,Ampol Foodary Subiaco,Ampol,ULP,193.9,194 Rokeby Rd,SUBIACO,6008,North of River,Metro,166.8,27.099999999999994,-3.0
2022-02-12,Ampol Foodary Subiaco,Ampol,ULP,190.9,194 Rokeby Rd,SUBIACO,6008,North of River,Metro,166.8,24.099999999999994,-3.0
2022-02-13,Ampol Foodary Subiaco,Ampol,ULP,187.9,194 Rokeby Rd,SUBIACO,6008,North of River,Metro,166.8,21.099999999999994,-3.0
2022-02-14,Ampol Foodary Subiaco,Ampol,ULP,184.9,194 Rokeby Rd,SUBIACO,6008,North of River,Metro,167.2,17.700000000000017,-3.0
2022-02-15,Ampol Foodary Subiaco,Ampol,ULP,181.9,194 Rokeby Rd,SUBIACO,6008,North of River,Metro,167.8,14.099999999999994,-3.0
2022-02-16,Ampol Foodary Subiaco,Ampol,ULP,178.9,194 Rokeby Rd,SUBIACO,6008,North of River,Metro,168.7,10.200000000000017,-3.0
2022-02-17,Ampol Foodary Subiaco,Ampol,ULP,176.9,194 Rokeby Rd,SUBIACO,6008,North of River,Metro,169.6,7.300000000000011,-2.0
2022-02-18,Ampol Foodary Subiaco,Ampol,ULP,174.9,194 Rokeby Rd,SUBIACO,6008,North of River,Metro,170.2,4.700000000000017,-2.0
2022-02-19,Ampol Foodary Subiaco,Ampol,ULP,172.9,194 Rokeby Rd,SUBIACO,6008,North of River,Metro,170.2,2.700000000000017,-2.0
2022-02-20,Ampol Foodary Subiaco,Ampol,ULP,171.9,194 Rokeby Rd,SUBIACO,6008,North of River,Metro,170.2,1.700000000000017,-1.0
2022-02-21,Ampol Foodary Subiaco,Ampol,ULP,170.9,194 Rokeby Rd,SUBIACO,6008,North of River,Metro,170.0,0.9000000000000057,-1.0
2022-02-22,Ampol Foodary Subiaco,Ampol,ULP,170.9,194 Rokeby Rd,SUBIACO,6008,North of River,Metro,169.8,1.0999999999999943,0.0
2022-02-23,Ampol Foodary Subiaco,Ampol,ULP,199.9,194 Rokeby Rd,SUBIACO,6008,North of River,Metro,169.4,30.5,29.0
2022-02-24,Ampol Foodary Subiaco,Ampol,ULP,199.9,194 Rokeby Rd,SUBIACO,6008,North of River,Metro,169.6,30.30000000000001,0.0
2022-02-25,Ampol Foodary Subiaco,Ampol,ULP,197.9,194 Rokeby Rd,SUBIACO,6008,North of River,Metro,169.6,28.30000000000001,-2.0
2022-02-26,Ampol Foodary Subiaco,Ampol,ULP,195.9,194 Rokeby Rd,SUBIACO,6008,North of River,Metro,169.6,26.30000000000001,-2.0
2022-02-27,Ampol Foodary Subiaco,Ampol,ULP,194.9,194 Rokeby Rd,SUBIACO,6008,North of River,Metro,169.6,25.30000000000001,-1.0
2022-02-28,Ampol Foodary Subiaco,Ampol,ULP,192.9,194 Rokeby Rd,SUBIACO,6008,North of River,Metro,171.0,21.900000000000006,-2.0
2022-03-01,Ampol Foodary Subiaco,Ampol,ULP,193.9,194 Rokeby Rd,SUBIACO,6008,North of River,Metro,172.4,21.5,1.0
2022-03-02,Ampol Foodary Subiaco,Ampol,ULP,189.9,194 Rokeby Rd,SUBIACO,6008,North of River,Metro,173.3,16.599999999999994,-4.0
2022-03-03,Ampol Foodary Subiaco,Ampol,ULP,187.9,194 Rokeby Rd,SUBIACO,6008,North of River,Metro,174.4,13.5,-2.0
2022-03-04,Ampol Foodary Subiaco,Ampol,ULP,185.9,194 Rokeby Rd,SUBIACO,6008,North of River,Metro,177.7,8.200000000000017,-2.0
2022-03-05,Ampol Foodary Subiaco,Ampol,ULP,183.9,194 Rokeby Rd,SUBIACO,6008,North of River,Metro,177.7,6.200000000000017,-2.0
2022-03-06,Ampol Foodary Subiaco,Ampol,ULP,182.9,194 Rokeby Rd,SUBIACO,6008,North of River,Metro,177.7,5.200000000000017,-1.0
2022-03-07,Ampol Foodary Subiaco,Ampol,ULP,179.9,194 Rokeby Rd,SUBIACO,6008,North of River,Metro,178.8,1.0999999999999943,-3.0
2022-03-08,Ampol Foodary Subiaco,Ampol,ULP,179.9,194 Rokeby Rd,SUBIACO,6008,North of River,Metro,183.5,-3.5999999999999943,0.0
2022-03-09,Ampol Foodary Subiaco,Ampol,ULP,221.9,194 Rokeby Rd,SUBIACO,6008,North of River,Metro,187.0,34.900000000000006,42.0
2022-03-10,Ampol Foodary Subiaco,Ampol,ULP,219.9,194 Rokeby Rd,SUBIACO,6008,North of River,Metro,192.0,27.900000000000006,-2.0
2022-03-11,Ampol Foodary Subiaco,Ampol,ULP,218.9,194 Rokeby Rd,SUBIACO,6008,North of River,Metro,196.4,22.5,-1.0
2022-03-12,Ampol Foodary Subiaco,Ampol,ULP,215.9,194 Rokeby Rd,SUBIACO,6008,North of River,Metro,196.4,19.5,-3.0
2022-03-13,Ampol Foodary Subiaco,Ampol,ULP,213.9,194 Rokeby Rd,SUBIACO,6008,North of River,Metro,196.4,17.5,-2.0
2022-03-14,Ampol Foodary Subiaco,Ampol,ULP,209.9,194 Rokeby Rd,SUBIACO,6008,North of River,Metro,198.0,11.900000000000006,-4.0
2022-03-15,Ampol Foodary Subiaco,Ampol,ULP,209.9,194 Rokeby Rd,SUBIACO,6008,North of River,Metro,197.8,12.099999999999994,0.0
2022-03-16,Ampol Foodary Subiaco,Ampol,ULP,204.9,194 Rokeby Rd,SUBIACO,6008,North of River,Metro,195.8,9.099999999999994,-5.0
2022-03-17,Ampol Foodary Subiaco,Ampol,ULP,204.9,194 Rokeby Rd,SUBIACO,6008,North of River,Metro,193.5,11.400000000000006,0.0
2022-03-18,Ampol Foodary Subiaco,Ampol,ULP,202.9,194 Rokeby Rd,SUBIACO,6008,North of River,Metro,188.0,14.900000000000006,-2.0
2022-03-19,Ampol Foodary Subiaco,Ampol,ULP,199.9,194 Rokeby Rd,SUBIACO,6008,North of River,Metro,188.0,11.900000000000006,-3.0
2022-03-20,Ampol Foodary Subiaco,Ampol,ULP,196.9,194 Rokeby Rd,SUBIACO,6008,North of River,Metro,188.0,8.900000000000006,-3.0
2022-03-21,Ampol Foodary Subiaco,Ampol,ULP,193.9,194 Rokeby Rd,SUBIACO,6008,North of River,Metro,186.7,7.200000000000017,-3.0
2022-03-22,Ampol Foodary Subiaco,Ampol,ULP,191.9,194 Rokeby Rd,SUBIACO,6008,North of River,Metro,185.1,6.800000000000011,-2.0
2022-03-23,Ampol Foodary Subiaco,Ampol,ULP,219.9,194 Rokeby Rd,SUBIACO,6008,North of River,Metro,185.1,34.80000000000001,28.0
2022-03-24,Ampol Foodary Subiaco,Ampol,ULP,218.9,194 Rokeby Rd,SUBIACO,6008,North of River,Metro,186.3,32.599999999999994,-1.0
2022-03-25,Ampol Foodary Subiaco,Ampol,ULP,214.9,194 Rokeby Rd,SUBIACO,6008,North of River,Metro,187.2,27.700000000000017,-4.0
2022-03-26,Ampol Foodary Subiaco,Ampol,ULP,212.9,194 Rokeby Rd,SUBIACO,6008,North of River,Metro,187.2,25.700000000000017,-2.0
2022-03-27,Ampol Foodary Subiaco,Ampol,ULP,207.9,194 Rokeby Rd,SUBIACO,6008,North of River,Metro,187.2,20.700000000000017,-5.0
2022-03-28,Ampol Foodary Subiaco,Ampol,ULP,205.9,194 Rokeby Rd,SUBIACO,6008,North of River,Metro,188.2,17.700000000000017,-2.0
2022-03-29,Ampol Foodary Subiaco,Ampol,ULP,202.9,194 Rokeby Rd,SUBIACO,6008,North of River,Metro,187.8,15.099999999999994,-3.0
2022-03-30,Ampol Foodary Subiaco,Ampol,ULP,199.9,194 Rokeby Rd,SUBIACO,6008,North of River,Metro,174.9,25.0,-3.0
2022-03-31,Ampol Foodary Subiaco,Ampol,ULP,189.9,194 Rokeby Rd,SUBIACO,6008,North of River,Metro,161.4,28.5,-10.0
2022-04-01,Ampol Foodary Subiaco,Ampol,ULP,183.9,194 Rokeby Rd,SUBIACO,6008,North of River,Metro,160.0,23.900000000000006,-6.0
2022-04-02,Ampol Foodary Subiaco,Ampol,ULP,179.9,194 Rokeby Rd,SUBIACO,6008,North of River,Metro,160.0,19.900000000000006,-4.0
2022-04-03,Ampol Foodary Subiaco,Ampol,ULP,174.9,194 Rokeby Rd,SUBIACO,6008,North of River,Metro,160.0,14.900000000000006,-5.0
2022-04-04,Ampol Foodary Subiaco,Ampol,ULP,169.9,194 Rokeby Rd,SUBIACO,6008,North of River,Metro,158.7,11.200000000000017,-5.0
2022-04-05,Ampol Foodary Subiaco,Ampol,ULP,162.9,194 Rokeby Rd,SUBIACO,6008,North of River,Metro,156.9,6.0,-7.0
2022-04-06,Ampol Foodary Subiaco,Ampol,ULP,191.9,194 Rokeby Rd,SUBIACO,6008,North of River,Metro,155.8,36.099999999999994,29.0
2022-04-07,Ampol Foodary Subiaco,Ampol,ULP,187.9,194 Rokeby Rd,SUBIACO,6008,North of River,Metro,155.2,32.70000000000002,-4.0
2022-04-08,Ampol Foodary Subiaco,Ampol,ULP,179.9,194 Rokeby Rd,SUBIACO,6008,North of River,Metro,154.6,25.30000000000001,-8.0
2022-04-09,Ampol Foodary Subiaco,Ampol,ULP,175.9,194 Rokeby Rd,SUBIACO,6008,North of River,Metro,154.6,21.30000000000001,-4.0
2022-04-10,Ampol Foodary Subiaco,Ampol,ULP,172.9,194 Rokeby Rd,SUBIACO,6008,North of River,Metro,154.6,18.30000000000001,-3.0
2022-04-11,Ampol Foodary Subiaco,Ampol,ULP,170.9,194 Rokeby Rd,SUBIACO,6008,North of River,Metro,153.6,17.30000000000001,-2.0
2022-04-12,Ampol Foodary Subiaco,Ampol,ULP,167.9,194 Rokeby Rd,SUBIACO,6008,North of River,Metro,153.3,14.599999999999994,-3.0
2022-04-13,Ampol Foodary Subiaco,Ampol,ULP,165.9,194 Rokeby Rd,SUBIACO,6008,North of River,Metro,152.8,13.099999999999994,-2.0
2022-04-14,Ampol Foodary Subiaco,Ampol,ULP,163.9,194 Rokeby Rd,SUBIACO,6008,North of River,Metro,152.3,11.599999999999994,-2.0
2022-04-15,Ampol Foodary Subiaco,Ampol,ULP,155.9,194 Rokeby Rd,SUBIACO,6008,North of River,Metro,152.3,3.5999999999999943,-8.0
2022-04-16,Ampol Foodary Subiaco,Ampol,ULP,153.9,194 Rokeby Rd,SUBIACO,6008,North of River,Metro,152.3,1.5999999999999943,-2.0
2022-04-17,Ampol Foodary Subiaco,Ampol,ULP,152.9,194 Rokeby Rd,SUBIACO,6008,North of River,Metro,152.3,0.5999999999999943,-1.0
2022-04-18,Ampol Foodary Subiaco,Ampol,ULP,151.9,194 Rokeby Rd,SUBIACO,6008,North of River,Metro,152.7,-0.799999999999983,-1.0
2022-04-19,Ampol Foodary Subiaco,Ampol,ULP,151.9,194 Rokeby Rd,SUBIACO,6008,North of River,Metro,154.3,-2.4000000000000057,0.0
2022-04-20,Ampol Foodary Subiaco,Ampol,ULP,189.9,194 Rokeby Rd,SUBIACO,6008,North of River,Metro,157.5,32.400000000000006,38.0
2022-04-21,Ampol Foodary Subiaco,Ampol,ULP,186.9,194 Rokeby Rd,SUBIACO,6008,North of River,Metro,159.9,27.0,-3.0
2022-04-22,Ampol Foodary Subiaco,Ampol,ULP,179.9,194 Rokeby Rd,SUBIACO,6008,North of River,Metro,161.4,18.5,-7.0
2022-04-23,Ampol Foodary Subiaco,Ampol,ULP,179.9,194 Rokeby Rd,SUBIACO,6008,North of River,Metro,161.4,18.5,0.0
2022-04-24,Ampol Foodary Subiaco,Ampol,ULP,176.9,194 Rokeby Rd,SUBIACO,6008,North of River,Metro,161.4,15.5,-3.0
2022-04-25,Ampol Foodary Subiaco,Ampol,ULP,174.9,194 Rokeby Rd,SUBIACO,6008,North of River,Metro,162.0,12.900000000000006,-2.0
2022-04-26,Ampol Foodary Subiaco,Ampol,ULP,172.9,194 Rokeby Rd,SUBIACO,6008,North of River,Metro,162.2,10.700000000000017,-2.0
2022-04-27,Ampol Foodary Subiaco,Ampol,ULP,165.9,194 Rokeby Rd,SUBIACO,6008,North of River,Metro,162.2,3.700000000000017,-7.0
2022-04-28,Ampol Foodary Subiaco,Ampol,ULP,165.9,194 Rokeby Rd,SUBIACO,6008,North of River,Metro,162.7,3.200000000000017,0.0
2022-04-29,Ampol Foodary Subiaco,Ampol,ULP,163.9,194 Rokeby Rd,SUBIACO,6008,North of River,Metro,164.0,-0.09999999999999432,-2.0
2022-04-30,Ampol Foodary Subiaco,Ampol,ULP,162.9,194 Rokeby Rd,SUBIACO,6008,North of River,Metro,164.0,-1.0999999999999943,-1.0
2022-05-01,Ampol Foodary Subiaco,Ampol,ULP,162.9,194 Rokeby Rd,SUBIACO,6008,North of River,Metro,164.0,-1.0999999999999943,0.0
2022-05-02,Ampol Foodary Subiaco,Ampol,ULP,162.9,194 Rokeby Rd,SUBIACO,6008,North of River,Metro,165.2,-2.299999999999983,0.0
2022-05-03,Ampol Foodary Subiaco,Ampol,ULP,163.9,194 Rokeby Rd,SUBIACO,6008,North of River,Metro,166.8,-2.9000000000000057,1.0
2022-05-04,Ampol Foodary Subiaco,Ampol,ULP,199.9,194 Rokeby Rd,SUBIACO,6008,North of River,Metro,167.2,32.70000000000002,36.0
2022-05-05,Ampol Foodary Subiaco,Ampol,ULP,195.9,194 Rokeby Rd,SUBIACO,6008,North of River,Metro,169.9,26.0,-4.0
2022-05-06,Ampol Foodary Subiaco,Ampol,ULP,193.9,194 Rokeby Rd,SUBIACO,6008,North of River,Metro,173.3,20.599999999999994,-2.0
2022-05-07,Ampol Foodary Subiaco,Ampol,ULP,189.9,194 Rokeby Rd,SUBIACO,6008,North of River,Metro,173.3,16.599999999999994,-4.0
2022-05-08,Ampol Foodary Subiaco,Ampol,ULP,187.9,194 Rokeby Rd,SUBIACO,6008,North of River,Metro,173.3,14.599999999999994,-2.0
2022-05-09,Ampol Foodary Subiaco,Ampol,ULP,185.9,194 Rokeby Rd,SUBIACO,6008,North of River,Metro,175.1,10.800000000000011,-2.0
2022-05-10,Ampol Foodary Subiaco,Ampol,ULP,179.9,194 Rokeby Rd,SUBIACO,6008,North of River,Metro,177.3,2.5999999999999943,-6.0
2022-05-11,Ampol Foodary Subiaco,Ampol,ULP,179.9,194 Rokeby Rd,SUBIACO,6008,North of River,Metro,178.4,1.5,0.0
2022-05-12,Ampol Foodary Subiaco,Ampol,ULP,177.9,194 Rokeby Rd,SUBIACO,6008,North of River,Metro,178.8,-0.9000000000000057,-2.0
2022-05-13,Ampol Foodary Subiaco,Ampol,ULP,177.9,194 Rokeby Rd,SUBIACO,6008,North of River,Metro,178.9,-1.0,0.0
2022-05-14,Ampol Foodary Subiaco,Ampol,ULP,177.9,194 Rokeby Rd,SUBIACO,6008,North of River,Metro,178.9,-1.0,0.0
2022-05-15,Ampol Foodary Subiaco,Ampol,ULP,177.9,194 Rokeby Rd,SUBIACO,6008,North of River,Metro,178.9,-1.0,0.0
2022-05-16,Ampol Foodary Subiaco,Ampol,ULP,177.9,194 Rokeby Rd,SUBIACO,6008,North of River,Metro,179.4,-1.5,0.0
2022-05-17,Ampol Foodary Subiaco,Ampol,ULP,177.9,194 Rokeby Rd,SUBIACO,6008,North of River,Metro,180.2,-2.299999999999983,0.0
2022-05-18,Ampol Foodary Subiaco,Ampol,ULP,215.9,194 Rokeby Rd,SUBIACO,6008,North of River,Metro,181.2,34.70000000000002,38.0
2022-05-19,Ampol Foodary Subiaco,Ampol,ULP,213.9,194 Rokeby Rd,SUBIACO,6008,North of River,Metro,184.0,29.900000000000006,-2.0
2022-05-20,Ampol Foodary Subiaco,Ampol,ULP,213.9,194 Rokeby Rd,SUBIACO,6008,North of River,Metro,186.8,27.099999999999994,0.0
2022-05-21,Ampol Foodary Subiaco,Ampol,ULP,208.9,194 Rokeby Rd,SUBIACO,6008,North of River,Metro,186.8,22.099999999999994,-5.0
2022-05-22,Ampol Foodary Subiaco,Ampol,ULP,206.9,194 Rokeby Rd,SUBIACO,6008,North of River,Metro,186.8,20.099999999999994,-2.0
2022-05-23,Ampol Foodary Subiaco,Ampol,ULP,203.9,194 Rokeby Rd,SUBIACO,6008,North of River,Metro,188.6,15.300000000000011,-3.0
2022-05-24,Ampol Foodary Subiaco,Ampol,ULP,203.9,194 Rokeby Rd,SUBIACO,6008,North of River,Metro,189.8,14.099999999999994,0.0
2022-05-25,Ampol Foodary Subiaco,Ampol,ULP,197.9,194 Rokeby Rd,SUBIACO,6008,North of River,Metro,189.8,8.099999999999994,-6.0
2022-05-26,Ampol Foodary Subiaco,Ampol,ULP,197.9,194 Rokeby Rd,SUBIACO,6008,North of River,Metro,188.7,9.200000000000017,0.0
2022-05-27,Ampol Foodary Subiaco,Ampol,ULP,197.9,194 Rokeby Rd,SUBIACO,6008,North of River,Metro,187.9,10.0,0.0
2022-05-28,Ampol Foodary Subiaco,Ampol,ULP,191.9,194 Rokeby Rd,SUBIACO,6008,North of River,Metro,187.9,4.0,-6.0
2022-05-29,Ampol Foodary Subiaco,Ampol,ULP,189.9,194 Rokeby Rd,SUBIACO,6008,North of River,Metro,187.9,2.0,-2.0
2022-05-30,Ampol Foodary Subiaco,Ampol,ULP,188.9,194 Rokeby Rd,SUBIACO,6008,North of River,Metro,187.6,1.3000000000000114,-1.0
2022-05-31,Ampol Foodary Subiaco,Ampol,ULP,185.9,194 Rokeby Rd,SUBIACO,6008,North of River,Metro,187.5,-1.5999999999999943,-3.0
2022-06-01,Ampol Foodary Subiaco,Ampol,ULP,219.9,194 Rokeby Rd,SUBIACO,6008,North of River,Metro,188.8,31.099999999999994,34.0
2022-06-02,Ampol Foodary Subiaco,Ampol,ULP,217.9,194 Rokeby Rd,SUBIACO,6008,North of River,Metro,189.8,28.099999999999994,-2.0
2022-06-03,Ampol Foodary Subiaco,Ampol,ULP,215.9,194 Rokeby Rd,SUBIACO,6008,North of River,Metro,189.9,26.0,-2.0
2022-06-04,Ampol Foodary Subiaco,Ampol,ULP,213.9,194 Rokeby Rd,SUBIACO,6008,North of River,Metro,189.9,24.0,-2.0
2022-06-05,Ampol Foodary Subiaco,Ampol,ULP,211.9,194 Rokeby Rd,SUBIACO,6008,North of River,Metro,189.9,22.0,-2.0
2022-06-06,Ampol Foodary Subiaco,Ampol,ULP,205.9,194 Rokeby Rd,SUBIACO,6008,North of River,Metro,189.7,16.200000000000017,-6.0
2022-06-07,Ampol Foodary Subiaco,Ampol,ULP,203.9,194 Rokeby Rd,SUBIACO,6008,North of River,Metro,189.2,14.700000000000017,-2.0
2022-06-08,Ampol Foodary Subiaco,Ampol,ULP,196.9,194 Rokeby Rd,SUBIACO,6008,North of River,Metro,189.2,7.700000000000017,-7.0
2022-06-09,Ampol Foodary Subiaco,Ampol,ULP,195.9,194 Rokeby Rd,SUBIACO,6008,North of River,Metro,189.1,6.800000000000011,-1.0
2022-06-10,Ampol Foodary Subiaco,Ampol,ULP,193.9,194 Rokeby Rd,SUBIACO,6008,North of River,Metro,189.5,4.400000000000006,-2.0
2022-06-11,Ampol Foodary Subiaco,Ampol,ULP,191.9,194 Rokeby Rd,SUBIACO,6008,North of River,Metro,189.5,2.4000000000000057,-2.0
2022-06-12,Ampol Foodary Subiaco,Ampol,ULP,191.9,194 Rokeby Rd,SUBIACO,6008,North of River,Metro,189.5,2.4000000000000057,0.0
2022-06-13,Ampol Foodary Subiaco,Ampol,ULP,190.9,194 Rokeby Rd,SUBIACO,6008,North of River,Metro,190.5,0.4000000000000057,-1.0
2022-06-14,Ampol Foodary Subiaco,Ampol,ULP,188.9,194 Rokeby Rd,SUBIACO,6008,North of River,Metro,192.7,-3.799999999999983,-2.0
2022-06-15,Ampol Foodary Subiaco,Ampol,ULP,224.9,194 Rokeby Rd,SUBIACO,6008,North of River,Metro,193.8,31.099999999999994,36.0
2022-06-16,Ampol Foodary Subiaco,Ampol,ULP,221.9,194 Rokeby Rd,SUBIACO,6008,North of River,Metro,195.9,26.0,-3.0
2022-06-17,Ampol Foodary Subiaco,Ampol,ULP,217.9,194 Rokeby Rd,SUBIACO,6008,North of River,Metro,197.8,20.099999999999994,-4.0
2022-06-18,Ampol Foodary Subiaco,Ampol,ULP,215.9,194 Rokeby Rd,SUBIACO,6008,North of River,Metro,197.8,18.099999999999994,-2.0
2022-06-19,Ampol Foodary Subiaco,Ampol,ULP,211.9,194 Rokeby Rd,SUBIACO,6008,North of River,Metro,197.8,14.099999999999994,-4.0
2022-06-20,Ampol Foodary Subiaco,Ampol,ULP,209.9,194 Rokeby Rd,SUBIACO,6008,North of River,Metro,198.6,11.300000000000011,-2.0
2022-06-21,Ampol Foodary Subiaco,Ampol,ULP,207.9,194 Rokeby Rd,SUBIACO,6008,North of River,Metro,198.7,9.200000000000017,-2.0
2022-06-22,Ampol Foodary Subiaco,Ampol,ULP,199.9,194 Rokeby Rd,SUBIACO,6008,North of River,Metro,198.8,1.0999999999999943,-8.0
2022-06-23,Ampol Foodary Subiaco,Ampol,ULP,203.9,194 Rokeby Rd,SUBIACO,6008,North of River,Metro,199.1,4.800000000000011,4.0
2022-06-24,Ampol Foodary Subiaco,Ampol,ULP,202.9,194 Rokeby Rd,SUBIACO,6008,North of River,Metro,198.7,4.200000000000017,-1.0
2022-06-25,Ampol Foodary Subiaco,Ampol,ULP,199.9,194 Rokeby Rd,SUBIACO,6008,North of River,Metro,198.7,1.200000000000017,-3.0
2022-06-26,Ampol Foodary Subiaco,Ampol,ULP,197.9,194 Rokeby Rd,SUBIACO,6008,North of River,Metro,198.7,-0.799999999999983,-2.0
2022-06-27,Ampol Foodary Subiaco,Ampol,ULP,197.9,194 Rokeby Rd,SUBIACO,6008,North of River,Metro,197.9,0.0,0.0
2022-06-28,Ampol Foodary Subiaco,Ampol,ULP,197.9,194 Rokeby Rd,SUBIACO,6008,North of River,Metro,198.3,-0.4000000000000057,0.0
2022-06-29,Ampol Foodary Subiaco,Ampol,ULP,235.9,194 Rokeby Rd,SUBIACO,6008,North of River,Metro,198.6,37.30000000000001,38.0
2022-06-30,Ampol Foodary Subiaco,Ampol,ULP,235.9,194 Rokeby Rd,SUBIACO,6008,North of River,Metro,198.2,37.70000000000002,0.0
2022-07-01,Ampol Foodary Subiaco,Ampol,ULP,225.9,194 Rokeby Rd,SUBIACO,6008,North of River,Metro,198.6,27.30000000000001,-10.0
2022-07-02,Ampol Foodary Subiaco,Ampol,ULP,221.9,194 Rokeby Rd,SUBIACO,6008,North of River,Metro,198.6,23.30000000000001,-4.0
2022-07-03,Ampol Foodary Subiaco,Ampol,ULP,218.9,194 Rokeby Rd,SUBIACO,6008,North of River,Metro,198.6,20.30000000000001,-3.0
2022-07-04,Ampol Foodary Subiaco,Ampol,ULP,213.9,194 Rokeby Rd,SUBIACO,6008,North of River,Metro,197.8,16.099999999999994,-5.0
2022-07-05,Ampol Foodary Subiaco,Ampol,ULP,209.9,194 Rokeby Rd,SUBIACO,6008,North of River,Metro,196.3,13.599999999999994,-4.0
2022-07-06,Ampol Foodary Subiaco,Ampol,ULP,207.9,194 Rokeby Rd,SUBIACO,6008,North of River,Metro,195.3,12.599999999999994,-2.0
2022-07-07,Ampol Foodary Subiaco,Ampol,ULP,205.9,194 Rokeby Rd,SUBIACO,6008,North of River,Metro,193.0,12.900000000000006,-2.0
2022-07-08,Ampol Foodary Subiaco,Ampol,ULP,203.9,194 Rokeby Rd,SUBIACO,6008,North of River,Metro,189.8,14.099999999999994,-2.0
2022-07-09,Ampol Foodary Subiaco,Ampol,ULP,199.9,194 Rokeby Rd,SUBIACO,6008,North of River,Metro,189.8,10.099999999999994,-4.0
2022-07-10,Ampol Foodary Subiaco,Ampol,ULP,195.9,194 Rokeby Rd,SUBIACO,6008,North of River,Metro,189.8,6.099999999999994,-4.0
2022-07-11,Ampol Foodary Subiaco,Ampol,ULP,193.9,194 Rokeby Rd,SUBIACO,6008,North of River,Metro,183.6,10.300000000000011,-2.0
2022-07-12,Ampol Foodary Subiaco,Ampol,ULP,187.9,194 Rokeby Rd,SUBIACO,6008,North of River,Metro,180.5,7.400000000000006,-6.0
2022-07-13,Ampol Foodary Subiaco,Ampol,ULP,219.9,194 Rokeby Rd,SUBIACO,6008,North of River,Metro,177.1,42.80000000000001,32.0
2022-07-14,Ampol Foodary Subiaco,Ampol,ULP,187.9,194 Rokeby Rd,SUBIACO,6008,North of River,Metro,172.5,15.400000000000006,-32.0
2022-07-15,Ampol Foodary Subiaco,Ampol,ULP,209.9,194 Rokeby Rd,SUBIACO,6008,North of River,Metro,169.7,40.20000000000002,22.0
2022-07-16,Ampol Foodary Subiaco,Ampol,ULP,199.9,194 Rokeby Rd,SUBIACO,6008,North of River,Metro,169.7,30.200000000000017,-10.0
2022-07-17,Ampol Foodary Subiaco,Ampol,ULP,187.9,194 Rokeby Rd,SUBIACO,6008,North of River,Metro,169.7,18.200000000000017,-12.0
2022-07-18,Ampol Foodary Subiaco,Ampol,ULP,185.9,194 Rokeby Rd,SUBIACO,6008,North of River,Metro,166.0,19.900000000000006,-2.0
2022-07-19,Ampol Foodary Subiaco,Ampol,ULP,178.9,194 Rokeby Rd,SUBIACO,6008,North of River,Metro,163.3,15.599999999999994,-7.0
2022-07-20,Ampol Foodary Subiaco,Ampol,ULP,169.9,194 Rokeby Rd,SUBIACO,6008,North of River,Metro,162.4,7.5,-9.0
2022-07-21,Ampol Foodary Subiaco,Ampol,ULP,175.9,194 Rokeby Rd,SUBIACO,6008,North of River,Metro,161.2,14.700000000000017,6.0
2022-07-22,Ampol Foodary Subiaco,Ampol,ULP,173.9,194 Rokeby Rd,SUBIACO,6008,North of River,Metro,160.7,13.200000000000017,-2.0
2022-07-23,Ampol Foodary Subiaco,Ampol,ULP,169.9,194 Rokeby Rd,SUBIACO,6008,North of River,Metro,160.7,9.200000000000017,-4.0
2022-07-24,Ampol Foodary Subiaco,Ampol,ULP,165.9,194 Rokeby Rd,SUBIACO,6008,North of River,Metro,160.7,5.200000000000017,-4.0
2022-07-25,Ampol Foodary Subiaco,Ampol,ULP,163.9,194 Rokeby Rd,SUBIACO,6008,North of River,Metro,159.2,4.700000000000017,-2.0
2022-07-26,Ampol Foodary Subiaco,Ampol,ULP,161.9,194 Rokeby Rd,SUBIACO,6008,North of River,Metro,157.9,4.0,-2.0
2022-07-27,Ampol Foodary Subiaco,Ampol,ULP,199.9,194 Rokeby Rd,SUBIACO,6008,North of River,Metro,156.2,43.70000000000002,38.0
2022-07-28,Ampol Foodary Subiaco,Ampol,ULP,191.9,194 Rokeby Rd,SUBIACO,6008,North of River,Metro,156.2,35.70000000000002,-8.0
2022-07-29,Ampol Foodary Subiaco,Ampol,ULP,189.9,194 Rokeby Rd,SUBIACO,6008,North of River,Metro,156.0,33.900000000000006,-2.0
2022-07-30,Ampol Foodary Subiaco,Ampol,ULP,179.9,194 Rokeby Rd,SUBIACO,6008,North of River,Metro,156.0,23.900000000000006,-10.0
2022-07-31,Ampol Foodary Subiaco,Ampol,ULP,175.9,194 Rokeby Rd,SUBIACO,6008,North of River,Metro,156.0,19.900000000000006,-4.0
2022-08-01,Ampol Foodary Subiaco,Ampol,ULP,167.9,194 Rokeby Rd,SUBIACO,6008,North of River,Metro,156.9,11.0,-8.0
2022-08-02,Ampol Foodary Subiaco,Ampol,ULP,161.9,194 Rokeby Rd,SUBIACO,6008,North of River,Metro,159.2,2.700000000000017,-6.0
2022-08-03,Ampol Foodary Subiaco,Ampol,ULP,163.9,194 Rokeby Rd,SUBIACO,6008,North of River,Metro,160.2,3.700000000000017,2.0
2022-08-04,Ampol Foodary Subiaco,Ampol,ULP,163.9,194 Rokeby Rd,SUBIACO,6008,North of River,Metro,159.3,4.599999999999994,0.0
2022-08-05,Ampol Foodary Subiaco,Ampol,ULP,165.9,194 Rokeby Rd,SUBIACO,6008,North of River,Metro,158.7,7.200000000000017,2.0
2022-08-06,Ampol Foodary Subiaco,Ampol,ULP,165.9,194 Rokeby Rd,SUBIACO,6008,North of River,Metro,158.7,7.200000000000017,0.0
2022-08-07,Ampol Foodary Subiaco,Ampol,ULP,161.9,194 Rokeby Rd,SUBIACO,6008,North of River,Metro,158.7,3.200000000000017,-4.0
2022-08-08,Ampol Foodary Subiaco,Ampol,ULP,160.9,194 Rokeby Rd,SUBIACO,6008,North of River,Metro,157.6,3.3000000000000114,-1.0
2022-08-09,Ampol Foodary Subiaco,Ampol,ULP,158.9,194 Rokeby Rd,SUBIACO,6008,North of River,Metro,155.0,3.9000000000000057,-2.0
2022-08-10,Ampol Foodary Subiaco,Ampol,ULP,191.9,194 Rokeby Rd,SUBIACO,6008,North of River,Metro,153.1,38.80000000000001,33.0
2022-08-11,Ampol Foodary Subiaco,Ampol,ULP,155.9,194 Rokeby Rd,SUBIACO,6008,North of River,Metro,152.1,3.8000000000000114,-36.0
2022-08-12,Ampol Foodary Subiaco,Ampol,ULP,175.9,194 Rokeby Rd,SUBIACO,6008,North of River,Metro,150.4,25.5,20.0
2022-08-13,Ampol Foodary Subiaco,Ampol,ULP,169.9,194 Rokeby Rd,SUBIACO,6008,North of River,Metro,150.4,19.5,-6.0
2022-08-14,Ampol Foodary Subiaco,Ampol,ULP,167.9,194 Rokeby Rd,SUBIACO,6008,North of River,Metro,150.4,17.5,-2.0
2022-08-15,Ampol Foodary Subiaco,Ampol,ULP,165.9,194 Rokeby Rd,SUBIACO,6008,North of River,Metro,150.2,15.700000000000017,-2.0
2022-08-16,Ampol Foodary Subiaco,Ampol,ULP,151.9,194 Rokeby Rd,SUBIACO,6008,North of River,Metro,151.3,0.5999999999999943,-14.0
2022-08-17,Ampol Foodary Subiaco,Ampol,ULP,151.9,194 Rokeby Rd,SUBIACO,6008,North of River,Metro,151.3,0.5999999999999943,0.0
2022-08-18,Ampol Foodary Subiaco,Ampol,ULP,151.9,194 Rokeby Rd,SUBIACO,6008,North of River,Metro,151.1,0.8000000000000114,0.0
2022-08-19,Ampol Foodary Subiaco,Ampol,ULP,165.9,194 Rokeby Rd,SUBIACO,6008,North of River,Metro,151.3,14.599999999999994,14.0
2022-08-20,Ampol Foodary Subiaco,Ampol,ULP,155.9,194 Rokeby Rd,SUBIACO,6008,North of River,Metro,151.3,4.599999999999994,-10.0
2022-08-21,Ampol Foodary Subiaco,Ampol,ULP,155.9,194 Rokeby Rd,SUBIACO,6008,North of River,Metro,151.3,4.599999999999994,0.0
2022-08-22,Ampol Foodary Subiaco,Ampol,ULP,153.9,194 Rokeby Rd,SUBIACO,6008,North of River,Metro,151.9,2.0,-2.0
2022-08-23,Ampol Foodary Subiaco,Ampol,ULP,149.9,194 Rokeby Rd,SUBIACO,6008,North of River,Metro,152.5,-2.5999999999999943,-4.0
2022-08-24,Ampol Foodary Subiaco,Ampol,ULP,153.9,194 Rokeby Rd,SUBIACO,6008,North of River,Metro,153.5,0.4000000000000057,4.0
2022-08-25,Ampol Foodary Subiaco,Ampol,ULP,179.9,194 Rokeby Rd,SUBIACO,6008,North of River,Metro,154.8,25.099999999999994,26.0
2022-08-26,Ampol Foodary Subiaco,Ampol,ULP,175.9,194 Rokeby Rd,SUBIACO,6008,North of River,Metro,156.2,19.700000000000017,-4.0
2022-08-27,Ampol Foodary Subiaco,Ampol,ULP,175.9,194 Rokeby Rd,SUBIACO,6008,North of River,Metro,156.2,19.700000000000017,0.0
2022-08-28,Ampol Foodary Subiaco,Ampol,ULP,173.9,194 Rokeby Rd,SUBIACO,6008,North of River,Metro,156.2,17.700000000000017,-2.0
2022-08-29,Ampol Foodary Subiaco,Ampol,ULP,171.9,194 Rokeby Rd,SUBIACO,6008,North of River,Metro,156.8,15.099999999999994,-2.0
2022-08-30,Ampol Foodary Subiaco,Ampol,ULP,156.9,194 Rokeby Rd,SUBIACO,6008,North of River,Metro,156.8,0.09999999999999432,-15.0
2022-08-31,Ampol Foodary Subiaco,Ampol,ULP,155.9,194 Rokeby Rd,SUBIACO,6008,North of River,Metro,156.7,-0.799999999999983,-1.0
2022-09-01,Ampol Foodary Subiaco,Ampol,ULP,155.9,194 Rokeby Rd,SUBIACO,6008,North of River,Metro,156.2,-0.29999999999998295,0.0
2022-09-02,Ampol Foodary Subiaco,Ampol,ULP,163.9,194 Rokeby Rd,SUBIACO,6008,North of River,Metro,153.9,10.0,8.0
2022-09-03,Ampol Foodary Subiaco,Ampol,ULP,161.9,194 Rokeby Rd,SUBIACO,6008,North of River,Metro,153.9,8.0,-2.0
2022-09-04,Ampol Foodary Subiaco,Ampol,ULP,157.9,194 Rokeby Rd,SUBIACO,6008,North of River,Metro,153.9,4.0,-4.0
2022-09-05,Ampol Foodary Subiaco,Ampol,ULP,153.9,194 Rokeby Rd,SUBIACO,6008,North of River,Metro,150.8,3.0999999999999943,-4.0
2022-09-06,Ampol Foodary Subiaco,Ampol,ULP,153.9,194 Rokeby Rd,SUBIACO,6008,North of River,Metro,149.7,4.200000000000017,0.0
2022-09-07,Ampol Foodary Subiaco,Ampol,ULP,189.9,194 Rokeby Rd,SUBIACO,6008,North of River,Metro,149.0,40.900000000000006,36.0
2022-09-08,Ampol Foodary Subiaco,Ampol,ULP,179.9,194 Rokeby Rd,SUBIACO,6008,North of River,Metro,148.5,31.400000000000006,-10.0
2022-09-09,Ampol Foodary Subiaco,Ampol,ULP,175.9,194 Rokeby Rd,SUBIACO,6008,North of River,Metro,149.2,26.700000000000017,-4.0
2022-09-10,Ampol Foodary Subiaco,Ampol,ULP,151.9,194 Rokeby Rd,SUBIACO,6008,North of River,Metro,149.2,2.700000000000017,-24.0
2022-09-11,Ampol Foodary Subiaco,Ampol,ULP,159.9,194 Rokeby Rd,SUBIACO,6008,North of River,Metro,149.2,10.700000000000017,8.0
2022-09-12,Ampol Foodary Subiaco,Ampol,ULP,159.9,194 Rokeby Rd,SUBIACO,6008,North of River,Metro,149.2,10.700000000000017,0.0
2022-09-13,Ampol Foodary Subiaco,Ampol,ULP,153.9,194 Rokeby Rd,SUBIACO,6008,North of River,Metro,149.4,4.5,-6.0
2022-09-14,Ampol Foodary Subiaco,Ampol,ULP,153.9,194 Rokeby Rd,SUBIACO,6008,North of River,Metro,150.0,3.9000000000000057,0.0
2022-09-15,Ampol Foodary Subiaco,Ampol,ULP,149.9,194 Rokeby Rd,SUBIACO,6008,North of River,Metro,150.1,-0.19999999999998863,-4.0
2022-09-16,Ampol Foodary Subiaco,Ampol,ULP,149.9,194 Rokeby Rd,SUBIACO,6008,North of River,Metro,150.0,-0.09999999999999432,0.0
2022-09-17,Ampol Foodary Subiaco,Ampol,ULP,161.9,194 Rokeby Rd,SUBIACO,6008,North of River,Metro,150.0,11.900000000000006,12.0
2022-09-18,Ampol Foodary Subiaco,Ampol,ULP,159.9,194 Rokeby Rd,SUBIACO,6008,North of River,Metro,150.0,9.900000000000006,-2.0
2022-09-19,Ampol Foodary Subiaco,Ampol,ULP,157.9,194 Rokeby Rd,SUBIACO,6008,North of River,Metro,150.3,7.599999999999994,-2.0
2022-09-20,Ampol Foodary Subiaco,Ampol,ULP,149.9,194 Rokeby Rd,SUBIACO,6008,North of River,Metro,148.6,1.3000000000000114,-8.0
2022-09-21,Ampol Foodary Subiaco,Ampol,ULP,149.9,194 Rokeby Rd,SUBIACO,6008,North of River,Metro,146.8,3.0999999999999943,0.0
2022-09-22,Ampol Foodary Subiaco,Ampol,ULP,185.9,194 Rokeby Rd,SUBIACO,6008,North of River,Metro,145.8,40.099999999999994,36.0
2022-09-23,Ampol Foodary Subiaco,Ampol,ULP,175.9,194 Rokeby Rd,SUBIACO,6008,North of River,Metro,145.2,30.700000000000017,-10.0
2022-09-24,Ampol Foodary Subiaco,Ampol,ULP,149.9,194 Rokeby Rd,SUBIACO,6008,North of River,Metro,145.2,4.700000000000017,-26.0
2022-09-25,Ampol Foodary Subiaco,Ampol,ULP,149.9,194 Rokeby Rd,SUBIACO,6008,North of River,Metro,145.2,4.700000000000017,0.0
2022-09-26,Ampol Foodary Subiaco,Ampol,ULP,146.9,194 Rokeby Rd,SUBIACO,6008,North of River,Metro,144.0,2.9000000000000057,-3.0
2022-09-27,Ampol Foodary Subiaco,Ampol,ULP,147.9,194 Rokeby Rd,SUBIACO,6008,North of River,Metro,143.6,4.300000000000011,1.0
2022-09-28,Ampol Foodary Subiaco,Ampol,ULP,145.9,194 Rokeby Rd,SUBIACO,6008,North of River,Metro,149.4,-3.5,-2.0
2022-09-29,Ampol Foodary Subiaco,Ampol,ULP,145.9,194 Rokeby Rd,SUBIACO,6008,North of River,Metro,168.0,-22.099999999999994,0.0
2022-09-30,Ampol Foodary Subiaco,Ampol,ULP,159.9,194 Rokeby Rd,SUBIACO,6008,North of River,Metro,168.0,-8.099999999999994,14.0
2022-10-01,Ampol Foodary Subiaco,Ampol,ULP,159.9,194 Rokeby Rd,SUBIACO,6008,North of River,Metro,168.0,-8.099999999999994,0.0
2022-10-02,Ampol Foodary Subiaco,Ampol,ULP,159.9,194 Rokeby Rd,SUBIACO,6008,North of River,Metro,168.0,-8.099999999999994,0.0
2022-10-03,Ampol Foodary Subiaco,Ampol,ULP,160.9,194 Rokeby Rd,SUBIACO,6008,North of River,Metro,167.2,-6.299999999999983,1.0
2022-10-04,Ampol Foodary Subiaco,Ampol,ULP,161.9,194 Rokeby Rd,SUBIACO,6008,North of River,Metro,167.8,-5.900000000000006,1.0
2022-10-05,Ampol Foodary Subiaco,Ampol,ULP,169.9,194 Rokeby Rd,SUBIACO,6008,North of River,Metro,168.4,1.5,8.0
2022-10-06,Ampol Foodary Subiaco,Ampol,ULP,175.9,194 Rokeby Rd,SUBIACO,6008,North of River,Metro,168.2,7.700000000000017,6.0
2022-10-07,Ampol Foodary Subiaco,Ampol,ULP,193.9,194 Rokeby Rd,SUBIACO,6008,North of River,Metro,168.8,25.099999999999994,18.0
2022-10-08,Ampol Foodary Subiaco,Ampol,ULP,175.9,194 Rokeby Rd,SUBIACO,6008,North of River,Metro,168.8,7.099999999999994,-18.0
2022-10-09,Ampol Foodary Subiaco,Ampol,ULP,175.9,194 Rokeby Rd,SUBIACO,6008,North of River,Metro,168.8,7.099999999999994,0.0
2022-10-10,Ampol Foodary Subiaco,Ampol,ULP,175.9,194 Rokeby Rd,SUBIACO,6008,North of River,Metro,169.2,6.700000000000017,0.0
2022-10-11,Ampol Foodary Subiaco,Ampol,ULP,169.9,194 Rokeby Rd,SUBIACO,6008,North of River,Metro,170.0,-0.09999999999999432,-6.0
2022-10-12,Ampol Foodary Subiaco,Ampol,ULP,173.9,194 Rokeby Rd,SUBIACO,6008,North of River,Metro,171.0,2.9000000000000057,4.0
2022-10-13,Ampol Foodary Subiaco,Ampol,ULP,180.9,194 Rokeby Rd,SUBIACO,6008,North of River,Metro,171.9,9.0,7.0
2022-10-14,Ampol Foodary Subiaco,Ampol,ULP,178.9,194 Rokeby Rd,SUBIACO,6008,North of River,Metro,173.1,5.800000000000011,-2.0
2022-10-15,Ampol Foodary Subiaco,Ampol,ULP,176.9,194 Rokeby Rd,SUBIACO,6008,North of River,Metro,173.1,3.8000000000000114,-2.0
2022-10-16,Ampol Foodary Subiaco,Ampol,ULP,175.9,194 Rokeby Rd,SUBIACO,6008,North of River,Metro,173.1,2.8000000000000114,-1.0
2022-10-17,Ampol Foodary Subiaco,Ampol,ULP,174.9,194 Rokeby Rd,SUBIACO,6008,North of River,Metro,173.1,1.8000000000000114,-1.0
2022-10-18,Ampol Foodary Subiaco,Ampol,ULP,173.9,194 Rokeby Rd,SUBIACO,6008,North of River,Metro,174.0,-0.09999999999999432,-1.0
2022-10-19,Ampol Foodary Subiaco,Ampol,ULP,179.9,194 Rokeby Rd,SUBIACO,6008,North of River,Metro,174.0,5.900000000000006,6.0
2022-10-20,Ampol Foodary Subiaco,Ampol,ULP,207.9,194 Rokeby Rd,SUBIACO,6008,North of River,Metro,173.8,34.099999999999994,28.0
2022-10-21,Ampol Foodary Subiaco,Ampol,ULP,189.9,194 Rokeby Rd,SUBIACO,6008,North of River,Metro,173.4,16.5,-18.0
2022-10-22,Ampol Foodary Subiaco,Ampol,ULP,189.9,194 Rokeby Rd,SUBIACO,6008,North of River,Metro,173.4,16.5,0.0
2022-10-23,Ampol Foodary Subiaco,Ampol,ULP,189.9,194 Rokeby Rd,SUBIACO,6008,North of River,Metro,173.4,16.5,0.0
2022-10-24,Ampol Foodary Subiaco,Ampol,ULP,189.9,194 Rokeby Rd,SUBIACO,6008,North of River,Metro,173.7,16.200000000000017,0.0
2022-10-25,Ampol Foodary Subiaco,Ampol,ULP,175.9,194 Rokeby Rd,SUBIACO,6008,North of River,Metro,173.9,2.0,-14.0
2022-10-26,Ampol Foodary Subiaco,Ampol,ULP,173.9,194 Rokeby Rd,SUBIACO,6008,North of River,Metro,173.7,0.20000000000001705,-2.0
2022-10-27,Ampol Foodary Subiaco,Ampol,ULP,189.9,194 Rokeby Rd,SUBIACO,6008,North of River,Metro,173.8,16.099999999999994,16.0
2022-10-28,Ampol Foodary Subiaco,Ampol,ULP,188.9,194 Rokeby Rd,SUBIACO,6008,North of River,Metro,173.6,15.300000000000011,-1.0
2022-10-29,Ampol Foodary Subiaco,Ampol,ULP,179.9,194 Rokeby Rd,SUBIACO,6008,North of River,Metro,173.6,6.300000000000011,-9.0
2022-10-30,Ampol Foodary Subiaco,Ampol,ULP,177.9,194 Rokeby Rd,SUBIACO,6008,North of River,Metro,173.6,4.300000000000011,-2.0
2022-10-31,Ampol Foodary Subiaco,Ampol,ULP,175.9,194 Rokeby Rd,SUBIACO,6008,North of River,Metro,172.7,3.200000000000017,-2.0
2022-11-01,Ampol Foodary Subiaco,Ampol,ULP,173.9,194 Rokeby Rd,SUBIACO,6008,North of River,Metro,172.0,1.9000000000000057,-2.0
2022-11-02,Ampol Foodary Subiaco,Ampol,ULP,208.9,194 Rokeby Rd,SUBIACO,6008,North of River,Metro,171.6,37.30000000000001,35.0
2022-11-03,Ampol Foodary Subiaco,Ampol,ULP,205.9,194 Rokeby Rd,SUBIACO,6008,North of River,Metro,171.5,34.400000000000006,-3.0
2022-11-04,Ampol Foodary Subiaco,Ampol,ULP,199.9,194 Rokeby Rd,SUBIACO,6008,North of River,Metro,172.0,27.900000000000006,-6.0
2022-11-05,Ampol Foodary Subiaco,Ampol,ULP,179.9,194 Rokeby Rd,SUBIACO,6008,North of River,Metro,172.0,7.900000000000006,-20.0
2022-11-06,Ampol Foodary Subiaco,Ampol,ULP,179.9,194 Rokeby Rd,SUBIACO,6008,North of River,Metro,172.0,7.900000000000006,0.0
2022-11-07,Ampol Foodary Subiaco,Ampol,ULP,179.9,194 Rokeby Rd,SUBIACO,6008,North of River,Metro,172.9,7.0,0.0
2022-11-08,Ampol Foodary Subiaco,Ampol,ULP,175.9,194 Rokeby Rd,SUBIACO,6008,North of River,Metro,175.2,0.700000000000017,-4.0
2022-11-09,Ampol Foodary Subiaco,Ampol,ULP,199.9,194 Rokeby Rd,SUBIACO,6008,North of River,Metro,177.6,22.30000000000001,24.0
2022-11-10,Ampol Foodary Subiaco,Ampol,ULP,197.9,194 Rokeby Rd,SUBIACO,6008,North of River,Metro,179.0,18.900000000000006,-2.0
2022-11-11,Ampol Foodary Subiaco,Ampol,ULP,195.9,194 Rokeby Rd,SUBIACO,6008,North of River,Metro,179.4,16.5,-2.0
2022-11-12,Ampol Foodary Subiaco,Ampol,ULP,185.9,194 Rokeby Rd,SUBIACO,6008,North of River,Metro,179.4,6.5,-10.0
2022-11-13,Ampol Foodary Subiaco,Ampol,ULP,183.9,194 Rokeby Rd,SUBIACO,6008,North of River,Metro,179.4,4.5,-2.0
2022-11-14,Ampol Foodary Subiaco,Ampol,ULP,183.9,194 Rokeby Rd,SUBIACO,6008,North of River,Metro,179.2,4.700000000000017,0.0
2022-11-15,Ampol Foodary Subiaco,Ampol,ULP,177.9,194 Rokeby Rd,SUBIACO,6008,North of River,Metro,177.9,0.0,-6.0
2022-11-16,Ampol Foodary Subiaco,Ampol,ULP,213.9,194 Rokeby Rd,SUBIACO,6008,North of River,Metro,177.1,36.80000000000001,36.0
2022-11-17,Ampol Foodary Subiaco,Ampol,ULP,207.9,194 Rokeby Rd,SUBIACO,6008,North of River,Metro,175.5,32.400000000000006,-6.0
2022-11-18,Ampol Foodary Subiaco,Ampol,ULP,189.9,194 Rokeby Rd,SUBIACO,6008,North of River,Metro,174.3,15.599999999999994,-18.0
2022-11-19,Ampol Foodary Subiaco,Ampol,ULP,179.9,194 Rokeby Rd,SUBIACO,6008,North of River,Metro,174.3,5.599999999999994,-10.0
2022-11-20,Ampol Foodary Subiaco,Ampol,ULP,179.9,194 Rokeby Rd,SUBIACO,6008,North of River,Metro,174.3,5.599999999999994,0.0
2022-11-21,Ampol Foodary Subiaco,Ampol,ULP,177.9,194 Rokeby Rd,SUBIACO,6008,North of River,Metro,173.4,4.5,-2.0
2022-11-22,Ampol Foodary Subiaco,Ampol,ULP,171.9,194 Rokeby Rd,SUBIACO,6008,North of River,Metro,172.3,-0.4000000000000057,-6.0
2022-11-23,Ampol Foodary Subiaco,Ampol,ULP,193.9,194 Rokeby Rd,SUBIACO,6008,North of River,Metro,171.4,22.5,22.0
2022-11-24,Ampol Foodary Subiaco,Ampol,ULP,192.9,194 Rokeby Rd,SUBIACO,6008,North of River,Metro,170.9,22.0,-1.0
2022-11-25,Ampol Foodary Subiaco,Ampol,ULP,187.9,194 Rokeby Rd,SUBIACO,6008,North of River,Metro,170.4,17.5,-5.0
2022-11-26,Ampol Foodary Subiaco,Ampol,ULP,181.9,194 Rokeby Rd,SUBIACO,6008,North of River,Metro,170.4,11.5,-6.0
2022-11-27,Ampol Foodary Subiaco,Ampol,ULP,179.9,194 Rokeby Rd,SUBIACO,6008,North of River,Metro,170.4,9.5,-2.0
2022-11-28,Ampol Foodary Subiaco,Ampol,ULP,179.9,194 Rokeby Rd,SUBIACO,6008,North of River,Metro,169.5,10.400000000000006,0.0
2022-11-29,Ampol Foodary Subiaco,Ampol,ULP,171.9,194 Rokeby Rd,SUBIACO,6008,North of River,Metro,168.7,3.200000000000017,-8.0
2022-11-30,Ampol Foodary Subiaco,Ampol,ULP,205.9,194 Rokeby Rd,SUBIACO,6008,North of River,Metro,167.1,38.80000000000001,34.0
2022-12-01,Ampol Foodary Subiaco,Ampol,ULP,197.9,194 Rokeby Rd,SUBIACO,6008,North of River,Metro,165.8,32.099999999999994,-8.0
2022-12-02,Ampol Foodary Subiaco,Ampol,ULP,189.9,194 Rokeby Rd,SUBIACO,6008,North of River,Metro,164.4,25.5,-8.0
2022-12-03,Ampol Foodary Subiaco,Ampol,ULP,179.9,194 Rokeby Rd,SUBIACO,6008,North of River,Metro,164.4,15.5,-10.0
2022-12-04,Ampol Foodary Subiaco,Ampol,ULP,174.9,194 Rokeby Rd,SUBIACO,6008,North of River,Metro,164.4,10.5,-5.0
2022-12-05,Ampol Foodary Subiaco,Ampol,ULP,171.9,194 Rokeby Rd,SUBIACO,6008,North of River,Metro,163.6,8.300000000000011,-3.0
2022-12-06,Ampol Foodary Subiaco,Ampol,ULP,167.9,194 Rokeby Rd,SUBIACO,6008,North of River,Metro,162.8,5.099999999999994,-4.0
2022-12-07,Ampol Foodary Subiaco,Ampol,ULP,194.9,194 Rokeby Rd,SUBIACO,6008,North of River,Metro,162.7,32.20000000000002,27.0
2022-12-08,Ampol Foodary Subiaco,Ampol,ULP,192.9,194 Rokeby Rd,SUBIACO,6008,North of River,Metro,162.3,30.599999999999994,-2.0
2022-12-09,Ampol Foodary Subiaco,Ampol,ULP,184.9,194 Rokeby Rd,SUBIACO,6008,North of River,Metro,161.8,23.099999999999994,-8.0
2022-12-10,Ampol Foodary Subiaco,Ampol,ULP,174.9,194 Rokeby Rd,SUBIACO,6008,North of River,Metro,161.8,13.099999999999994,-10.0
2022-12-11,Ampol Foodary Subiaco,Ampol,ULP,167.9,194 Rokeby Rd,SUBIACO,6008,North of River,Metro,161.8,6.099999999999994,-7.0
2022-12-12,Ampol Foodary Subiaco,Ampol,ULP,165.9,194 Rokeby Rd,SUBIACO,6008,North of River,Metro,160.7,5.200000000000017,-2.0
2022-12-13,Ampol Foodary Subiaco,Ampol,ULP,159.9,194 Rokeby Rd,SUBIACO,6008,North of River,Metro,159.4,0.5,-6.0
2022-12-14,Ampol Foodary Subiaco,Ampol,ULP,189.9,194 Rokeby Rd,SUBIACO,6008,North of River,Metro,157.7,32.20000000000002,30.0
2022-12-15,Ampol Foodary Subiaco,Ampol,ULP,187.9,194 Rokeby Rd,SUBIACO,6008,North of River,Metro,157.4,30.5,-2.0
2022-12-16,Ampol Foodary Subiaco,Ampol,ULP,175.9,194 Rokeby Rd,SUBIACO,6008,North of River,Metro,157.3,18.599999999999994,-12.0
2022-12-17,Ampol Foodary Subiaco,Ampol,ULP,165.9,194 Rokeby Rd,SUBIACO,6008,North of River,Metro,157.3,8.599999999999994,-10.0
2022-12-18,Ampol Foodary Subiaco,Ampol,ULP,159.9,194 Rokeby Rd,SUBIACO,6008,North of River,Metro,157.3,2.5999999999999943,-6.0
2022-12-19,Ampol Foodary Subiaco,Ampol,ULP,159.9,194 Rokeby Rd,SUBIACO,6008,North of River,Metro,157.5,2.4000000000000057,0.0
2022-12-20,Ampol Foodary Subiaco,Ampol,ULP,155.9,194 Rokeby Rd,SUBIACO,6008,North of River,Metro,158.3,-2.4000000000000057,-4.0
2022-12-21,Ampol Foodary Subiaco,Ampol,ULP,193.9,194 Rokeby Rd,SUBIACO,6008,North of River,Metro,158.8,35.099999999999994,38.0
2022-12-22,Ampol Foodary Subiaco,Ampol,ULP,179.9,194 Rokeby Rd,SUBIACO,6008,North of River,Metro,159.3,20.599999999999994,-14.0
2022-12-23,Ampol Foodary Subiaco,Ampol,ULP,173.9,194 Rokeby Rd,SUBIACO,6008,North of River,Metro,159.6,14.300000000000011,-6.0
2022-12-24,Ampol Foodary Subiaco,Ampol,ULP,163.9,194 Rokeby Rd,SUBIACO,6008,North of River,Metro,159.6,4.300000000000011,-10.0
2022-12-25,Ampol Foodary Subiaco,Ampol,ULP,163.9,194 Rokeby Rd,SUBIACO,6008,North of River,Metro,159.6,4.300000000000011,0.0
2022-12-26,Ampol Foodary Subiaco,Ampol,ULP,163.9,194 Rokeby Rd,SUBIACO,6008,North of River,Metro,160.0,3.9000000000000057,0.0
2022-12-27,Ampol Foodary Subiaco,Ampol,ULP,159.9,194 Rokeby Rd,SUBIACO,6008,North of River,Metro,160.2,-0.29999999999998295,-4.0
2022-12-28,Ampol Foodary Subiaco,Ampol,ULP,195.9,194 Rokeby Rd,SUBIACO,6008,North of River,Metro,161.9,34.0,36.0
2022-12-29,Ampol Foodary Subiaco,Ampol,ULP,189.9,194 Rokeby Rd,SUBIACO,6008,North of River,Metro,162.3,27.599999999999994,-6.0
2022-12-30,Ampol Foodary Subiaco,Ampol,ULP,175.9,194 Rokeby Rd,SUBIACO,6008,North of River,Metro,164.1,11.800000000000011,-14.0
2022-12-31,Ampol Foodary Subiaco,Ampol,ULP,169.9,194 Rokeby Rd,SUBIACO,6008,North of River,Metro,148.1,21.80000000000001,-6.0
2022-01-01,BP Connect East Perth,BP,ULP,173.9,68-70 Brown St,EAST PERTH,6004,North of River,Metro,148.1,25.80000000000001,
2022-01-02,BP Connect East Perth,BP,ULP,173.9,68-70 Brown St,EAST PERTH,6004,North of River,Metro,148.1,25.80000000000001,0.0
2022-01-03,BP Connect East Perth,BP,ULP,173.9,68-70 Brown St,EAST PERTH,6004,North of River,Metro,149.2,24.700000000000017,0.0
2022-01-04,BP Connect East Perth,BP,ULP,164.9,68-70 Brown St,EAST PERTH,6004,North of River,Metro,149.4,15.5,-9.0
2022-01-05,BP Connect East Perth,BP,ULP,161.9,68-70 Brown St,EAST PERTH,6004,North of River,Metro,150.0,11.900000000000006,-3.0
2022-01-06,BP Connect East Perth,BP,ULP,159.9,68-70 Brown St,EAST PERTH,6004,North of River,Metro,150.4,9.5,-2.0
2022-01-07,BP Connect East Perth,BP,ULP,156.9,68-70 Brown St,EAST PERTH,6004,North of River,Metro,150.7,6.200000000000017,-3.0
2022-01-08,BP Connect East Perth,BP,ULP,152.9,68-70 Brown St,EAST PERTH,6004,North of River,Metro,150.7,2.200000000000017,-4.0
2022-01-09,BP Connect East Perth,BP,ULP,152.9,68-70 Brown St,EAST PERTH,6004,North of River,Metro,150.7,2.200000000000017,0.0
2022-01-10,BP Connect East Perth,BP,ULP,152.9,68-70 Brown St,EAST PERTH,6004,North of River,Metro,151.0,1.9000000000000057,0.0
2022-01-11,BP Connect East Perth,BP,ULP,149.9,68-70 Brown St,EAST PERTH,6004,North of River,Metro,151.4,-1.5,-3.0
2022-01-12,BP Connect East Perth,BP,ULP,189.9,68-70 Brown St,EAST PERTH,6004,North of River,Metro,151.8,38.099999999999994,40.0
2022-01-13,BP Connect East Perth,BP,ULP,187.9,68-70 Brown St,EAST PERTH,6004,North of River,Metro,152.1,35.80000000000001,-2.0
2022-01-14,BP Connect East Perth,BP,ULP,183.9,68-70 Brown St,EAST PERTH,6004,North of River,Metro,152.6,31.30000000000001,-4.0
2022-01-15,BP Connect East Perth,BP,ULP,175.9,68-70 Brown St,EAST PERTH,6004,North of River,Metro,152.6,23.30000000000001,-8.0
2022-01-16,BP Connect East Perth,BP,ULP,175.9,68-70 Brown St,EAST PERTH,6004,North of River,Metro,152.6,23.30000000000001,0.0
2022-01-17,BP Connect East Perth,BP,ULP,175.9,68-70 Brown St,EAST PERTH,6004,North of River,Metro,153.0,22.900000000000006,0.0
2022-01-18,BP Connect East Perth,BP,ULP,169.9,68-70 Brown St,EAST PERTH,6004,North of River,Metro,153.4,16.5,-6.0
2022-01-19,BP Connect East Perth,BP,ULP,166.9,68-70 Brown St,EAST PERTH,6004,North of River,Metro,154.3,12.599999999999994,-3.0
2022-01-20,BP Connect East Perth,BP,ULP,163.9,68-70 Brown St,EAST PERTH,6004,North of River,Metro,155.0,8.900000000000006,-3.0
2022-01-21,BP Connect East Perth,BP,ULP,161.9,68-70 Brown St,EAST PERTH,6004,North of River,Metro,155.9,6.0,-2.0
2022-01-22,BP Connect East Perth,BP,ULP,158.9,68-70 Brown St,EAST PERTH,6004,North of River,Metro,155.9,3.0,-3.0
2022-01-23,BP Connect East Perth,BP,ULP,158.9,68-70 Brown St,EAST PERTH,6004,North of River,Metro,155.9,3.0,0.0
2022-01-24,BP Connect East Perth,BP,ULP,158.9,68-70 Brown St,EAST PERTH,6004,North of River,Metro,156.7,2.200000000000017,0.0
2022-01-25,BP Connect East Perth,BP,ULP,157.9,68-70 Brown St,EAST PERTH,6004,North of River,Metro,157.0,0.9000000000000057,-1.0
2022-01-26,BP Connect East Perth,BP,ULP,196.9,68-70 Brown St,EAST PERTH,6004,North of River,Metro,157.4,39.5,39.0
2022-01-27,BP Connect East Perth,BP,ULP,193.9,68-70 Brown St,EAST PERTH,6004,North of River,Metro,157.6,36.30000000000001,-3.0
2022-01-28,BP Connect East Perth,BP,ULP,189.9,68-70 Brown St,EAST PERTH,6004,North of River,Metro,158.5,31.400000000000006,-4.0
2022-01-29,BP Connect East Perth,BP,ULP,186.9,68-70 Brown St,EAST PERTH,6004,North of River,Metro,158.5,28.400000000000006,-3.0
2022-01-30,BP Connect East Perth,BP,ULP,186.9,68-70 Brown St,EAST PERTH,6004,North of River,Metro,158.5,28.400000000000006,0.0
2022-01-31,BP Connect East Perth,BP,ULP,186.9,68-70 Brown St,EAST PERTH,6004,North of River,Metro,160.0,26.900000000000006,0.0
2022-02-01,BP Connect East Perth,BP,ULP,178.9,68-70 Brown St,EAST PERTH,6004,North of River,Metro,162.1,16.80000000000001,-8.0
2022-02-02,BP Connect East Perth,BP,ULP,178.9,68-70 Brown St,EAST PERTH,6004,North of River,Metro,163.3,15.599999999999994,0.0
2022-02-03,BP Connect East Perth,BP,ULP,177.9,68-70 Brown St,EAST PERTH,6004,North of River,Metro,164.1,13.800000000000011,-1.0
2022-02-04,BP Connect East Perth,BP,ULP,171.9,68-70 Brown St,EAST PERTH,6004,North of River,Metro,164.7,7.200000000000017,-6.0
2022-02-05,BP Connect East Perth,BP,ULP,167.9,68-70 Brown St,EAST PERTH,6004,North of River,Metro,164.7,3.200000000000017,-4.0
2022-02-06,BP Connect East Perth,BP,ULP,167.9,68-70 Brown St,EAST PERTH,6004,North of River,Metro,164.7,3.200000000000017,0.0
2022-02-07,BP Connect East Perth,BP,ULP,167.9,68-70 Brown St,EAST PERTH,6004,North of River,Metro,165.3,2.5999999999999943,0.0
2022-02-08,BP Connect East Perth,BP,ULP,167.9,68-70 Brown St,EAST PERTH,6004,North of River,Metro,166.1,1.8000000000000114,0.0
2022-02-09,BP Connect East Perth,BP,ULP,199.9,68-70 Brown St,EAST PERTH,6004,North of River,Metro,166.5,33.400000000000006,32.0
2022-02-10,BP Connect East Perth,BP,ULP,198.9,68-70 Brown St,EAST PERTH,6004,North of River,Metro,166.6,32.30000000000001,-1.0
2022-02-11,BP Connect East Perth,BP,ULP,195.9,68-70 Brown St,EAST PERTH,6004,North of River,Metro,166.8,29.099999999999994,-3.0
2022-02-12,BP Connect East Perth,BP,ULP,189.9,68-70 Brown St,EAST PERTH,6004,North of River,Metro,166.8,23.099999999999994,-6.0
2022-02-13,BP Connect East Perth,BP,ULP,189.9,68-70 Brown St,EAST PERTH,6004,North of River,Metro,166.8,23.099999999999994,0.0
2022-02-14,BP Connect East Perth,BP,ULP,189.9,68-70 Brown St,EAST PERTH,6004,North of River,Metro,167.2,22.700000000000017,0.0
2022-02-15,BP Connect East Perth,BP,ULP,183.9,68-70 Brown St,EAST PERTH,6004,North of River,Metro,167.8,16.099999999999994,-6.0
2022-02-16,BP Connect East Perth,BP,ULP,181.9,68-70 Brown St,EAST PERTH,6004,North of River,Metro,168.7,13.200000000000017,-2.0
2022-02-17,BP Connect East Perth,BP,ULP,179.9,68-70 Brown St,EAST PERTH,6004,North of River,Metro,169.6,10.300000000000011,-2.0
2022-02-18,BP Connect East Perth,BP,ULP,178.9,68-70 Brown St,EAST PERTH,6004,North of River,Metro,170.2,8.700000000000017,-1.0
2022-02-19,BP Connect East Perth,BP,ULP,174.9,68-70 Brown St,EAST PERTH,6004,North of River,Metro,170.2,4.700000000000017,-4.0
2022-02-20,BP Connect East Perth,BP,ULP,174.9,68-70 Brown St,EAST PERTH,6004,North of River,Metro,170.2,4.700000000000017,0.0
2022-02-21,BP Connect East Perth,BP,ULP,174.9,68-70 Brown St,EAST PERTH,6004,North of River,Metro,170.0,4.900000000000006,0.0
2022-02-22,BP Connect East Perth,BP,ULP,171.9,68-70 Brown St,EAST PERTH,6004,North of River,Metro,169.8,2.0999999999999943,-3.0
2022-02-23,BP Connect East Perth,BP,ULP,207.9,68-70 Brown St,EAST PERTH,6004,North of River,Metro,169.4,38.5,36.0
2022-02-24,BP Connect East Perth,BP,ULP,204.9,68-70 Brown St,EAST PERTH,6004,North of River,Metro,169.6,35.30000000000001,-3.0
2022-02-25,BP Connect East Perth,BP,ULP,201.9,68-70 Brown St,EAST PERTH,6004,North of River,Metro,169.6,32.30000000000001,-3.0
2022-02-26,BP Connect East Perth,BP,ULP,195.9,68-70 Brown St,EAST PERTH,6004,North of River,Metro,169.6,26.30000000000001,-6.0
2022-02-27,BP Connect East Perth,BP,ULP,195.9,68-70 Brown St,EAST PERTH,6004,North of River,Metro,169.6,26.30000000000001,0.0
2022-02-28,BP Connect East Perth,BP,ULP,195.9,68-70 Brown St,EAST PERTH,6004,North of River,Metro,171.0,24.900000000000006,0.0
2022-03-01,BP Connect East Perth,BP,ULP,192.9,68-70 Brown St,EAST PERTH,6004,North of River,Metro,172.4,20.5,-3.0
2022-03-02,BP Connect East Perth,BP,ULP,191.9,68-70 Brown St,EAST PERTH,6004,North of River,Metro,173.3,18.599999999999994,-1.0
2022-03-03,BP Connect East Perth,BP,ULP,189.9,68-70 Brown St,EAST PERTH,6004,North of River,Metro,174.4,15.5,-2.0
2022-03-04,BP Connect East Perth,BP,ULP,188.9,68-70 Brown St,EAST PERTH,6004,North of River,Metro,177.7,11.200000000000017,-1.0
2022-03-05,BP Connect East Perth,BP,ULP,185.9,68-70 Brown St,EAST PERTH,6004,North of River,Metro,177.7,8.200000000000017,-3.0
2022-03-06,BP Connect East Perth,BP,ULP,185.9,68-70 Brown St,EAST PERTH,6004,North of River,Metro,177.7,8.200000000000017,0.0
2022-03-07,BP Connect East Perth,BP,ULP,185.9,68-70 Brown St,EAST PERTH,6004,North of River,Metro,178.8,7.099999999999994,0.0
2022-03-08,BP Connect East Perth,BP,ULP,181.9,68-70 Brown St,EAST PERTH,6004,North of River,Metro,183.5,-1.5999999999999943,-4.0
2022-03-09,BP Connect East Perth,BP,ULP,221.9,68-70 Brown St,EAST PERTH,6004,North of River,Metro,187.0,34.900000000000006,40.0
2022-03-10,BP Connect East Perth,BP,ULP,219.9,68-70 Brown St,EAST PERTH,6004,North of River,Metro,192.0,27.900000000000006,-2.0
2022-03-11,BP Connect East Perth,BP,ULP,219.9,68-70 Brown St,EAST PERTH,6004,North of River,Metro,196.4,23.5,0.0
2022-03-12,BP Connect East Perth,BP,ULP,215.9,68-70 Brown St,EAST PERTH,6004,North of River,Metro,196.4,19.5,-4.0
2022-03-13,BP Connect East Perth,BP,ULP,215.9,68-70 Brown St,EAST PERTH,6004,North of River,Metro,196.4,19.5,0.0
2022-03-14,BP Connect East Perth,BP,ULP,215.9,68-70 Brown St,EAST PERTH,6004,North of River,Metro,198.0,17.900000000000006,0.0
2022-03-15,BP Connect East Perth,BP,ULP,211.9,68-70 Brown St,EAST PERTH,6004,North of River,Metro,197.8,14.099999999999994,-4.0
2022-03-16,BP Connect East Perth,BP,ULP,209.9,68-70 Brown St,EAST PERTH,6004,North of River,Metro,195.8,14.099999999999994,-2.0
2022-03-17,BP Connect East Perth,BP,ULP,206.9,68-70 Brown St,EAST PERTH,6004,North of River,Metro,193.5,13.400000000000006,-3.0
2022-03-18,BP Connect East Perth,BP,ULP,203.9,68-70 Brown St,EAST PERTH,6004,North of River,Metro,188.0,15.900000000000006,-3.0
2022-03-19,BP Connect East Perth,BP,ULP,199.9,68-70 Brown St,EAST PERTH,6004,North of River,Metro,188.0,11.900000000000006,-4.0
2022-03-20,BP Connect East Perth,BP,ULP,199.9,68-70 Brown St,EAST PERTH,6004,North of River,Metro,188.0,11.900000000000006,0.0
2022-03-21,BP Connect East Perth,BP,ULP,199.9,68-70 Brown St,EAST PERTH,6004,North of River,Metro,186.7,13.200000000000017,0.0
2022-03-22,BP Connect East Perth,BP,ULP,189.9,68-70 Brown St,EAST PERTH,6004,North of River,Metro,185.1,4.800000000000011,-10.0
2022-03-23,BP Connect East Perth,BP,ULP,219.9,68-70 Brown St,EAST PERTH,6004,North of River,Metro,185.1,34.80000000000001,30.0
2022-03-24,BP Connect East Perth,BP,ULP,219.9,68-70 Brown St,EAST PERTH,6004,North of River,Metro,186.3,33.599999999999994,0.0
2022-03-25,BP Connect East Perth,BP,ULP,218.9,68-70 Brown St,EAST PERTH,6004,North of River,Metro,187.2,31.700000000000017,-1.0
2022-03-26,BP Connect East Perth,BP,ULP,208.9,68-70 Brown St,EAST PERTH,6004,North of River,Metro,187.2,21.700000000000017,-10.0
2022-03-27,BP Connect East Perth,BP,ULP,208.9,68-70 Brown St,EAST PERTH,6004,North of River,Metro,187.2,21.700000000000017,0.0
2022-03-28,BP Connect East Perth,BP,ULP,208.9,68-70 Brown St,EAST PERTH,6004,North of River,Metro,188.2,20.700000000000017,0.0
2022-03-29,BP Connect East Perth,BP,ULP,205.9,68-70 Brown St,EAST PERTH,6004,North of River,Metro,187.8,18.099999999999994,-3.0
2022-03-30,BP Connect East Perth,BP,ULP,199.9,68-70 Brown St,EAST PERTH,6004,North of River,Metro,174.9,25.0,-6.0
2022-03-31,BP Connect East Perth,BP,ULP,186.9,68-70 Brown St,EAST PERTH,6004,North of River,Metro,161.4,25.5,-13.0
2022-04-01,BP Connect East Perth,BP,ULP,184.9,68-70 Brown St,EAST PERTH,6004,North of River,Metro,160.0,24.900000000000006,-2.0
2022-04-02,BP Connect East Perth,BP,ULP,171.9,68-70 Brown St,EAST PERTH,6004,North of River,Metro,160.0,11.900000000000006,-13.0
2022-04-03,BP Connect East Perth,BP,ULP,171.9,68-70 Brown St,EAST PERTH,6004,North of River,Metro,160.0,11.900000000000006,0.0
2022-04-04,BP Connect East Perth,BP,ULP,166.9,68-70 Brown St,EAST PERTH,6004,North of River,Metro,158.7,8.200000000000017,-5.0
2022-04-05,BP Connect East Perth,BP,ULP,159.9,68-70 Brown St,EAST PERTH,6004,North of River,Metro,156.9,3.0,-7.0
2022-04-06,BP Connect East Perth,BP,ULP,189.9,68-70 Brown St,EAST PERTH,6004,North of River,Metro,155.8,34.099999999999994,30.0
2022-04-07,BP Connect East Perth,BP,ULP,188.9,68-70 Brown St,EAST PERTH,6004,North of River,Metro,155.2,33.70000000000002,-1.0
2022-04-08,BP Connect East Perth,BP,ULP,187.9,68-70 Brown St,EAST PERTH,6004,North of River,Metro,154.6,33.30000000000001,-1.0
2022-04-09,BP Connect East Perth,BP,ULP,181.9,68-70 Brown St,EAST PERTH,6004,North of River,Metro,154.6,27.30000000000001,-6.0
2022-04-10,BP Connect East Perth,BP,ULP,181.9,68-70 Brown St,EAST PERTH,6004,North of River,Metro,154.6,27.30000000000001,0.0
2022-04-11,BP Connect East Perth,BP,ULP,181.9,68-70 Brown St,EAST PERTH,6004,North of River,Metro,153.6,28.30000000000001,0.0
2022-04-12,BP Connect East Perth,BP,ULP,169.9,68-70 Brown St,EAST PERTH,6004,North of River,Metro,153.3,16.599999999999994,-12.0
2022-04-13,BP Connect East Perth,BP,ULP,164.9,68-70 Brown St,EAST PERTH,6004,North of River,Metro,152.8,12.099999999999994,-5.0
2022-04-14,BP Connect East Perth,BP,ULP,163.9,68-70 Brown St,EAST PERTH,6004,North of River,Metro,152.3,11.599999999999994,-1.0
2022-04-15,BP Connect East Perth,BP,ULP,157.9,68-70 Brown St,EAST PERTH,6004,North of River,Metro,152.3,5.599999999999994,-6.0
2022-04-16,BP Connect East Perth,BP,ULP,157.9,68-70 Brown St,EAST PERTH,6004,North of River,Metro,152.3,5.599999999999994,0.0
2022-04-17,BP Connect East Perth,BP,ULP,157.9,68-70 Brown St,EAST PERTH,6004,North of River,Metro,152.3,5.599999999999994,0.0
2022-04-18,BP Connect East Perth,BP,ULP,157.9,68-70 Brown St,EAST PERTH,6004,North of River,Metro,152.7,5.200000000000017,0.0
2022-04-19,BP Connect East Perth,BP,ULP,154.9,68-70 Brown St,EAST PERTH,6004,North of River,Metro,154.3,0.5999999999999943,-3.0
2022-04-20,BP Connect East Perth,BP,ULP,191.9,68-70 Brown St,EAST PERTH,6004,North of River,Metro,157.5,34.400000000000006,37.0
2022-04-21,BP Connect East Perth,BP,ULP,189.9,68-70 Brown St,EAST PERTH,6004,North of River,Metro,159.9,30.0,-2.0
2022-04-22,BP Connect East Perth,BP,ULP,187.9,68-70 Brown St,EAST PERTH,6004,North of River,Metro,161.4,26.5,-2.0
2022-04-23,BP Connect East Perth,BP,ULP,174.9,68-70 Brown St,EAST PERTH,6004,North of River,Metro,161.4,13.5,-13.0
2022-04-24,BP Connect East Perth,BP,ULP,174.9,68-70 Brown St,EAST PERTH,6004,North of River,Metro,161.4,13.5,0.0
2022-04-25,BP Connect East Perth,BP,ULP,174.9,68-70 Brown St,EAST PERTH,6004,North of River,Metro,162.0,12.900000000000006,0.0
2022-04-26,BP Connect East Perth,BP,ULP,172.9,68-70 Brown St,EAST PERTH,6004,North of River,Metro,162.2,10.700000000000017,-2.0
2022-04-27,BP Connect East Perth,BP,ULP,169.9,68-70 Brown St,EAST PERTH,6004,North of River,Metro,162.2,7.700000000000017,-3.0
2022-04-28,BP Connect East Perth,BP,ULP,168.9,68-70 Brown St,EAST PERTH,6004,North of River,Metro,162.7,6.200000000000017,-1.0
2022-04-29,BP Connect East Perth,BP,ULP,166.9,68-70 Brown St,EAST PERTH,6004,North of River,Metro,164.0,2.9000000000000057,-2.0
2022-04-30,BP Connect East Perth,BP,ULP,164.9,68-70 Brown St,EAST PERTH,6004,North of River,Metro,164.0,0.9000000000000057,-2.0
2022-05-01,BP Connect East Perth,BP,ULP,164.9,68-70 Brown St,EAST PERTH,6004,North of River,Metro,164.0,0.9000000000000057,0.0
2022-05-02,BP Connect East Perth,BP,ULP,164.9,68-70 Brown St,EAST PERTH,6004,North of River,Metro,165.2,-0.29999999999998295,0.0
2022-05-03,BP Connect East Perth,BP,ULP,163.9,68-70 Brown St,EAST PERTH,6004,North of River,Metro,166.8,-2.9000000000000057,-1.0
2022-05-04,BP Connect East Perth,BP,ULP,199.9,68-70 Brown St,EAST PERTH,6004,North of River,Metro,167.2,32.70000000000002,36.0
2022-05-05,BP Connect East Perth,BP,ULP,196.9,68-70 Brown St,EAST PERTH,6004,North of River,Metro,169.9,27.0,-3.0
2022-05-06,BP Connect East Perth,BP,ULP,194.9,68-70 Brown St,EAST PERTH,6004,North of River,Metro,173.3,21.599999999999994,-2.0
2022-05-07,BP Connect East Perth,BP,ULP,189.9,68-70 Brown St,EAST PERTH,6004,North of River,Metro,173.3,16.599999999999994,-5.0
2022-05-08,BP Connect East Perth,BP,ULP,189.9,68-70 Brown St,EAST PERTH,6004,North of River,Metro,173.3,16.599999999999994,0.0
2022-05-09,BP Connect East Perth,BP,ULP,189.9,68-70 Brown St,EAST PERTH,6004,North of River,Metro,175.1,14.800000000000011,0.0
2022-05-10,BP Connect East Perth,BP,ULP,188.9,68-70 Brown St,EAST PERTH,6004,North of River,Metro,177.3,11.599999999999994,-1.0
2022-05-11,BP Connect East Perth,BP,ULP,183.9,68-70 Brown St,EAST PERTH,6004,North of River,Metro,178.4,5.5,-5.0
2022-05-12,BP Connect East Perth,BP,ULP,181.9,68-70 Brown St,EAST PERTH,6004,North of River,Metro,178.8,3.0999999999999943,-2.0
2022-05-13,BP Connect East Perth,BP,ULP,179.9,68-70 Brown St,EAST PERTH,6004,North of River,Metro,178.9,1.0,-2.0
2022-05-14,BP Connect East Perth,BP,ULP,179.9,68-70 Brown St,EAST PERTH,6004,North of River,Metro,178.9,1.0,0.0
2022-05-15,BP Connect East Perth,BP,ULP,179.9,68-70 Brown St,EAST PERTH,6004,North of River,Metro,178.9,1.0,0.0
2022-05-16,BP Connect East Perth,BP,ULP,179.9,68-70 Brown St,EAST PERTH,6004,North of River,Metro,179.4,0.5,0.0
2022-05-17,BP Connect East Perth,BP,ULP,177.9,68-70 Brown St,EAST PERTH,6004,North of River,Metro,180.2,-2.299999999999983,-2.0
2022-05-18,BP Connect East Perth,BP,ULP,217.9,68-70 Brown St,EAST PERTH,6004,North of River,Metro,181.2,36.70000000000002,40.0
2022-05-19,BP Connect East Perth,BP,ULP,215.9,68-70 Brown St,EAST PERTH,6004,North of River,Metro,184.0,31.900000000000006,-2.0
2022-05-20,BP Connect East Perth,BP,ULP,213.9,68-70 Brown St,EAST PERTH,6004,North of River,Metro,186.8,27.099999999999994,-2.0
2022-05-21,BP Connect East Perth,BP,ULP,209.9,68-70 Brown St,EAST PERTH,6004,North of River,Metro,186.8,23.099999999999994,-4.0
2022-05-22,BP Connect East Perth,BP,ULP,209.9,68-70 Brown St,EAST PERTH,6004,North of River,Metro,186.8,23.099999999999994,0.0
2022-05-23,BP Connect East Perth,BP,ULP,209.9,68-70 Brown St,EAST PERTH,6004,North of River,Metro,188.6,21.30000000000001,0.0
2022-05-24,BP Connect East Perth,BP,ULP,203.9,68-70 Brown St,EAST PERTH,6004,North of River,Metro,189.8,14.099999999999994,-6.0
2022-05-25,BP Connect East Perth,BP,ULP,199.9,68-70 Brown St,EAST PERTH,6004,North of River,Metro,189.8,10.099999999999994,-4.0
2022-05-26,BP Connect East Perth,BP,ULP,195.9,68-70 Brown St,EAST PERTH,6004,North of River,Metro,188.7,7.200000000000017,-4.0
2022-05-27,BP Connect East Perth,BP,ULP,193.9,68-70 Brown St,EAST PERTH,6004,North of River,Metro,187.9,6.0,-2.0
2022-05-28,BP Connect East Perth,BP,ULP,187.9,68-70 Brown St,EAST PERTH,6004,North of River,Metro,187.9,0.0,-6.0
2022-05-29,BP Connect East Perth,BP,ULP,187.9,68-70 Brown St,EAST PERTH,6004,North of River,Metro,187.9,0.0,0.0
2022-05-30,BP Connect East Perth,BP,ULP,187.9,68-70 Brown St,EAST PERTH,6004,North of River,Metro,187.6,0.30000000000001137,0.0
2022-05-31,BP Connect East Perth,BP,ULP,185.9,68-70 Brown St,EAST PERTH,6004,North of River,Metro,187.5,-1.5999999999999943,-2.0
2022-06-01,BP Connect East Perth,BP,ULP,219.9,68-70 Brown St,EAST PERTH,6004,North of River,Metro,188.8,31.099999999999994,34.0
2022-06-02,BP Connect East Perth,BP,ULP,217.9,68-70 Brown St,EAST PERTH,6004,North of River,Metro,189.8,28.099999999999994,-2.0
2022-06-03,BP Connect East Perth,BP,ULP,214.9,68-70 Brown St,EAST PERTH,6004,North of River,Metro,189.9,25.0,-3.0
2022-06-04,BP Connect East Perth,BP,ULP,204.9,68-70 Brown St,EAST PERTH,6004,North of River,Metro,189.9,15.0,-10.0
2022-06-05,BP Connect East Perth,BP,ULP,204.9,68-70 Brown St,EAST PERTH,6004,North of River,Metro,189.9,15.0,0.0
2022-06-06,BP Connect East Perth,BP,ULP,204.9,68-70 Brown St,EAST PERTH,6004,North of River,Metro,189.7,15.200000000000017,0.0
2022-06-07,BP Connect East Perth,BP,ULP,199.9,68-70 Brown St,EAST PERTH,6004,North of River,Metro,189.2,10.700000000000017,-5.0
2022-06-08,BP Connect East Perth,BP,ULP,197.9,68-70 Brown St,EAST PERTH,6004,North of River,Metro,189.2,8.700000000000017,-2.0
2022-06-09,BP Connect East Perth,BP,ULP,195.9,68-70 Brown St,EAST PERTH,6004,North of River,Metro,189.1,6.800000000000011,-2.0
2022-06-10,BP Connect East Perth,BP,ULP,193.9,68-70 Brown St,EAST PERTH,6004,North of River,Metro,189.5,4.400000000000006,-2.0
2022-06-11,BP Connect East Perth,BP,ULP,189.9,68-70 Brown St,EAST PERTH,6004,North of River,Metro,189.5,0.4000000000000057,-4.0
2022-06-12,BP Connect East Perth,BP,ULP,189.9,68-70 Brown St,EAST PERTH,6004,North of River,Metro,189.5,0.4000000000000057,0.0
2022-06-13,BP Connect East Perth,BP,ULP,189.9,68-70 Brown St,EAST PERTH,6004,North of River,Metro,190.5,-0.5999999999999943,0.0
2022-06-14,BP Connect East Perth,BP,ULP,189.9,68-70 Brown St,EAST PERTH,6004,North of River,Metro,192.7,-2.799999999999983,0.0
2022-06-15,BP Connect East Perth,BP,ULP,224.9,68-70 Brown St,EAST PERTH,6004,North of River,Metro,193.8,31.099999999999994,35.0
2022-06-16,BP Connect East Perth,BP,ULP,221.9,68-70 Brown St,EAST PERTH,6004,North of River,Metro,195.9,26.0,-3.0
2022-06-17,BP Connect East Perth,BP,ULP,218.9,68-70 Brown St,EAST PERTH,6004,North of River,Metro,197.8,21.099999999999994,-3.0
2022-06-18,BP Connect East Perth,BP,ULP,209.9,68-70 Brown St,EAST PERTH,6004,North of River,Metro,197.8,12.099999999999994,-9.0
2022-06-19,BP Connect East Perth,BP,ULP,209.9,68-70 Brown St,EAST PERTH,6004,North of River,Metro,197.8,12.099999999999994,0.0
2022-06-20,BP Connect East Perth,BP,ULP,209.9,68-70 Brown St,EAST PERTH,6004,North of River,Metro,198.6,11.300000000000011,0.0
2022-06-21,BP Connect East Perth,BP,ULP,202.9,68-70 Brown St,EAST PERTH,6004,North of River,Metro,198.7,4.200000000000017,-7.0
2022-06-22,BP Connect East Perth,BP,ULP,205.9,68-70 Brown St,EAST PERTH,6004,North of River,Metro,198.8,7.099999999999994,3.0
2022-06-23,BP Connect East Perth,BP,ULP,203.9,68-70 Brown St,EAST PERTH,6004,North of River,Metro,199.1,4.800000000000011,-2.0
2022-06-24,BP Connect East Perth,BP,ULP,199.9,68-70 Brown St,EAST PERTH,6004,North of River,Metro,198.7,1.200000000000017,-4.0
2022-06-25,BP Connect East Perth,BP,ULP,199.9,68-70 Brown St,EAST PERTH,6004,North of River,Metro,198.7,1.200000000000017,0.0
2022-06-26,BP Connect East Perth,BP,ULP,199.9,68-70 Brown St,EAST PERTH,6004,North of River,Metro,198.7,1.200000000000017,0.0
2022-06-27,BP Connect East Perth,BP,ULP,199.9,68-70 Brown St,EAST PERTH,6004,North of River,Metro,197.9,2.0,0.0
2022-06-28,BP Connect East Perth,BP,ULP,195.9,68-70 Brown St,EAST PERTH,6004,North of River,Metro,198.3,-2.4000000000000057,-4.0
2022-06-29,BP Connect East Perth,BP,ULP,238.9,68-70 Brown St,EAST PERTH,6004,North of River,Metro,198.6,40.30000000000001,43.0
2022-06-30,BP Connect East Perth,BP,ULP,231.9,68-70 Brown St,EAST PERTH,6004,North of River,Metro,198.2,33.70000000000002,-7.0
2022-07-01,BP Connect East Perth,BP,ULP,215.9,68-70 Brown St,EAST PERTH,6004,North of River,Metro,198.6,17.30000000000001,-16.0
2022-07-02,BP Connect East Perth,BP,ULP,209.9,68-70 Brown St,EAST PERTH,6004,North of River,Metro,198.6,11.300000000000011,-6.0
2022-07-03,BP Connect East Perth,BP,ULP,209.9,68-70 Brown St,EAST PERTH,6004,North of River,Metro,198.6,11.300000000000011,0.0
2022-07-04,BP Connect East Perth,BP,ULP,209.9,68-70 Brown St,EAST PERTH,6004,North of River,Metro,197.8,12.099999999999994,0.0
2022-07-05,BP Connect East Perth,BP,ULP,199.9,68-70 Brown St,EAST PERTH,6004,North of River,Metro,196.3,3.5999999999999943,-10.0
2022-07-06,BP Connect East Perth,BP,ULP,205.9,68-70 Brown St,EAST PERTH,6004,North of River,Metro,195.3,10.599999999999994,6.0
2022-07-07,BP Connect East Perth,BP,ULP,205.9,68-70 Brown St,EAST PERTH,6004,North of River,Metro,193.0,12.900000000000006,0.0
2022-07-08,BP Connect East Perth,BP,ULP,199.9,68-70 Brown St,EAST PERTH,6004,North of River,Metro,189.8,10.099999999999994,-6.0
2022-07-09,BP Connect East Perth,BP,ULP,193.9,68-70 Brown St,EAST PERTH,6004,North of River,Metro,189.8,4.099999999999994,-6.0
2022-07-10,BP Connect East Perth,BP,ULP,193.9,68-70 Brown St,EAST PERTH,6004,North of River,Metro,189.8,4.099999999999994,0.0
2022-07-11,BP Connect East Perth,BP,ULP,193.9,68-70 Brown St,EAST PERTH,6004,North of River,Metro,183.6,10.300000000000011,0.0
2022-07-12,BP Connect East Perth,BP,ULP,185.9,68-70 Brown St,EAST PERTH,6004,North of River,Metro,180.5,5.400000000000006,-8.0
2022-07-13,BP Connect East Perth,BP,ULP,217.9,68-70 Brown St,EAST PERTH,6004,North of River,Metro,177.1,40.80000000000001,32.0
2022-07-14,BP Connect East Perth,BP,ULP,215.9,68-70 Brown St,EAST PERTH,6004,North of River,Metro,172.5,43.400000000000006,-2.0
2022-07-15,BP Connect East Perth,BP,ULP,199.9,68-70 Brown St,EAST PERTH,6004,North of River,Metro,169.7,30.200000000000017,-16.0
2022-07-16,BP Connect East Perth,BP,ULP,194.9,68-70 Brown St,EAST PERTH,6004,North of River,Metro,169.7,25.200000000000017,-5.0
2022-07-17,BP Connect East Perth,BP,ULP,194.9,68-70 Brown St,EAST PERTH,6004,North of River,Metro,169.7,25.200000000000017,0.0
2022-07-18,BP Connect East Perth,BP,ULP,194.9,68-70 Brown St,EAST PERTH,6004,North of River,Metro,166.0,28.900000000000006,0.0
2022-07-19,BP Connect East Perth,BP,ULP,171.9,68-70 Brown St,EAST PERTH,6004,North of River,Metro,163.3,8.599999999999994,-23.0
2022-07-20,BP Connect East Perth,BP,ULP,199.9,68-70 Brown St,EAST PERTH,6004,North of River,Metro,162.4,37.5,28.0
2022-07-21,BP Connect East Perth,BP,ULP,175.9,68-70 Brown St,EAST PERTH,6004,North of River,Metro,161.2,14.700000000000017,-24.0
2022-07-22,BP Connect East Perth,BP,ULP,173.9,68-70 Brown St,EAST PERTH,6004,North of River,Metro,160.7,13.200000000000017,-2.0
2022-07-23,BP Connect East Perth,BP,ULP,169.9,68-70 Brown St,EAST PERTH,6004,North of River,Metro,160.7,9.200000000000017,-4.0
2022-07-24,BP Connect East Perth,BP,ULP,169.9,68-70 Brown St,EAST PERTH,6004,North of River,Metro,160.7,9.200000000000017,0.0
2022-07-25,BP Connect East Perth,BP,ULP,169.9,68-70 Brown St,EAST PERTH,6004,North of River,Metro,159.2,10.700000000000017,0.0
2022-07-26,BP Connect East Perth,BP,ULP,159.9,68-70 Brown St,EAST PERTH,6004,North of River,Metro,157.9,2.0,-10.0
2022-07-27,BP Connect East Perth,BP,ULP,193.9,68-70 Brown St,EAST PERTH,6004,North of River,Metro,156.2,37.70000000000002,34.0
2022-07-28,BP Connect East Perth,BP,ULP,192.9,68-70 Brown St,EAST PERTH,6004,North of River,Metro,156.2,36.70000000000002,-1.0
2022-07-29,BP Connect East Perth,BP,ULP,187.9,68-70 Brown St,EAST PERTH,6004,North of River,Metro,156.0,31.900000000000006,-5.0
2022-07-30,BP Connect East Perth,BP,ULP,176.9,68-70 Brown St,EAST PERTH,6004,North of River,Metro,156.0,20.900000000000006,-11.0
2022-07-31,BP Connect East Perth,BP,ULP,176.9,68-70 Brown St,EAST PERTH,6004,North of River,Metro,156.0,20.900000000000006,0.0
2022-08-01,BP Connect East Perth,BP,ULP,176.9,68-70 Brown St,EAST PERTH,6004,North of River,Metro,156.9,20.0,0.0
2022-08-02,BP Connect East Perth,BP,ULP,159.9,68-70 Brown St,EAST PERTH,6004,North of River,Metro,159.2,0.700000000000017,-17.0
2022-08-03,BP Connect East Perth,BP,ULP,195.9,68-70 Brown St,EAST PERTH,6004,North of River,Metro,160.2,35.70000000000002,36.0
2022-08-04,BP Connect East Perth,BP,ULP,167.9,68-70 Brown St,EAST PERTH,6004,North of River,Metro,159.3,8.599999999999994,-28.0
2022-08-05,BP Connect East Perth,BP,ULP,165.9,68-70 Brown St,EAST PERTH,6004,North of River,Metro,158.7,7.200000000000017,-2.0
2022-08-06,BP Connect East Perth,BP,ULP,161.9,68-70 Brown St,EAST PERTH,6004,North of River,Metro,158.7,3.200000000000017,-4.0
2022-08-07,BP Connect East Perth,BP,ULP,161.9,68-70 Brown St,EAST PERTH,6004,North of River,Metro,158.7,3.200000000000017,0.0
2022-08-08,BP Connect East Perth,BP,ULP,161.9,68-70 Brown St,EAST PERTH,6004,North of River,Metro,157.6,4.300000000000011,0.0
2022-08-09,BP Connect East Perth,BP,ULP,154.9,68-70 Brown St,EAST PERTH,6004,North of River,Metro,155.0,-0.09999999999999432,-7.0
2022-08-10,BP Connect East Perth,BP,ULP,189.9,68-70 Brown St,EAST PERTH,6004,North of River,Metro,153.1,36.80000000000001,35.0
2022-08-11,BP Connect East Perth,BP,ULP,187.9,68-70 Brown St,EAST PERTH,6004,North of River,Metro,152.1,35.80000000000001,-2.0
2022-08-12,BP Connect East Perth,BP,ULP,173.9,68-70 Brown St,EAST PERTH,6004,North of River,Metro,150.4,23.5,-14.0
2022-08-13,BP Connect East Perth,BP,ULP,158.9,68-70 Brown St,EAST PERTH,6004,North of River,Metro,150.4,8.5,-15.0
2022-08-14,BP Connect East Perth,BP,ULP,158.9,68-70 Brown St,EAST PERTH,6004,North of River,Metro,150.4,8.5,0.0
2022-08-15,BP Connect East Perth,BP,ULP,158.9,68-70 Brown St,EAST PERTH,6004,North of River,Metro,150.2,8.700000000000017,0.0
2022-08-16,BP Connect East Perth,BP,ULP,151.9,68-70 Brown St,EAST PERTH,6004,North of River,Metro,151.3,0.5999999999999943,-7.0
2022-08-17,BP Connect East Perth,BP,ULP,167.9,68-70 Brown St,EAST PERTH,6004,North of River,Metro,151.3,16.599999999999994,16.0
2022-08-18,BP Connect East Perth,BP,ULP,167.9,68-70 Brown St,EAST PERTH,6004,North of River,Metro,151.1,16.80000000000001,0.0
2022-08-19,BP Connect East Perth,BP,ULP,159.9,68-70 Brown St,EAST PERTH,6004,North of River,Metro,151.3,8.599999999999994,-8.0
2022-08-20,BP Connect East Perth,BP,ULP,156.9,68-70 Brown St,EAST PERTH,6004,North of River,Metro,151.3,5.599999999999994,-3.0
2022-08-21,BP Connect East Perth,BP,ULP,156.9,68-70 Brown St,EAST PERTH,6004,North of River,Metro,151.3,5.599999999999994,0.0
2022-08-22,BP Connect East Perth,BP,ULP,156.9,68-70 Brown St,EAST PERTH,6004,North of River,Metro,151.9,5.0,0.0
2022-08-23,BP Connect East Perth,BP,ULP,149.9,68-70 Brown St,EAST PERTH,6004,North of River,Metro,152.5,-2.5999999999999943,-7.0
2022-08-24,BP Connect East Perth,BP,ULP,193.9,68-70 Brown St,EAST PERTH,6004,North of River,Metro,153.5,40.400000000000006,44.0
2022-08-25,BP Connect East Perth,BP,ULP,187.9,68-70 Brown St,EAST PERTH,6004,North of River,Metro,154.8,33.099999999999994,-6.0
2022-08-26,BP Connect East Perth,BP,ULP,178.9,68-70 Brown St,EAST PERTH,6004,North of River,Metro,156.2,22.700000000000017,-9.0
2022-08-27,BP Connect East Perth,BP,ULP,177.9,68-70 Brown St,EAST PERTH,6004,North of River,Metro,156.2,21.700000000000017,-1.0
2022-08-28,BP Connect East Perth,BP,ULP,177.9,68-70 Brown St,EAST PERTH,6004,North of River,Metro,156.2,21.700000000000017,0.0
2022-08-29,BP Connect East Perth,BP,ULP,177.9,68-70 Brown St,EAST PERTH,6004,North of River,Metro,156.8,21.099999999999994,0.0
2022-08-30,BP Connect East Perth,BP,ULP,167.9,68-70 Brown St,EAST PERTH,6004,North of River,Metro,156.8,11.099999999999994,-10.0
2022-08-31,BP Connect East Perth,BP,ULP,173.9,68-70 Brown St,EAST PERTH,6004,North of River,Metro,156.7,17.200000000000017,6.0
2022-09-01,BP Connect East Perth,BP,ULP,169.9,68-70 Brown St,EAST PERTH,6004,North of River,Metro,156.2,13.700000000000017,-4.0
2022-09-02,BP Connect East Perth,BP,ULP,167.9,68-70 Brown St,EAST PERTH,6004,North of River,Metro,153.9,14.0,-2.0
2022-09-03,BP Connect East Perth,BP,ULP,162.9,68-70 Brown St,EAST PERTH,6004,North of River,Metro,153.9,9.0,-5.0
2022-09-04,BP Connect East Perth,BP,ULP,162.9,68-70 Brown St,EAST PERTH,6004,North of River,Metro,153.9,9.0,0.0
2022-09-05,BP Connect East Perth,BP,ULP,162.9,68-70 Brown St,EAST PERTH,6004,North of River,Metro,150.8,12.099999999999994,0.0
2022-09-06,BP Connect East Perth,BP,ULP,151.9,68-70 Brown St,EAST PERTH,6004,North of River,Metro,149.7,2.200000000000017,-11.0
2022-09-07,BP Connect East Perth,BP,ULP,187.9,68-70 Brown St,EAST PERTH,6004,North of River,Metro,149.0,38.900000000000006,36.0
2022-09-08,BP Connect East Perth,BP,ULP,185.9,68-70 Brown St,EAST PERTH,6004,North of River,Metro,148.5,37.400000000000006,-2.0
2022-09-09,BP Connect East Perth,BP,ULP,177.9,68-70 Brown St,EAST PERTH,6004,North of River,Metro,149.2,28.700000000000017,-8.0
2022-09-10,BP Connect East Perth,BP,ULP,172.9,68-70 Brown St,EAST PERTH,6004,North of River,Metro,149.2,23.700000000000017,-5.0
2022-09-11,BP Connect East Perth,BP,ULP,172.9,68-70 Brown St,EAST PERTH,6004,North of River,Metro,149.2,23.700000000000017,0.0
2022-09-12,BP Connect East Perth,BP,ULP,172.9,68-70 Brown St,EAST PERTH,6004,North of River,Metro,149.2,23.700000000000017,0.0
2022-09-13,BP Connect East Perth,BP,ULP,159.9,68-70 Brown St,EAST PERTH,6004,North of River,Metro,149.4,10.5,-13.0
2022-09-14,BP Connect East Perth,BP,ULP,169.9,68-70 Brown St,EAST PERTH,6004,North of River,Metro,150.0,19.900000000000006,10.0
2022-09-15,BP Connect East Perth,BP,ULP,168.9,68-70 Brown St,EAST PERTH,6004,North of River,Metro,150.1,18.80000000000001,-1.0
2022-09-16,BP Connect East Perth,BP,ULP,163.9,68-70 Brown St,EAST PERTH,6004,North of River,Metro,150.0,13.900000000000006,-5.0
2022-09-17,BP Connect East Perth,BP,ULP,158.9,68-70 Brown St,EAST PERTH,6004,North of River,Metro,150.0,8.900000000000006,-5.0
2022-09-18,BP Connect East Perth,BP,ULP,158.9,68-70 Brown St,EAST PERTH,6004,North of River,Metro,150.0,8.900000000000006,0.0
2022-09-19,BP Connect East Perth,BP,ULP,158.9,68-70 Brown St,EAST PERTH,6004,North of River,Metro,150.3,8.599999999999994,0.0
2022-09-20,BP Connect East Perth,BP,ULP,155.9,68-70 Brown St,EAST PERTH,6004,North of River,Metro,148.6,7.300000000000011,-3.0
2022-09-21,BP Connect East Perth,BP,ULP,187.9,68-70 Brown St,EAST PERTH,6004,North of River,Metro,146.8,41.099999999999994,32.0
2022-09-22,BP Connect East Perth,BP,ULP,186.9,68-70 Brown St,EAST PERTH,6004,North of River,Metro,145.8,41.099999999999994,-1.0
2022-09-23,BP Connect East Perth,BP,ULP,184.9,68-70 Brown St,EAST PERTH,6004,North of River,Metro,145.2,39.70000000000002,-2.0
2022-09-24,BP Connect East Perth,BP,ULP,173.9,68-70 Brown St,EAST PERTH,6004,North of River,Metro,145.2,28.700000000000017,-11.0
2022-09-25,BP Connect East Perth,BP,ULP,173.9,68-70 Brown St,EAST PERTH,6004,North of River,Metro,145.2,28.700000000000017,0.0
2022-09-26,BP Connect East Perth,BP,ULP,173.9,68-70 Brown St,EAST PERTH,6004,North of River,Metro,144.0,29.900000000000006,0.0
2022-09-27,BP Connect East Perth,BP,ULP,159.9,68-70 Brown St,EAST PERTH,6004,North of River,Metro,143.6,16.30000000000001,-14.0
2022-09-28,BP Connect East Perth,BP,ULP,165.9,68-70 Brown St,EAST PERTH,6004,North of River,Metro,149.4,16.5,6.0
2022-09-29,BP Connect East Perth,BP,ULP,165.9,68-70 Brown St,EAST PERTH,6004,North of River,Metro,168.0,-2.0999999999999943,0.0
2022-09-30,BP Connect East Perth,BP,ULP,165.9,68-70 Brown St,EAST PERTH,6004,North of River,Metro,168.0,-2.0999999999999943,0.0
2022-10-01,BP Connect East Perth,BP,ULP,171.9,68-70 Brown St,EAST PERTH,6004,North of River,Metro,168.0,3.9000000000000057,6.0
2022-10-02,BP Connect East Perth,BP,ULP,171.9,68-70 Brown St,EAST PERTH,6004,North of River,Metro,168.0,3.9000000000000057,0.0
2022-10-03,BP Connect East Perth,BP,ULP,171.9,68-70 Brown St,EAST PERTH,6004,North of River,Metro,167.2,4.700000000000017,0.0
2022-10-04,BP Connect East Perth,BP,ULP,169.9,68-70 Brown St,EAST PERTH,6004,North of River,Metro,167.8,2.0999999999999943,-2.0
2022-10-05,BP Connect East Perth,BP,ULP,199.9,68-70 Brown St,EAST PERTH,6004,North of River,Metro,168.4,31.5,30.0
2022-10-06,BP Connect East Perth,BP,ULP,196.9,68-70 Brown St,EAST PERTH,6004,North of River,Metro,168.2,28.700000000000017,-3.0
2022-10-07,BP Connect East Perth,BP,ULP,189.9,68-70 Brown St,EAST PERTH,6004,North of River,Metro,168.8,21.099999999999994,-7.0
2022-10-08,BP Connect East Perth,BP,ULP,182.9,68-70 Brown St,EAST PERTH,6004,North of River,Metro,168.8,14.099999999999994,-7.0
2022-10-09,BP Connect East Perth,BP,ULP,182.9,68-70 Brown St,EAST PERTH,6004,North of River,Metro,168.8,14.099999999999994,0.0
2022-10-10,BP Connect East Perth,BP,ULP,182.9,68-70 Brown St,EAST PERTH,6004,North of River,Metro,169.2,13.700000000000017,0.0
2022-10-11,BP Connect East Perth,BP,ULP,175.9,68-70 Brown St,EAST PERTH,6004,North of River,Metro,170.0,5.900000000000006,-7.0
2022-10-12,BP Connect East Perth,BP,ULP,181.9,68-70 Brown St,EAST PERTH,6004,North of River,Metro,171.0,10.900000000000006,6.0
2022-10-13,BP Connect East Perth,BP,ULP,181.9,68-70 Brown St,EAST PERTH,6004,North of River,Metro,171.9,10.0,0.0
2022-10-14,BP Connect East Perth,BP,ULP,177.9,68-70 Brown St,EAST PERTH,6004,North of River,Metro,173.1,4.800000000000011,-4.0
2022-10-15,BP Connect East Perth,BP,ULP,177.9,68-70 Brown St,EAST PERTH,6004,North of River,Metro,173.1,4.800000000000011,0.0
2022-10-16,BP Connect East Perth,BP,ULP,177.9,68-70 Brown St,EAST PERTH,6004,North of River,Metro,173.1,4.800000000000011,0.0
2022-10-17,BP Connect East Perth,BP,ULP,177.9,68-70 Brown St,EAST PERTH,6004,North of River,Metro,173.1,4.800000000000011,0.0
2022-10-18,BP Connect East Perth,BP,ULP,169.9,68-70 Brown St,EAST PERTH,6004,North of River,Metro,174.0,-4.099999999999994,-8.0
2022-10-19,BP Connect East Perth,BP,ULP,205.9,68-70 Brown St,EAST PERTH,6004,North of River,Metro,174.0,31.900000000000006,36.0
2022-10-20,BP Connect East Perth,BP,ULP,205.9,68-70 Brown St,EAST PERTH,6004,North of River,Metro,173.8,32.099999999999994,0.0
2022-10-21,BP Connect East Perth,BP,ULP,198.9,68-70 Brown St,EAST PERTH,6004,North of River,Metro,173.4,25.5,-7.0
2022-10-22,BP Connect East Perth,BP,ULP,193.9,68-70 Brown St,EAST PERTH,6004,North of River,Metro,173.4,20.5,-5.0
2022-10-23,BP Connect East Perth,BP,ULP,193.9,68-70 Brown St,EAST PERTH,6004,North of River,Metro,173.4,20.5,0.0
2022-10-24,BP Connect East Perth,BP,ULP,193.9,68-70 Brown St,EAST PERTH,6004,North of River,Metro,173.7,20.200000000000017,0.0
2022-10-25,BP Connect East Perth,BP,ULP,179.9,68-70 Brown St,EAST PERTH,6004,North of River,Metro,173.9,6.0,-14.0
2022-10-26,BP Connect East Perth,BP,ULP,189.9,68-70 Brown St,EAST PERTH,6004,North of River,Metro,173.7,16.200000000000017,10.0
2022-10-27,BP Connect East Perth,BP,ULP,189.9,68-70 Brown St,EAST PERTH,6004,North of River,Metro,173.8,16.099999999999994,0.0
2022-10-28,BP Connect East Perth,BP,ULP,185.9,68-70 Brown St,EAST PERTH,6004,North of River,Metro,173.6,12.300000000000011,-4.0
2022-10-29,BP Connect East Perth,BP,ULP,181.9,68-70 Brown St,EAST PERTH,6004,North of River,Metro,173.6,8.300000000000011,-4.0
2022-10-30,BP Connect East Perth,BP,ULP,181.9,68-70 Brown St,EAST PERTH,6004,North of River,Metro,173.6,8.300000000000011,0.0
2022-10-31,BP Connect East Perth,BP,ULP,181.9,68-70 Brown St,EAST PERTH,6004,North of River,Metro,172.7,9.200000000000017,0.0
2022-11-01,BP Connect East Perth,BP,ULP,173.9,68-70 Brown St,EAST PERTH,6004,North of River,Metro,172.0,1.9000000000000057,-8.0
2022-11-02,BP Connect East Perth,BP,ULP,209.9,68-70 Brown St,EAST PERTH,6004,North of River,Metro,171.6,38.30000000000001,36.0
2022-11-03,BP Connect East Perth,BP,ULP,206.9,68-70 Brown St,EAST PERTH,6004,North of River,Metro,171.5,35.400000000000006,-3.0
2022-11-04,BP Connect East Perth,BP,ULP,197.9,68-70 Brown St,EAST PERTH,6004,North of River,Metro,172.0,25.900000000000006,-9.0
2022-11-05,BP Connect East Perth,BP,ULP,187.9,68-70 Brown St,EAST PERTH,6004,North of River,Metro,172.0,15.900000000000006,-10.0
2022-11-06,BP Connect East Perth,BP,ULP,187.9,68-70 Brown St,EAST PERTH,6004,North of River,Metro,172.0,15.900000000000006,0.0
2022-11-07,BP Connect East Perth,BP,ULP,187.9,68-70 Brown St,EAST PERTH,6004,North of River,Metro,172.9,15.0,0.0
2022-11-08,BP Connect East Perth,BP,ULP,178.9,68-70 Brown St,EAST PERTH,6004,North of River,Metro,175.2,3.700000000000017,-9.0
2022-11-09,BP Connect East Perth,BP,ULP,195.9,68-70 Brown St,EAST PERTH,6004,North of River,Metro,177.6,18.30000000000001,17.0
2022-11-10,BP Connect East Perth,BP,ULP,193.9,68-70 Brown St,EAST PERTH,6004,North of River,Metro,179.0,14.900000000000006,-2.0
2022-11-11,BP Connect East Perth,BP,ULP,187.9,68-70 Brown St,EAST PERTH,6004,North of River,Metro,179.4,8.5,-6.0
2022-11-12,BP Connect East Perth,BP,ULP,185.9,68-70 Brown St,EAST PERTH,6004,North of River,Metro,179.4,6.5,-2.0
2022-11-13,BP Connect East Perth,BP,ULP,185.9,68-70 Brown St,EAST PERTH,6004,North of River,Metro,179.4,6.5,0.0
2022-11-14,BP Connect East Perth,BP,ULP,185.9,68-70 Brown St,EAST PERTH,6004,North of River,Metro,179.2,6.700000000000017,0.0
2022-11-15,BP Connect East Perth,BP,ULP,173.9,68-70 Brown St,EAST PERTH,6004,North of River,Metro,177.9,-4.0,-12.0
2022-11-16,BP Connect East Perth,BP,ULP,212.9,68-70 Brown St,EAST PERTH,6004,North of River,Metro,177.1,35.80000000000001,39.0
2022-11-17,BP Connect East Perth,BP,ULP,206.9,68-70 Brown St,EAST PERTH,6004,North of River,Metro,175.5,31.400000000000006,-6.0
2022-11-18,BP Connect East Perth,BP,ULP,196.9,68-70 Brown St,EAST PERTH,6004,North of River,Metro,174.3,22.599999999999994,-10.0
2022-11-19,BP Connect East Perth,BP,ULP,184.9,68-70 Brown St,EAST PERTH,6004,North of River,Metro,174.3,10.599999999999994,-12.0
2022-11-20,BP Connect East Perth,BP,ULP,184.9,68-70 Brown St,EAST PERTH,6004,North of River,Metro,174.3,10.599999999999994,0.0
2022-11-21,BP Connect East Perth,BP,ULP,184.9,68-70 Brown St,EAST PERTH,6004,North of River,Metro,173.4,11.5,0.0
2022-11-22,BP Connect East Perth,BP,ULP,176.9,68-70 Brown St,EAST PERTH,6004,North of River,Metro,172.3,4.599999999999994,-8.0
2022-11-23,BP Connect East Perth,BP,ULP,195.9,68-70 Brown St,EAST PERTH,6004,North of River,Metro,171.4,24.5,19.0
2022-11-24,BP Connect East Perth,BP,ULP,193.9,68-70 Brown St,EAST PERTH,6004,North of River,Metro,170.9,23.0,-2.0
2022-11-25,BP Connect East Perth,BP,ULP,185.9,68-70 Brown St,EAST PERTH,6004,North of River,Metro,170.4,15.5,-8.0
2022-11-26,BP Connect East Perth,BP,ULP,179.9,68-70 Brown St,EAST PERTH,6004,North of River,Metro,170.4,9.5,-6.0
2022-11-27,BP Connect East Perth,BP,ULP,179.9,68-70 Brown St,EAST PERTH,6004,North of River,Metro,170.4,9.5,0.0
2022-11-28,BP Connect East Perth,BP,ULP,179.9,68-70 Brown St,EAST PERTH,6004,North of River,Metro,169.5,10.400000000000006,0.0
2022-11-29,BP Connect East Perth,BP,ULP,179.9,68-70 Brown St,EAST PERTH,6004,North of River,Metro,168.7,11.200000000000017,0.0
2022-11-30,BP Connect East Perth,BP,ULP,199.9,68-70 Brown St,EAST PERTH,6004,North of River,Metro,167.1,32.80000000000001,20.0
2022-12-01,BP Connect East Perth,BP,ULP,195.9,68-70 Brown St,EAST PERTH,6004,North of River,Metro,165.8,30.099999999999994,-4.0
2022-12-02,BP Connect East Perth,BP,ULP,187.9,68-70 Brown St,EAST PERTH,6004,North of River,Metro,164.4,23.5,-8.0
2022-12-03,BP Connect East Perth,BP,ULP,174.9,68-70 Brown St,EAST PERTH,6004,North of River,Metro,164.4,10.5,-13.0
2022-12-04,BP Connect East Perth,BP,ULP,174.9,68-70 Brown St,EAST PERTH,6004,North of River,Metro,164.4,10.5,0.0
2022-12-05,BP Connect East Perth,BP,ULP,174.9,68-70 Brown St,EAST PERTH,6004,North of River,Metro,163.6,11.300000000000011,0.0
2022-12-06,BP Connect East Perth,BP,ULP,167.9,68-70 Brown St,EAST PERTH,6004,North of River,Metro,162.8,5.099999999999994,-7.0
2022-12-07,BP Connect East Perth,BP,ULP,185.9,68-70 Brown St,EAST PERTH,6004,North of River,Metro,162.7,23.200000000000017,18.0
2022-12-08,BP Connect East Perth,BP,ULP,185.9,68-70 Brown St,EAST PERTH,6004,North of River,Metro,162.3,23.599999999999994,0.0
2022-12-09,BP Connect East Perth,BP,ULP,175.9,68-70 Brown St,EAST PERTH,6004,North of River,Metro,161.8,14.099999999999994,-10.0
2022-12-10,BP Connect East Perth,BP,ULP,169.9,68-70 Brown St,EAST PERTH,6004,North of River,Metro,161.8,8.099999999999994,-6.0
2022-12-11,BP Connect East Perth,BP,ULP,169.9,68-70 Brown St,EAST PERTH,6004,North of River,Metro,161.8,8.099999999999994,0.0
2022-12-12,BP Connect East Perth,BP,ULP,169.9,68-70 Brown St,EAST PERTH,6004,North of River,Metro,160.7,9.200000000000017,0.0
2022-12-13,BP Connect East Perth,BP,ULP,159.9,68-70 Brown St,EAST PERTH,6004,North of River,Metro,159.4,0.5,-10.0
2022-12-14,BP Connect East Perth,BP,ULP,189.9,68-70 Brown St,EAST PERTH,6004,North of River,Metro,157.7,32.20000000000002,30.0
2022-12-15,BP Connect East Perth,BP,ULP,185.9,68-70 Brown St,EAST PERTH,6004,North of River,Metro,157.4,28.5,-4.0
2022-12-16,BP Connect East Perth,BP,ULP,175.9,68-70 Brown St,EAST PERTH,6004,North of River,Metro,157.3,18.599999999999994,-10.0
2022-12-17,BP Connect East Perth,BP,ULP,159.9,68-70 Brown St,EAST PERTH,6004,North of River,Metro,157.3,2.5999999999999943,-16.0
2022-12-18,BP Connect East Perth,BP,ULP,159.9,68-70 Brown St,EAST PERTH,6004,North of River,Metro,157.3,2.5999999999999943,0.0
2022-12-19,BP Connect East Perth,BP,ULP,159.9,68-70 Brown St,EAST PERTH,6004,North of River,Metro,157.5,2.4000000000000057,0.0
2022-12-20,BP Connect East Perth,BP,ULP,158.9,68-70 Brown St,EAST PERTH,6004,North of River,Metro,158.3,0.5999999999999943,-1.0
2022-12-21,BP Connect East Perth,BP,ULP,189.9,68-70 Brown St,EAST PERTH,6004,North of River,Metro,158.8,31.099999999999994,31.0
2022-12-22,BP Connect East Perth,BP,ULP,159.9,68-70 Brown St,EAST PERTH,6004,North of River,Metro,159.3,0.5999999999999943,-30.0
2022-12-23,BP Connect East Perth,BP,ULP,159.9,68-70 Brown St,EAST PERTH,6004,North of River,Metro,159.6,0.30000000000001137,0.0
2022-12-24,BP Connect East Perth,BP,ULP,159.9,68-70 Brown St,EAST PERTH,6004,North of River,Metro,159.6,0.30000000000001137,0.0
2022-12-25,BP Connect East Perth,BP,ULP,159.9,68-70 Brown St,EAST PERTH,6004,North of River,Metro,159.6,0.30000000000001137,0.0
2022-12-26,BP Connect East Perth,BP,ULP,159.9,68-70 Brown St,EAST PERTH,6004,North of River,Metro,160.0,-0.09999999999999432,0.0
2022-12-27,BP Connect East Perth,BP,ULP,159.9,68-70 Brown St,EAST PERTH,6004,North of River,Metro,160.2,-0.29999999999998295,0.0
2022-12-28,BP Connect East Perth,BP,ULP,179.9,68-70 Brown St,EAST PERTH,6004,North of River,Metro,161.9,18.0,20.0
2022-12-29,BP Connect East Perth,BP,ULP,175.9,68-70 Brown St,EAST PERTH,6004,North of River,Metro,162.3,13.599999999999994,-4.0
2022-12-30,BP Connect East Perth,BP,ULP,169.9,68-70 Brown St,EAST PERTH,6004,North of River,Metro,164.1,5.800000000000011,-6.0
2022-12-31,BP Connect East Perth,BP,ULP,164.9,68-70 Brown St,EAST PERTH,6004,North of River,Metro,148.1,16.80000000000001,-5.0
2022-01-01,BP Connect North Perth,BP,ULP,173.9,349 Charles St,NORTH PERTH,6006,North of River,Metro,148.1,25.80000000000001,
2022-01-02,BP Connect North Perth,BP,ULP,173.9,349 Charles St,NORTH PERTH,6006,North of River,Metro,148.1,25.80000000000001,0.0
2022-01-03,BP Connect North Perth,BP,ULP,173.9,349 Charles St,NORTH PERTH,6006,North of River,Metro,149.2,24.700000000000017,0.0
2022-01-04,BP Connect North Perth,BP,ULP,164.9,349 Charles St,NORTH PERTH,6006,North of River,Metro,149.4,15.5,-9.0
2022-01-05,BP Connect North Perth,BP,ULP,161.9,349 Charles St,NORTH PERTH,6006,North of River,Metro,150.0,11.900000000000006,-3.0
2022-01-06,BP Connect North Perth,BP,ULP,159.9,349 Charles St,NORTH PERTH,6006,North of River,Metro,150.4,9.5,-2.0
2022-01-07,BP Connect North Perth,BP,ULP,156.9,349 Charles St,NORTH PERTH,6006,North of River,Metro,150.7,6.200000000000017,-3.0
2022-01-08,BP Connect North Perth,BP,ULP,152.9,349 Charles St,NORTH PERTH,6006,North of River,Metro,150.7,2.200000000000017,-4.0
2022-01-09,BP Connect North Perth,BP,ULP,152.9,349 Charles St,NORTH PERTH,6006,North of River,Metro,150.7,2.200000000000017,0.0
2022-01-10,BP Connect North Perth,BP,ULP,152.9,349 Charles St,NORTH PERTH,6006,North of River,Metro,151.0,1.9000000000000057,0.0
2022-01-11,BP Connect North Perth,BP,ULP,149.9,349 Charles St,NORTH PERTH,6006,North of River,Metro,151.4,-1.5,-3.0
2022-01-12,BP Connect North Perth,BP,ULP,189.9,349 Charles St,NORTH PERTH,6006,North of River,Metro,151.8,38.099999999999994,40.0
2022-01-13,BP Connect North Perth,BP,ULP,187.9,349 Charles St,NORTH PERTH,6006,North of River,Metro,152.1,35.80000000000001,-2.0
2022-01-14,BP Connect North Perth,BP,ULP,183.9,349 Charles St,NORTH PERTH,6006,North of River,Metro,152.6,31.30000000000001,-4.0
2022-01-15,BP Connect North Perth,BP,ULP,175.9,349 Charles St,NORTH PERTH,6006,North of River,Metro,152.6,23.30000000000001,-8.0
2022-01-16,BP Connect North Perth,BP,ULP,175.9,349 Charles St,NORTH PERTH,6006,North of River,Metro,152.6,23.30000000000001,0.0
2022-01-17,BP Connect North Perth,BP,ULP,175.9,349 Charles St,NORTH PERTH,6006,North of River,Metro,153.0,22.900000000000006,0.0
2022-01-18,BP Connect North Perth,BP,ULP,169.9,349 Charles St,NORTH PERTH,6006,North of River,Metro,153.4,16.5,-6.0
2022-01-19,BP Connect North Perth,BP,ULP,166.9,349 Charles St,NORTH PERTH,6006,North of River,Metro,154.3,12.599999999999994,-3.0
2022-01-20,BP Connect North Perth,BP,ULP,163.9,349 Charles St,NORTH PERTH,6006,North of River,Metro,155.0,8.900000000000006,-3.0
2022-01-21,BP Connect North Perth,BP,ULP,159.9,349 Charles St,NORTH PERTH,6006,North of River,Metro,155.9,4.0,-4.0
2022-01-22,BP Connect North Perth,BP,ULP,156.9,349 Charles St,NORTH PERTH,6006,North of River,Metro,155.9,1.0,-3.0
2022-01-23,BP Connect North Perth,BP,ULP,156.9,349 Charles St,NORTH PERTH,6006,North of River,Metro,155.9,1.0,0.0
2022-01-24,BP Connect North Perth,BP,ULP,156.9,349 Charles St,NORTH PERTH,6006,North of River,Metro,156.7,0.20000000000001705,0.0
2022-01-25,BP Connect North Perth,BP,ULP,155.9,349 Charles St,NORTH PERTH,6006,North of River,Metro,157.0,-1.0999999999999943,-1.0
2022-01-26,BP Connect North Perth,BP,ULP,194.9,349 Charles St,NORTH PERTH,6006,North of River,Metro,157.4,37.5,39.0
2022-01-27,BP Connect North Perth,BP,ULP,191.9,349 Charles St,NORTH PERTH,6006,North of River,Metro,157.6,34.30000000000001,-3.0
2022-01-28,BP Connect North Perth,BP,ULP,189.9,349 Charles St,NORTH PERTH,6006,North of River,Metro,158.5,31.400000000000006,-2.0
2022-01-29,BP Connect North Perth,BP,ULP,184.9,349 Charles St,NORTH PERTH,6006,North of River,Metro,158.5,26.400000000000006,-5.0
2022-01-30,BP Connect North Perth,BP,ULP,184.9,349 Charles St,NORTH PERTH,6006,North of River,Metro,158.5,26.400000000000006,0.0
2022-01-31,BP Connect North Perth,BP,ULP,184.9,349 Charles St,NORTH PERTH,6006,North of River,Metro,160.0,24.900000000000006,0.0
2022-02-01,BP Connect North Perth,BP,ULP,176.9,349 Charles St,NORTH PERTH,6006,North of River,Metro,162.1,14.800000000000011,-8.0
2022-02-02,BP Connect North Perth,BP,ULP,176.9,349 Charles St,NORTH PERTH,6006,North of River,Metro,163.3,13.599999999999994,0.0
2022-02-03,BP Connect North Perth,BP,ULP,175.9,349 Charles St,NORTH PERTH,6006,North of River,Metro,164.1,11.800000000000011,-1.0
2022-02-04,BP Connect North Perth,BP,ULP,169.9,349 Charles St,NORTH PERTH,6006,North of River,Metro,164.7,5.200000000000017,-6.0
2022-02-05,BP Connect North Perth,BP,ULP,165.9,349 Charles St,NORTH PERTH,6006,North of River,Metro,164.7,1.200000000000017,-4.0
2022-02-06,BP Connect North Perth,BP,ULP,165.9,349 Charles St,NORTH PERTH,6006,North of River,Metro,164.7,1.200000000000017,0.0
2022-02-07,BP Connect North Perth,BP,ULP,165.9,349 Charles St,NORTH PERTH,6006,North of River,Metro,165.3,0.5999999999999943,0.0
2022-02-08,BP Connect North Perth,BP,ULP,165.9,349 Charles St,NORTH PERTH,6006,North of River,Metro,166.1,-0.19999999999998863,0.0
2022-02-09,BP Connect North Perth,BP,ULP,199.9,349 Charles St,NORTH PERTH,6006,North of River,Metro,166.5,33.400000000000006,34.0
2022-02-10,BP Connect North Perth,BP,ULP,196.9,349 Charles St,NORTH PERTH,6006,North of River,Metro,166.6,30.30000000000001,-3.0
2022-02-11,BP Connect North Perth,BP,ULP,193.9,349 Charles St,NORTH PERTH,6006,North of River,Metro,166.8,27.099999999999994,-3.0
2022-02-12,BP Connect North Perth,BP,ULP,187.9,349 Charles St,NORTH PERTH,6006,North of River,Metro,166.8,21.099999999999994,-6.0
2022-02-13,BP Connect North Perth,BP,ULP,187.9,349 Charles St,NORTH PERTH,6006,North of River,Metro,166.8,21.099999999999994,0.0
2022-02-14,BP Connect North Perth,BP,ULP,187.9,349 Charles St,NORTH PERTH,6006,North of River,Metro,167.2,20.700000000000017,0.0
2022-02-15,BP Connect North Perth,BP,ULP,181.9,349 Charles St,NORTH PERTH,6006,North of River,Metro,167.8,14.099999999999994,-6.0
2022-02-16,BP Connect North Perth,BP,ULP,179.9,349 Charles St,NORTH PERTH,6006,North of River,Metro,168.7,11.200000000000017,-2.0
2022-02-17,BP Connect North Perth,BP,ULP,178.9,349 Charles St,NORTH PERTH,6006,North of River,Metro,169.6,9.300000000000011,-1.0
2022-02-18,BP Connect North Perth,BP,ULP,176.9,349 Charles St,NORTH PERTH,6006,North of River,Metro,170.2,6.700000000000017,-2.0
2022-02-19,BP Connect North Perth,BP,ULP,172.9,349 Charles St,NORTH PERTH,6006,North of River,Metro,170.2,2.700000000000017,-4.0
2022-02-20,BP Connect North Perth,BP,ULP,172.9,349 Charles St,NORTH PERTH,6006,North of River,Metro,170.2,2.700000000000017,0.0
2022-02-21,BP Connect North Perth,BP,ULP,172.9,349 Charles St,NORTH PERTH,6006,North of River,Metro,170.0,2.9000000000000057,0.0
2022-02-22,BP Connect North Perth,BP,ULP,169.9,349 Charles St,NORTH PERTH,6006,North of River,Metro,169.8,0.09999999999999432,-3.0
2022-02-23,BP Connect North Perth,BP,ULP,207.9,349 Charles St,NORTH PERTH,6006,North of River,Metro,169.4,38.5,38.0
2022-02-24,BP Connect North Perth,BP,ULP,204.9,349 Charles St,NORTH PERTH,6006,North of River,Metro,169.6,35.30000000000001,-3.0
2022-02-25,BP Connect North Perth,BP,ULP,201.9,349 Charles St,NORTH PERTH,6006,North of River,Metro,169.6,32.30000000000001,-3.0
2022-02-26,BP Connect North Perth,BP,ULP,195.9,349 Charles St,NORTH PERTH,6006,North of River,Metro,169.6,26.30000000000001,-6.0
2022-02-27,BP Connect North Perth,BP,ULP,195.9,349 Charles St,NORTH PERTH,6006,North of River,Metro,169.6,26.30000000000001,0.0
2022-02-28,BP Connect North Perth,BP,ULP,195.9,349 Charles St,NORTH PERTH,6006,North of River,Metro,171.0,24.900000000000006,0.0
2022-03-01,BP Connect North Perth,BP,ULP,189.9,349 Charles St,NORTH PERTH,6006,North of River,Metro,172.4,17.5,-6.0
2022-03-02,BP Connect North Perth,BP,ULP,189.9,349 Charles St,NORTH PERTH,6006,North of River,Metro,173.3,16.599999999999994,0.0
2022-03-03,BP Connect North Perth,BP,ULP,187.9,349 Charles St,NORTH PERTH,6006,North of River,Metro,174.4,13.5,-2.0
2022-03-04,BP Connect North Perth,BP,ULP,186.9,349 Charles St,NORTH PERTH,6006,North of River,Metro,177.7,9.200000000000017,-1.0
2022-03-05,BP Connect North Perth,BP,ULP,183.9,349 Charles St,NORTH PERTH,6006,North of River,Metro,177.7,6.200000000000017,-3.0
2022-03-06,BP Connect North Perth,BP,ULP,183.9,349 Charles St,NORTH PERTH,6006,North of River,Metro,177.7,6.200000000000017,0.0
2022-03-07,BP Connect North Perth,BP,ULP,183.9,349 Charles St,NORTH PERTH,6006,North of River,Metro,178.8,5.099999999999994,0.0
2022-03-08,BP Connect North Perth,BP,ULP,179.9,349 Charles St,NORTH PERTH,6006,North of River,Metro,183.5,-3.5999999999999943,-4.0
2022-03-09,BP Connect North Perth,BP,ULP,221.9,349 Charles St,NORTH PERTH,6006,North of River,Metro,187.0,34.900000000000006,42.0
2022-03-10,BP Connect North Perth,BP,ULP,219.9,349 Charles St,NORTH PERTH,6006,North of River,Metro,192.0,27.900000000000006,-2.0
2022-03-11,BP Connect North Perth,BP,ULP,219.9,349 Charles St,NORTH PERTH,6006,North of River,Metro,196.4,23.5,0.0
2022-03-12,BP Connect North Perth,BP,ULP,215.9,349 Charles St,NORTH PERTH,6006,North of River,Metro,196.4,19.5,-4.0
2022-03-13,BP Connect North Perth,BP,ULP,215.9,349 Charles St,NORTH PERTH,6006,North of River,Metro,196.4,19.5,0.0
2022-03-14,BP Connect North Perth,BP,ULP,215.9,349 Charles St,NORTH PERTH,6006,North of River,Metro,198.0,17.900000000000006,0.0
2022-03-15,BP Connect North Perth,BP,ULP,209.9,349 Charles St,NORTH PERTH,6006,North of River,Metro,197.8,12.099999999999994,-6.0
2022-03-16,BP Connect North Perth,BP,ULP,207.9,349 Charles St,NORTH PERTH,6006,North of River,Metro,195.8,12.099999999999994,-2.0
2022-03-17,BP Connect North Perth,BP,ULP,204.9,349 Charles St,NORTH PERTH,6006,North of River,Metro,193.5,11.400000000000006,-3.0
2022-03-18,BP Connect North Perth,BP,ULP,201.9,349 Charles St,NORTH PERTH,6006,North of River,Metro,188.0,13.900000000000006,-3.0
2022-03-19,BP Connect North Perth,BP,ULP,197.9,349 Charles St,NORTH PERTH,6006,North of River,Metro,188.0,9.900000000000006,-4.0
2022-03-20,BP Connect North Perth,BP,ULP,197.9,349 Charles St,NORTH PERTH,6006,North of River,Metro,188.0,9.900000000000006,0.0
2022-03-21,BP Connect North Perth,BP,ULP,197.9,349 Charles St,NORTH PERTH,6006,North of River,Metro,186.7,11.200000000000017,0.0
2022-03-22,BP Connect North Perth,BP,ULP,189.9,349 Charles St,NORTH PERTH,6006,North of River,Metro,185.1,4.800000000000011,-8.0
2022-03-23,BP Connect North Perth,BP,ULP,219.9,349 Charles St,NORTH PERTH,6006,North of River,Metro,185.1,34.80000000000001,30.0
2022-03-24,BP Connect North Perth,BP,ULP,217.9,349 Charles St,NORTH PERTH,6006,North of River,Metro,186.3,31.599999999999994,-2.0
2022-03-25,BP Connect North Perth,BP,ULP,216.9,349 Charles St,NORTH PERTH,6006,North of River,Metro,187.2,29.700000000000017,-1.0
2022-03-26,BP Connect North Perth,BP,ULP,208.9,349 Charles St,NORTH PERTH,6006,North of River,Metro,187.2,21.700000000000017,-8.0
2022-03-27,BP Connect North Perth,BP,ULP,208.9,349 Charles St,NORTH PERTH,6006,North of River,Metro,187.2,21.700000000000017,0.0
2022-03-28,BP Connect North Perth,BP,ULP,208.9,349 Charles St,NORTH PERTH,6006,North of River,Metro,188.2,20.700000000000017,0.0
2022-03-29,BP Connect North Perth,BP,ULP,203.9,349 Charles St,NORTH PERTH,6006,North of River,Metro,187.8,16.099999999999994,-5.0
2022-03-30,BP Connect North Perth,BP,ULP,199.9,349 Charles St,NORTH PERTH,6006,North of River,Metro,174.9,25.0,-4.0
2022-03-31,BP Connect North Perth,BP,ULP,186.9,349 Charles St,NORTH PERTH,6006,North of River,Metro,161.4,25.5,-13.0
2022-04-01,BP Connect North Perth,BP,ULP,183.9,349 Charles St,NORTH PERTH,6006,North of River,Metro,160.0,23.900000000000006,-3.0
2022-04-02,BP Connect North Perth,BP,ULP,170.9,349 Charles St,NORTH PERTH,6006,North of River,Metro,160.0,10.900000000000006,-13.0
2022-04-03,BP Connect North Perth,BP,ULP,170.9,349 Charles St,NORTH PERTH,6006,North of River,Metro,160.0,10.900000000000006,0.0
2022-04-04,BP Connect North Perth,BP,ULP,165.9,349 Charles St,NORTH PERTH,6006,North of River,Metro,158.7,7.200000000000017,-5.0
2022-04-05,BP Connect North Perth,BP,ULP,159.9,349 Charles St,NORTH PERTH,6006,North of River,Metro,156.9,3.0,-6.0
2022-04-06,BP Connect North Perth,BP,ULP,189.9,349 Charles St,NORTH PERTH,6006,North of River,Metro,155.8,34.099999999999994,30.0
2022-04-07,BP Connect North Perth,BP,ULP,186.9,349 Charles St,NORTH PERTH,6006,North of River,Metro,155.2,31.700000000000017,-3.0
2022-04-08,BP Connect North Perth,BP,ULP,185.9,349 Charles St,NORTH PERTH,6006,North of River,Metro,154.6,31.30000000000001,-1.0
2022-04-09,BP Connect North Perth,BP,ULP,179.9,349 Charles St,NORTH PERTH,6006,North of River,Metro,154.6,25.30000000000001,-6.0
2022-04-10,BP Connect North Perth,BP,ULP,179.9,349 Charles St,NORTH PERTH,6006,North of River,Metro,154.6,25.30000000000001,0.0
2022-04-11,BP Connect North Perth,BP,ULP,179.9,349 Charles St,NORTH PERTH,6006,North of River,Metro,153.6,26.30000000000001,0.0
2022-04-12,BP Connect North Perth,BP,ULP,169.9,349 Charles St,NORTH PERTH,6006,North of River,Metro,153.3,16.599999999999994,-10.0
2022-04-13,BP Connect North Perth,BP,ULP,164.9,349 Charles St,NORTH PERTH,6006,North of River,Metro,152.8,12.099999999999994,-5.0
2022-04-14,BP Connect North Perth,BP,ULP,162.9,349 Charles St,NORTH PERTH,6006,North of River,Metro,152.3,10.599999999999994,-2.0
2022-04-15,BP Connect North Perth,BP,ULP,155.9,349 Charles St,NORTH PERTH,6006,North of River,Metro,152.3,3.5999999999999943,-7.0
2022-04-16,BP Connect North Perth,BP,ULP,155.9,349 Charles St,NORTH PERTH,6006,North of River,Metro,152.3,3.5999999999999943,0.0
2022-04-17,BP Connect North Perth,BP,ULP,155.9,349 Charles St,NORTH PERTH,6006,North of River,Metro,152.3,3.5999999999999943,0.0
2022-04-18,BP Connect North Perth,BP,ULP,155.9,349 Charles St,NORTH PERTH,6006,North of River,Metro,152.7,3.200000000000017,0.0
2022-04-19,BP Connect North Perth,BP,ULP,152.9,349 Charles St,NORTH PERTH,6006,North of River,Metro,154.3,-1.4000000000000057,-3.0
2022-04-20,BP Connect North Perth,BP,ULP,191.9,349 Charles St,NORTH PERTH,6006,North of River,Metro,157.5,34.400000000000006,39.0
2022-04-21,BP Connect North Perth,BP,ULP,188.9,349 Charles St,NORTH PERTH,6006,North of River,Metro,159.9,29.0,-3.0
2022-04-22,BP Connect North Perth,BP,ULP,186.9,349 Charles St,NORTH PERTH,6006,North of River,Metro,161.4,25.5,-2.0
2022-04-23,BP Connect North Perth,BP,ULP,173.9,349 Charles St,NORTH PERTH,6006,North of River,Metro,161.4,12.5,-13.0
2022-04-24,BP Connect North Perth,BP,ULP,173.9,349 Charles St,NORTH PERTH,6006,North of River,Metro,161.4,12.5,0.0
2022-04-25,BP Connect North Perth,BP,ULP,173.9,349 Charles St,NORTH PERTH,6006,North of River,Metro,162.0,11.900000000000006,0.0
2022-04-26,BP Connect North Perth,BP,ULP,171.9,349 Charles St,NORTH PERTH,6006,North of River,Metro,162.2,9.700000000000017,-2.0
2022-04-27,BP Connect North Perth,BP,ULP,168.9,349 Charles St,NORTH PERTH,6006,North of River,Metro,162.2,6.700000000000017,-3.0
2022-04-28,BP Connect North Perth,BP,ULP,168.9,349 Charles St,NORTH PERTH,6006,North of River,Metro,162.7,6.200000000000017,0.0
2022-04-29,BP Connect North Perth,BP,ULP,166.9,349 Charles St,NORTH PERTH,6006,North of River,Metro,164.0,2.9000000000000057,-2.0
2022-04-30,BP Connect North Perth,BP,ULP,164.9,349 Charles St,NORTH PERTH,6006,North of River,Metro,164.0,0.9000000000000057,-2.0
2022-05-01,BP Connect North Perth,BP,ULP,164.9,349 Charles St,NORTH PERTH,6006,North of River,Metro,164.0,0.9000000000000057,0.0
2022-05-02,BP Connect North Perth,BP,ULP,164.9,349 Charles St,NORTH PERTH,6006,North of River,Metro,165.2,-0.29999999999998295,0.0
2022-05-03,BP Connect North Perth,BP,ULP,163.9,349 Charles St,NORTH PERTH,6006,North of River,Metro,166.8,-2.9000000000000057,-1.0
2022-05-04,BP Connect North Perth,BP,ULP,199.9,349 Charles St,NORTH PERTH,6006,North of River,Metro,167.2,32.70000000000002,36.0
2022-05-05,BP Connect North Perth,BP,ULP,195.9,349 Charles St,NORTH PERTH,6006,North of River,Metro,169.9,26.0,-4.0
2022-05-06,BP Connect North Perth,BP,ULP,193.9,349 Charles St,NORTH PERTH,6006,North of River,Metro,173.3,20.599999999999994,-2.0
2022-05-07,BP Connect North Perth,BP,ULP,189.9,349 Charles St,NORTH PERTH,6006,North of River,Metro,173.3,16.599999999999994,-4.0
2022-05-08,BP Connect North Perth,BP,ULP,189.9,349 Charles St,NORTH PERTH,6006,North of River,Metro,173.3,16.599999999999994,0.0
2022-05-09,BP Connect North Perth,BP,ULP,189.9,349 Charles St,NORTH PERTH,6006,North of River,Metro,175.1,14.800000000000011,0.0
2022-05-10,BP Connect North Perth,BP,ULP,188.9,349 Charles St,NORTH PERTH,6006,North of River,Metro,177.3,11.599999999999994,-1.0
2022-05-11,BP Connect North Perth,BP,ULP,183.9,349 Charles St,NORTH PERTH,6006,North of River,Metro,178.4,5.5,-5.0
2022-05-12,BP Connect North Perth,BP,ULP,179.9,349 Charles St,NORTH PERTH,6006,North of River,Metro,178.8,1.0999999999999943,-4.0
2022-05-13,BP Connect North Perth,BP,ULP,179.9,349 Charles St,NORTH PERTH,6006,North of River,Metro,178.9,1.0,0.0
2022-05-14,BP Connect North Perth,BP,ULP,179.9,349 Charles St,NORTH PERTH,6006,North of River,Metro,178.9,1.0,0.0
2022-05-15,BP Connect North Perth,BP,ULP,179.9,349 Charles St,NORTH PERTH,6006,North of River,Metro,178.9,1.0,0.0
2022-05-16,BP Connect North Perth,BP,ULP,179.9,349 Charles St,NORTH PERTH,6006,North of River,Metro,179.4,0.5,0.0
2022-05-17,BP Connect North Perth,BP,ULP,177.9,349 Charles St,NORTH PERTH,6006,North of River,Metro,180.2,-2.299999999999983,-2.0
2022-05-18,BP Connect North Perth,BP,ULP,217.9,349 Charles St,NORTH PERTH,6006,North of River,Metro,181.2,36.70000000000002,40.0
2022-05-19,BP Connect North Perth,BP,ULP,215.9,349 Charles St,NORTH PERTH,6006,North of River,Metro,184.0,31.900000000000006,-2.0
2022-05-20,BP Connect North Perth,BP,ULP,213.9,349 Charles St,NORTH PERTH,6006,North of River,Metro,186.8,27.099999999999994,-2.0
2022-05-21,BP Connect North Perth,BP,ULP,209.9,349 Charles St,NORTH PERTH,6006,North of River,Metro,186.8,23.099999999999994,-4.0
2022-05-22,BP Connect North Perth,BP,ULP,209.9,349 Charles St,NORTH PERTH,6006,North of River,Metro,186.8,23.099999999999994,0.0
2022-05-23,BP Connect North Perth,BP,ULP,209.9,349 Charles St,NORTH PERTH,6006,North of River,Metro,188.6,21.30000000000001,0.0
2022-05-24,BP Connect North Perth,BP,ULP,203.9,349 Charles St,NORTH PERTH,6006,North of River,Metro,189.8,14.099999999999994,-6.0
2022-05-25,BP Connect North Perth,BP,ULP,199.9,349 Charles St,NORTH PERTH,6006,North of River,Metro,189.8,10.099999999999994,-4.0
2022-05-26,BP Connect North Perth,BP,ULP,197.9,349 Charles St,NORTH PERTH,6006,North of River,Metro,188.7,9.200000000000017,-2.0
2022-05-27,BP Connect North Perth,BP,ULP,195.9,349 Charles St,NORTH PERTH,6006,North of River,Metro,187.9,8.0,-2.0
2022-05-28,BP Connect North Perth,BP,ULP,189.9,349 Charles St,NORTH PERTH,6006,North of River,Metro,187.9,2.0,-6.0
2022-05-29,BP Connect North Perth,BP,ULP,189.9,349 Charles St,NORTH PERTH,6006,North of River,Metro,187.9,2.0,0.0
2022-05-30,BP Connect North Perth,BP,ULP,189.9,349 Charles St,NORTH PERTH,6006,North of River,Metro,187.6,2.3000000000000114,0.0
2022-05-31,BP Connect North Perth,BP,ULP,185.9,349 Charles St,NORTH PERTH,6006,North of River,Metro,187.5,-1.5999999999999943,-4.0
2022-06-01,BP Connect North Perth,BP,ULP,219.9,349 Charles St,NORTH PERTH,6006,North of River,Metro,188.8,31.099999999999994,34.0
2022-06-02,BP Connect North Perth,BP,ULP,216.9,349 Charles St,NORTH PERTH,6006,North of River,Metro,189.8,27.099999999999994,-3.0
2022-06-03,BP Connect North Perth,BP,ULP,211.9,349 Charles St,NORTH PERTH,6006,North of River,Metro,189.9,22.0,-5.0
2022-06-04,BP Connect North Perth,BP,ULP,202.9,349 Charles St,NORTH PERTH,6006,North of River,Metro,189.9,13.0,-9.0
2022-06-05,BP Connect North Perth,BP,ULP,202.9,349 Charles St,NORTH PERTH,6006,North of River,Metro,189.9,13.0,0.0
2022-06-06,BP Connect North Perth,BP,ULP,202.9,349 Charles St,NORTH PERTH,6006,North of River,Metro,189.7,13.200000000000017,0.0
2022-06-07,BP Connect North Perth,BP,ULP,199.9,349 Charles St,NORTH PERTH,6006,North of River,Metro,189.2,10.700000000000017,-3.0
2022-06-08,BP Connect North Perth,BP,ULP,197.9,349 Charles St,NORTH PERTH,6006,North of River,Metro,189.2,8.700000000000017,-2.0
2022-06-09,BP Connect North Perth,BP,ULP,195.9,349 Charles St,NORTH PERTH,6006,North of River,Metro,189.1,6.800000000000011,-2.0
2022-06-10,BP Connect North Perth,BP,ULP,193.9,349 Charles St,NORTH PERTH,6006,North of River,Metro,189.5,4.400000000000006,-2.0
2022-06-11,BP Connect North Perth,BP,ULP,189.9,349 Charles St,NORTH PERTH,6006,North of River,Metro,189.5,0.4000000000000057,-4.0
2022-06-12,BP Connect North Perth,BP,ULP,189.9,349 Charles St,NORTH PERTH,6006,North of River,Metro,189.5,0.4000000000000057,0.0
2022-06-13,BP Connect North Perth,BP,ULP,189.9,349 Charles St,NORTH PERTH,6006,North of River,Metro,190.5,-0.5999999999999943,0.0
2022-06-14,BP Connect North Perth,BP,ULP,189.9,349 Charles St,NORTH PERTH,6006,North of River,Metro,192.7,-2.799999999999983,0.0
2022-06-15,BP Connect North Perth,BP,ULP,224.9,349 Charles St,NORTH PERTH,6006,North of River,Metro,193.8,31.099999999999994,35.0
2022-06-16,BP Connect North Perth,BP,ULP,221.9,349 Charles St,NORTH PERTH,6006,North of River,Metro,195.9,26.0,-3.0
2022-06-17,BP Connect North Perth,BP,ULP,218.9,349 Charles St,NORTH PERTH,6006,North of River,Metro,197.8,21.099999999999994,-3.0
2022-06-18,BP Connect North Perth,BP,ULP,209.9,349 Charles St,NORTH PERTH,6006,North of River,Metro,197.8,12.099999999999994,-9.0
2022-06-19,BP Connect North Perth,BP,ULP,209.9,349 Charles St,NORTH PERTH,6006,North of River,Metro,197.8,12.099999999999994,0.0
2022-06-20,BP Connect North Perth,BP,ULP,209.9,349 Charles St,NORTH PERTH,6006,North of River,Metro,198.6,11.300000000000011,0.0
2022-06-21,BP Connect North Perth,BP,ULP,202.9,349 Charles St,NORTH PERTH,6006,North of River,Metro,198.7,4.200000000000017,-7.0
2022-06-22,BP Connect North Perth,BP,ULP,205.9,349 Charles St,NORTH PERTH,6006,North of River,Metro,198.8,7.099999999999994,3.0
2022-06-23,BP Connect North Perth,BP,ULP,203.9,349 Charles St,NORTH PERTH,6006,North of River,Metro,199.1,4.800000000000011,-2.0
2022-06-24,BP Connect North Perth,BP,ULP,199.9,349 Charles St,NORTH PERTH,6006,North of River,Metro,198.7,1.200000000000017,-4.0
2022-06-25,BP Connect North Perth,BP,ULP,199.9,349 Charles St,NORTH PERTH,6006,North of River,Metro,198.7,1.200000000000017,0.0
2022-06-26,BP Connect North Perth,BP,ULP,199.9,349 Charles St,NORTH PERTH,6006,North of River,Metro,198.7,1.200000000000017,0.0
2022-06-27,BP Connect North Perth,BP,ULP,199.9,349 Charles St,NORTH PERTH,6006,North of River,Metro,197.9,2.0,0.0
2022-06-28,BP Connect North Perth,BP,ULP,195.9,349 Charles St,NORTH PERTH,6006,North of River,Metro,198.3,-2.4000000000000057,-4.0
2022-06-29,BP Connect North Perth,BP,ULP,238.9,349 Charles St,NORTH PERTH,6006,North of River,Metro,198.6,40.30000000000001,43.0
2022-06-30,BP Connect North Perth,BP,ULP,231.9,349 Charles St,NORTH PERTH,6006,North of River,Metro,198.2,33.70000000000002,-7.0
2022-07-01,BP Connect North Perth,BP,ULP,215.9,349 Charles St,NORTH PERTH,6006,North of River,Metro,198.6,17.30000000000001,-16.0
2022-07-02,BP Connect North Perth,BP,ULP,209.9,349 Charles St,NORTH PERTH,6006,North of River,Metro,198.6,11.300000000000011,-6.0
2022-07-03,BP Connect North Perth,BP,ULP,209.9,349 Charles St,NORTH PERTH,6006,North of River,Metro,198.6,11.300000000000011,0.0
2022-07-04,BP Connect North Perth,BP,ULP,209.9,349 Charles St,NORTH PERTH,6006,North of River,Metro,197.8,12.099999999999994,0.0
2022-07-05,BP Connect North Perth,BP,ULP,199.9,349 Charles St,NORTH PERTH,6006,North of River,Metro,196.3,3.5999999999999943,-10.0
2022-07-06,BP Connect North Perth,BP,ULP,205.9,349 Charles St,NORTH PERTH,6006,North of River,Metro,195.3,10.599999999999994,6.0
2022-07-07,BP Connect North Perth,BP,ULP,205.9,349 Charles St,NORTH PERTH,6006,North of River,Metro,193.0,12.900000000000006,0.0
2022-07-08,BP Connect North Perth,BP,ULP,199.9,349 Charles St,NORTH PERTH,6006,North of River,Metro,189.8,10.099999999999994,-6.0
2022-07-09,BP Connect North Perth,BP,ULP,193.9,349 Charles St,NORTH PERTH,6006,North of River,Metro,189.8,4.099999999999994,-6.0
2022-07-10,BP Connect North Perth,BP,ULP,193.9,349 Charles St,NORTH PERTH,6006,North of River,Metro,189.8,4.099999999999994,0.0
2022-07-11,BP Connect North Perth,BP,ULP,193.9,349 Charles St,NORTH PERTH,6006,North of River,Metro,183.6,10.300000000000011,0.0
2022-07-12,BP Connect North Perth,BP,ULP,185.9,349 Charles St,NORTH PERTH,6006,North of River,Metro,180.5,5.400000000000006,-8.0
2022-07-13,BP Connect North Perth,BP,ULP,217.9,349 Charles St,NORTH PERTH,6006,North of River,Metro,177.1,40.80000000000001,32.0
2022-07-14,BP Connect North Perth,BP,ULP,215.9,349 Charles St,NORTH PERTH,6006,North of River,Metro,172.5,43.400000000000006,-2.0
2022-07-15,BP Connect North Perth,BP,ULP,199.9,349 Charles St,NORTH PERTH,6006,North of River,Metro,169.7,30.200000000000017,-16.0
2022-07-16,BP Connect North Perth,BP,ULP,194.9,349 Charles St,NORTH PERTH,6006,North of River,Metro,169.7,25.200000000000017,-5.0
2022-07-17,BP Connect North Perth,BP,ULP,194.9,349 Charles St,NORTH PERTH,6006,North of River,Metro,169.7,25.200000000000017,0.0
2022-07-18,BP Connect North Perth,BP,ULP,194.9,349 Charles St,NORTH PERTH,6006,North of River,Metro,166.0,28.900000000000006,0.0
2022-07-19,BP Connect North Perth,BP,ULP,171.9,349 Charles St,NORTH PERTH,6006,North of River,Metro,163.3,8.599999999999994,-23.0
2022-07-20,BP Connect North Perth,BP,ULP,199.9,349 Charles St,NORTH PERTH,6006,North of River,Metro,162.4,37.5,28.0
2022-07-21,BP Connect North Perth,BP,ULP,175.9,349 Charles St,NORTH PERTH,6006,North of River,Metro,161.2,14.700000000000017,-24.0
2022-07-22,BP Connect North Perth,BP,ULP,173.9,349 Charles St,NORTH PERTH,6006,North of River,Metro,160.7,13.200000000000017,-2.0
2022-07-23,BP Connect North Perth,BP,ULP,169.9,349 Charles St,NORTH PERTH,6006,North of River,Metro,160.7,9.200000000000017,-4.0
2022-07-24,BP Connect North Perth,BP,ULP,169.9,349 Charles St,NORTH PERTH,6006,North of River,Metro,160.7,9.200000000000017,0.0
2022-07-25,BP Connect North Perth,BP,ULP,169.9,349 Charles St,NORTH PERTH,6006,North of River,Metro,159.2,10.700000000000017,0.0
2022-07-26,BP Connect North Perth,BP,ULP,159.9,349 Charles St,NORTH PERTH,6006,North of River,Metro,157.9,2.0,-10.0
2022-07-27,BP Connect North Perth,BP,ULP,193.9,349 Charles St,NORTH PERTH,6006,North of River,Metro,156.2,37.70000000000002,34.0
2022-07-28,BP Connect North Perth,BP,ULP,192.9,349 Charles St,NORTH PERTH,6006,North of River,Metro,156.2,36.70000000000002,-1.0
2022-07-29,BP Connect North Perth,BP,ULP,187.9,349 Charles St,NORTH PERTH,6006,North of River,Metro,156.0,31.900000000000006,-5.0
2022-07-30,BP Connect North Perth,BP,ULP,176.9,349 Charles St,NORTH PERTH,6006,North of River,Metro,156.0,20.900000000000006,-11.0
2022-07-31,BP Connect North Perth,BP,ULP,176.9,349 Charles St,NORTH PERTH,6006,North of River,Metro,156.0,20.900000000000006,0.0
2022-08-01,BP Connect North Perth,BP,ULP,176.9,349 Charles St,NORTH PERTH,6006,North of River,Metro,156.9,20.0,0.0
2022-08-02,BP Connect North Perth,BP,ULP,159.9,349 Charles St,NORTH PERTH,6006,North of River,Metro,159.2,0.700000000000017,-17.0
2022-08-03,BP Connect North Perth,BP,ULP,195.9,349 Charles St,NORTH PERTH,6006,North of River,Metro,160.2,35.70000000000002,36.0
2022-08-04,BP Connect North Perth,BP,ULP,165.9,349 Charles St,NORTH PERTH,6006,North of River,Metro,159.3,6.599999999999994,-30.0
2022-08-05,BP Connect North Perth,BP,ULP,161.9,349 Charles St,NORTH PERTH,6006,North of River,Metro,158.7,3.200000000000017,-4.0
2022-08-06,BP Connect North Perth,BP,ULP,159.9,349 Charles St,NORTH PERTH,6006,North of River,Metro,158.7,1.200000000000017,-2.0
2022-08-07,BP Connect North Perth,BP,ULP,159.9,349 Charles St,NORTH PERTH,6006,North of River,Metro,158.7,1.200000000000017,0.0
2022-08-08,BP Connect North Perth,BP,ULP,159.9,349 Charles St,NORTH PERTH,6006,North of River,Metro,157.6,2.3000000000000114,0.0
2022-08-09,BP Connect North Perth,BP,ULP,154.9,349 Charles St,NORTH PERTH,6006,North of River,Metro,155.0,-0.09999999999999432,-5.0
2022-08-10,BP Connect North Perth,BP,ULP,187.9,349 Charles St,NORTH PERTH,6006,North of River,Metro,153.1,34.80000000000001,33.0
2022-08-11,BP Connect North Perth,BP,ULP,185.9,349 Charles St,NORTH PERTH,6006,North of River,Metro,152.1,33.80000000000001,-2.0
2022-08-12,BP Connect North Perth,BP,ULP,172.9,349 Charles St,NORTH PERTH,6006,North of River,Metro,150.4,22.5,-13.0
2022-08-13,BP Connect North Perth,BP,ULP,157.9,349 Charles St,NORTH PERTH,6006,North of River,Metro,150.4,7.5,-15.0
2022-08-14,BP Connect North Perth,BP,ULP,157.9,349 Charles St,NORTH PERTH,6006,North of River,Metro,150.4,7.5,0.0
2022-08-15,BP Connect North Perth,BP,ULP,157.9,349 Charles St,NORTH PERTH,6006,North of River,Metro,150.2,7.700000000000017,0.0
2022-08-16,BP Connect North Perth,BP,ULP,151.9,349 Charles St,NORTH PERTH,6006,North of River,Metro,151.3,0.5999999999999943,-6.0
2022-08-17,BP Connect North Perth,BP,ULP,163.9,349 Charles St,NORTH PERTH,6006,North of River,Metro,151.3,12.599999999999994,12.0
2022-08-18,BP Connect North Perth,BP,ULP,163.9,349 Charles St,NORTH PERTH,6006,North of River,Metro,151.1,12.800000000000011,0.0
2022-08-19,BP Connect North Perth,BP,ULP,156.9,349 Charles St,NORTH PERTH,6006,North of River,Metro,151.3,5.599999999999994,-7.0
2022-08-20,BP Connect North Perth,BP,ULP,154.9,349 Charles St,NORTH PERTH,6006,North of River,Metro,151.3,3.5999999999999943,-2.0
2022-08-21,BP Connect North Perth,BP,ULP,154.9,349 Charles St,NORTH PERTH,6006,North of River,Metro,151.3,3.5999999999999943,0.0
2022-08-22,BP Connect North Perth,BP,ULP,154.9,349 Charles St,NORTH PERTH,6006,North of River,Metro,151.9,3.0,0.0
2022-08-23,BP Connect North Perth,BP,ULP,149.9,349 Charles St,NORTH PERTH,6006,North of River,Metro,152.5,-2.5999999999999943,-5.0
2022-08-24,BP Connect North Perth,BP,ULP,189.9,349 Charles St,NORTH PERTH,6006,North of River,Metro,153.5,36.400000000000006,40.0
2022-08-25,BP Connect North Perth,BP,ULP,185.9,349 Charles St,NORTH PERTH,6006,North of River,Metro,154.8,31.099999999999994,-4.0
2022-08-26,BP Connect North Perth,BP,ULP,175.9,349 Charles St,NORTH PERTH,6006,North of River,Metro,156.2,19.700000000000017,-10.0
2022-08-27,BP Connect North Perth,BP,ULP,169.9,349 Charles St,NORTH PERTH,6006,North of River,Metro,156.2,13.700000000000017,-6.0
2022-08-28,BP Connect North Perth,BP,ULP,169.9,349 Charles St,NORTH PERTH,6006,North of River,Metro,156.2,13.700000000000017,0.0
2022-08-29,BP Connect North Perth,BP,ULP,169.9,349 Charles St,NORTH PERTH,6006,North of River,Metro,156.8,13.099999999999994,0.0
2022-08-30,BP Connect North Perth,BP,ULP,165.9,349 Charles St,NORTH PERTH,6006,North of River,Metro,156.8,9.099999999999994,-4.0
2022-08-31,BP Connect North Perth,BP,ULP,169.9,349 Charles St,NORTH PERTH,6006,North of River,Metro,156.7,13.200000000000017,4.0
2022-09-01,BP Connect North Perth,BP,ULP,168.9,349 Charles St,NORTH PERTH,6006,North of River,Metro,156.2,12.700000000000017,-1.0
2022-09-02,BP Connect North Perth,BP,ULP,165.9,349 Charles St,NORTH PERTH,6006,North of River,Metro,153.9,12.0,-3.0
2022-09-03,BP Connect North Perth,BP,ULP,158.9,349 Charles St,NORTH PERTH,6006,North of River,Metro,153.9,5.0,-7.0
2022-09-04,BP Connect North Perth,BP,ULP,158.9,349 Charles St,NORTH PERTH,6006,North of River,Metro,153.9,5.0,0.0
2022-09-05,BP Connect North Perth,BP,ULP,158.9,349 Charles St,NORTH PERTH,6006,North of River,Metro,150.8,8.099999999999994,0.0
2022-09-06,BP Connect North Perth,BP,ULP,149.9,349 Charles St,NORTH PERTH,6006,North of River,Metro,149.7,0.20000000000001705,-9.0
2022-09-07,BP Connect North Perth,BP,ULP,184.9,349 Charles St,NORTH PERTH,6006,North of River,Metro,149.0,35.900000000000006,35.0
2022-09-08,BP Connect North Perth,BP,ULP,183.9,349 Charles St,NORTH PERTH,6006,North of River,Metro,148.5,35.400000000000006,-1.0
2022-09-09,BP Connect North Perth,BP,ULP,174.9,349 Charles St,NORTH PERTH,6006,North of River,Metro,149.2,25.700000000000017,-9.0
2022-09-10,BP Connect North Perth,BP,ULP,168.9,349 Charles St,NORTH PERTH,6006,North of River,Metro,149.2,19.700000000000017,-6.0
2022-09-11,BP Connect North Perth,BP,ULP,168.9,349 Charles St,NORTH PERTH,6006,North of River,Metro,149.2,19.700000000000017,0.0
2022-09-12,BP Connect North Perth,BP,ULP,168.9,349 Charles St,NORTH PERTH,6006,North of River,Metro,149.2,19.700000000000017,0.0
2022-09-13,BP Connect North Perth,BP,ULP,156.9,349 Charles St,NORTH PERTH,6006,North of River,Metro,149.4,7.5,-12.0
2022-09-14,BP Connect North Perth,BP,ULP,166.9,349 Charles St,NORTH PERTH,6006,North of River,Metro,150.0,16.900000000000006,10.0
2022-09-15,BP Connect North Perth,BP,ULP,164.9,349 Charles St,NORTH PERTH,6006,North of River,Metro,150.1,14.800000000000011,-2.0
2022-09-16,BP Connect North Perth,BP,ULP,159.9,349 Charles St,NORTH PERTH,6006,North of River,Metro,150.0,9.900000000000006,-5.0
2022-09-17,BP Connect North Perth,BP,ULP,155.9,349 Charles St,NORTH PERTH,6006,North of River,Metro,150.0,5.900000000000006,-4.0
2022-09-18,BP Connect North Perth,BP,ULP,155.9,349 Charles St,NORTH PERTH,6006,North of River,Metro,150.0,5.900000000000006,0.0
2022-09-19,BP Connect North Perth,BP,ULP,155.9,349 Charles St,NORTH PERTH,6006,North of River,Metro,150.3,5.599999999999994,0.0
2022-09-20,BP Connect North Perth,BP,ULP,151.9,349 Charles St,NORTH PERTH,6006,North of River,Metro,148.6,3.3000000000000114,-4.0
2022-09-21,BP Connect North Perth,BP,ULP,182.9,349 Charles St,NORTH PERTH,6006,North of River,Metro,146.8,36.099999999999994,31.0
2022-09-22,BP Connect North Perth,BP,ULP,182.9,349 Charles St,NORTH PERTH,6006,North of River,Metro,145.8,37.099999999999994,0.0
2022-09-23,BP Connect North Perth,BP,ULP,181.9,349 Charles St,NORTH PERTH,6006,North of River,Metro,145.2,36.70000000000002,-1.0
2022-09-24,BP Connect North Perth,BP,ULP,169.9,349 Charles St,NORTH PERTH,6006,North of River,Metro,145.2,24.700000000000017,-12.0
2022-09-25,BP Connect North Perth,BP,ULP,169.9,349 Charles St,NORTH PERTH,6006,North of River,Metro,145.2,24.700000000000017,0.0
2022-09-26,BP Connect North Perth,BP,ULP,169.9,349 Charles St,NORTH PERTH,6006,North of River,Metro,144.0,25.900000000000006,0.0
2022-09-27,BP Connect North Perth,BP,ULP,157.9,349 Charles St,NORTH PERTH,6006,North of River,Metro,143.6,14.300000000000011,-12.0
2022-09-28,BP Connect North Perth,BP,ULP,161.9,349 Charles St,NORTH PERTH,6006,North of River,Metro,149.4,12.5,4.0
2022-09-29,BP Connect North Perth,BP,ULP,161.9,349 Charles St,NORTH PERTH,6006,North of River,Metro,168.0,-6.099999999999994,0.0
2022-09-30,BP Connect North Perth,BP,ULP,161.9,349 Charles St,NORTH PERTH,6006,North of River,Metro,168.0,-6.099999999999994,0.0
2022-10-01,BP Connect North Perth,BP,ULP,169.9,349 Charles St,NORTH PERTH,6006,North of River,Metro,168.0,1.9000000000000057,8.0
2022-10-02,BP Connect North Perth,BP,ULP,169.9,349 Charles St,NORTH PERTH,6006,North of River,Metro,168.0,1.9000000000000057,0.0
2022-10-03,BP Connect North Perth,BP,ULP,169.9,349 Charles St,NORTH PERTH,6006,North of River,Metro,167.2,2.700000000000017,0.0
2022-10-04,BP Connect North Perth,BP,ULP,169.9,349 Charles St,NORTH PERTH,6006,North of River,Metro,167.8,2.0999999999999943,0.0
2022-10-05,BP Connect North Perth,BP,ULP,196.9,349 Charles St,NORTH PERTH,6006,North of River,Metro,168.4,28.5,27.0
2022-10-06,BP Connect North Perth,BP,ULP,195.9,349 Charles St,NORTH PERTH,6006,North of River,Metro,168.2,27.700000000000017,-1.0
2022-10-07,BP Connect North Perth,BP,ULP,187.9,349 Charles St,NORTH PERTH,6006,North of River,Metro,168.8,19.099999999999994,-8.0
2022-10-08,BP Connect North Perth,BP,ULP,179.9,349 Charles St,NORTH PERTH,6006,North of River,Metro,168.8,11.099999999999994,-8.0
2022-10-09,BP Connect North Perth,BP,ULP,179.9,349 Charles St,NORTH PERTH,6006,North of River,Metro,168.8,11.099999999999994,0.0
2022-10-10,BP Connect North Perth,BP,ULP,179.9,349 Charles St,NORTH PERTH,6006,North of River,Metro,169.2,10.700000000000017,0.0
2022-10-11,BP Connect North Perth,BP,ULP,173.9,349 Charles St,NORTH PERTH,6006,North of River,Metro,170.0,3.9000000000000057,-6.0
2022-10-12,BP Connect North Perth,BP,ULP,178.9,349 Charles St,NORTH PERTH,6006,North of River,Metro,171.0,7.900000000000006,5.0
2022-10-13,BP Connect North Perth,BP,ULP,178.9,349 Charles St,NORTH PERTH,6006,North of River,Metro,171.9,7.0,0.0
2022-10-14,BP Connect North Perth,BP,ULP,175.9,349 Charles St,NORTH PERTH,6006,North of River,Metro,173.1,2.8000000000000114,-3.0
2022-10-15,BP Connect North Perth,BP,ULP,175.9,349 Charles St,NORTH PERTH,6006,North of River,Metro,173.1,2.8000000000000114,0.0
2022-10-16,BP Connect North Perth,BP,ULP,175.9,349 Charles St,NORTH PERTH,6006,North of River,Metro,173.1,2.8000000000000114,0.0
2022-10-17,BP Connect North Perth,BP,ULP,175.9,349 Charles St,NORTH PERTH,6006,North of River,Metro,173.1,2.8000000000000114,0.0
2022-10-18,BP Connect North Perth,BP,ULP,169.9,349 Charles St,NORTH PERTH,6006,North of River,Metro,174.0,-4.099999999999994,-6.0
2022-10-19,BP Connect North Perth,BP,ULP,197.9,349 Charles St,NORTH PERTH,6006,North of River,Metro,174.0,23.900000000000006,28.0
2022-10-20,BP Connect North Perth,BP,ULP,197.9,349 Charles St,NORTH PERTH,6006,North of River,Metro,173.8,24.099999999999994,0.0
2022-10-21,BP Connect North Perth,BP,ULP,194.9,349 Charles St,NORTH PERTH,6006,North of River,Metro,173.4,21.5,-3.0
2022-10-22,BP Connect North Perth,BP,ULP,188.9,349 Charles St,NORTH PERTH,6006,North of River,Metro,173.4,15.5,-6.0
2022-10-23,BP Connect North Perth,BP,ULP,188.9,349 Charles St,NORTH PERTH,6006,North of River,Metro,173.4,15.5,0.0
2022-10-24,BP Connect North Perth,BP,ULP,188.9,349 Charles St,NORTH PERTH,6006,North of River,Metro,173.7,15.200000000000017,0.0
2022-10-25,BP Connect North Perth,BP,ULP,177.9,349 Charles St,NORTH PERTH,6006,North of River,Metro,173.9,4.0,-11.0
2022-10-26,BP Connect North Perth,BP,ULP,185.9,349 Charles St,NORTH PERTH,6006,North of River,Metro,173.7,12.200000000000017,8.0
2022-10-27,BP Connect North Perth,BP,ULP,185.9,349 Charles St,NORTH PERTH,6006,North of River,Metro,173.8,12.099999999999994,0.0
2022-10-28,BP Connect North Perth,BP,ULP,182.9,349 Charles St,NORTH PERTH,6006,North of River,Metro,173.6,9.300000000000011,-3.0
2022-10-29,BP Connect North Perth,BP,ULP,179.9,349 Charles St,NORTH PERTH,6006,North of River,Metro,173.6,6.300000000000011,-3.0
2022-10-30,BP Connect North Perth,BP,ULP,179.9,349 Charles St,NORTH PERTH,6006,North of River,Metro,173.6,6.300000000000011,0.0
2022-10-31,BP Connect North Perth,BP,ULP,179.9,349 Charles St,NORTH PERTH,6006,North of River,Metro,172.7,7.200000000000017,0.0
2022-11-01,BP Connect North Perth,BP,ULP,171.9,349 Charles St,NORTH PERTH,6006,North of River,Metro,172.0,-0.09999999999999432,-8.0
2022-11-02,BP Connect North Perth,BP,ULP,199.9,349 Charles St,NORTH PERTH,6006,North of River,Metro,171.6,28.30000000000001,28.0
2022-11-03,BP Connect North Perth,BP,ULP,199.9,349 Charles St,NORTH PERTH,6006,North of River,Metro,171.5,28.400000000000006,0.0
2022-11-04,BP Connect North Perth,BP,ULP,193.9,349 Charles St,NORTH PERTH,6006,North of River,Metro,172.0,21.900000000000006,-6.0
2022-11-05,BP Connect North Perth,BP,ULP,183.9,349 Charles St,NORTH PERTH,6006,North of River,Metro,172.0,11.900000000000006,-10.0
2022-11-06,BP Connect North Perth,BP,ULP,183.9,349 Charles St,NORTH PERTH,6006,North of River,Metro,172.0,11.900000000000006,0.0
2022-11-07,BP Connect North Perth,BP,ULP,183.9,349 Charles St,NORTH PERTH,6006,North of River,Metro,172.9,11.0,0.0
2022-11-08,BP Connect North Perth,BP,ULP,177.9,349 Charles St,NORTH PERTH,6006,North of River,Metro,175.2,2.700000000000017,-6.0
2022-11-09,BP Connect North Perth,BP,ULP,187.9,349 Charles St,NORTH PERTH,6006,North of River,Metro,177.6,10.300000000000011,10.0
2022-11-10,BP Connect North Perth,BP,ULP,187.9,349 Charles St,NORTH PERTH,6006,North of River,Metro,179.0,8.900000000000006,0.0
2022-11-11,BP Connect North Perth,BP,ULP,185.9,349 Charles St,NORTH PERTH,6006,North of River,Metro,179.4,6.5,-2.0
2022-11-12,BP Connect North Perth,BP,ULP,182.9,349 Charles St,NORTH PERTH,6006,North of River,Metro,179.4,3.5,-3.0
2022-11-13,BP Connect North Perth,BP,ULP,182.9,349 Charles St,NORTH PERTH,6006,North of River,Metro,179.4,3.5,0.0
2022-11-14,BP Connect North Perth,BP,ULP,182.9,349 Charles St,NORTH PERTH,6006,North of River,Metro,179.2,3.700000000000017,0.0
2022-11-15,BP Connect North Perth,BP,ULP,173.9,349 Charles St,NORTH PERTH,6006,North of River,Metro,177.9,-4.0,-9.0
2022-11-16,BP Connect North Perth,BP,ULP,203.9,349 Charles St,NORTH PERTH,6006,North of River,Metro,177.1,26.80000000000001,30.0
2022-11-17,BP Connect North Perth,BP,ULP,199.9,349 Charles St,NORTH PERTH,6006,North of River,Metro,175.5,24.400000000000006,-4.0
2022-11-18,BP Connect North Perth,BP,ULP,193.9,349 Charles St,NORTH PERTH,6006,North of River,Metro,174.3,19.599999999999994,-6.0
2022-11-19,BP Connect North Perth,BP,ULP,183.9,349 Charles St,NORTH PERTH,6006,North of River,Metro,174.3,9.599999999999994,-10.0
2022-11-20,BP Connect North Perth,BP,ULP,183.9,349 Charles St,NORTH PERTH,6006,North of River,Metro,174.3,9.599999999999994,0.0
2022-11-21,BP Connect North Perth,BP,ULP,183.9,349 Charles St,NORTH PERTH,6006,North of River,Metro,173.4,10.5,0.0
2022-11-22,BP Connect North Perth,BP,ULP,176.9,349 Charles St,NORTH PERTH,6006,North of River,Metro,172.3,4.599999999999994,-7.0
2022-11-23,BP Connect North Perth,BP,ULP,189.9,349 Charles St,NORTH PERTH,6006,North of River,Metro,171.4,18.5,13.0
2022-11-24,BP Connect North Perth,BP,ULP,189.9,349 Charles St,NORTH PERTH,6006,North of River,Metro,170.9,19.0,0.0
2022-11-25,BP Connect North Perth,BP,ULP,183.9,349 Charles St,NORTH PERTH,6006,North of River,Metro,170.4,13.5,-6.0
2022-11-26,BP Connect North Perth,BP,ULP,177.9,349 Charles St,NORTH PERTH,6006,North of River,Metro,170.4,7.5,-6.0
2022-11-27,BP Connect North Perth,BP,ULP,177.9,349 Charles St,NORTH PERTH,6006,North of River,Metro,170.4,7.5,0.0
2022-11-28,BP Connect North Perth,BP,ULP,177.9,349 Charles St,NORTH PERTH,6006,North of River,Metro,169.5,8.400000000000006,0.0
2022-11-29,BP Connect North Perth,BP,ULP,169.9,349 Charles St,NORTH PERTH,6006,North of River,Metro,168.7,1.200000000000017,-8.0
2022-11-30,BP Connect North Perth,BP,ULP,199.9,349 Charles St,NORTH PERTH,6006,North of River,Metro,167.1,32.80000000000001,30.0
2022-12-01,BP Connect North Perth,BP,ULP,191.9,349 Charles St,NORTH PERTH,6006,North of River,Metro,165.8,26.099999999999994,-8.0
2022-12-02,BP Connect North Perth,BP,ULP,185.9,349 Charles St,NORTH PERTH,6006,North of River,Metro,164.4,21.5,-6.0
2022-12-03,BP Connect North Perth,BP,ULP,174.9,349 Charles St,NORTH PERTH,6006,North of River,Metro,164.4,10.5,-11.0
2022-12-04,BP Connect North Perth,BP,ULP,174.9,349 Charles St,NORTH PERTH,6006,North of River,Metro,164.4,10.5,0.0
2022-12-05,BP Connect North Perth,BP,ULP,174.9,349 Charles St,NORTH PERTH,6006,North of River,Metro,163.6,11.300000000000011,0.0
2022-12-06,BP Connect North Perth,BP,ULP,165.9,349 Charles St,NORTH PERTH,6006,North of River,Metro,162.8,3.0999999999999943,-9.0
2022-12-07,BP Connect North Perth,BP,ULP,183.9,349 Charles St,NORTH PERTH,6006,North of River,Metro,162.7,21.200000000000017,18.0
2022-12-08,BP Connect North Perth,BP,ULP,183.9,349 Charles St,NORTH PERTH,6006,North of River,Metro,162.3,21.599999999999994,0.0
2022-12-09,BP Connect North Perth,BP,ULP,175.9,349 Charles St,NORTH PERTH,6006,North of River,Metro,161.8,14.099999999999994,-8.0
2022-12-10,BP Connect North Perth,BP,ULP,168.9,349 Charles St,NORTH PERTH,6006,North of River,Metro,161.8,7.099999999999994,-7.0
2022-12-11,BP Connect North Perth,BP,ULP,168.9,349 Charles St,NORTH PERTH,6006,North of River,Metro,161.8,7.099999999999994,0.0
2022-12-12,BP Connect North Perth,BP,ULP,168.9,349 Charles St,NORTH PERTH,6006,North of River,Metro,160.7,8.200000000000017,0.0
2022-12-13,BP Connect North Perth,BP,ULP,159.9,349 Charles St,NORTH PERTH,6006,North of River,Metro,159.4,0.5,-9.0
2022-12-14,BP Connect North Perth,BP,ULP,189.9,349 Charles St,NORTH PERTH,6006,North of River,Metro,157.7,32.20000000000002,30.0
2022-12-15,BP Connect North Perth,BP,ULP,179.9,349 Charles St,NORTH PERTH,6006,North of River,Metro,157.4,22.5,-10.0
2022-12-16,BP Connect North Perth,BP,ULP,173.9,349 Charles St,NORTH PERTH,6006,North of River,Metro,157.3,16.599999999999994,-6.0
2022-12-17,BP Connect North Perth,BP,ULP,163.9,349 Charles St,NORTH PERTH,6006,North of River,Metro,157.3,6.599999999999994,-10.0
2022-12-18,BP Connect North Perth,BP,ULP,163.9,349 Charles St,NORTH PERTH,6006,North of River,Metro,157.3,6.599999999999994,0.0
2022-12-19,BP Connect North Perth,BP,ULP,163.9,349 Charles St,NORTH PERTH,6006,North of River,Metro,157.5,6.400000000000006,0.0
2022-12-20,BP Connect North Perth,BP,ULP,157.9,349 Charles St,NORTH PERTH,6006,North of River,Metro,158.3,-0.4000000000000057,-6.0
2022-12-21,BP Connect North Perth,BP,ULP,189.9,349 Charles St,NORTH PERTH,6006,North of River,Metro,158.8,31.099999999999994,32.0
2022-12-22,BP Connect North Perth,BP,ULP,175.9,349 Charles St,NORTH PERTH,6006,North of River,Metro,159.3,16.599999999999994,-14.0
2022-12-23,BP Connect North Perth,BP,ULP,165.9,349 Charles St,NORTH PERTH,6006,North of River,Metro,159.6,6.300000000000011,-10.0
2022-12-24,BP Connect North Perth,BP,ULP,159.9,349 Charles St,NORTH PERTH,6006,North of River,Metro,159.6,0.30000000000001137,-6.0
2022-12-25,BP Connect North Perth,BP,ULP,159.9,349 Charles St,NORTH PERTH,6006,North of River,Metro,159.6,0.30000000000001137,0.0
2022-12-26,BP Connect North Perth,BP,ULP,159.9,349 Charles St,NORTH PERTH,6006,North of River,Metro,160.0,-0.09999999999999432,0.0
2022-12-27,BP Connect North Perth,BP,ULP,159.9,349 Charles St,NORTH PERTH,6006,North of River,Metro,160.2,-0.29999999999998295,0.0
2022-12-28,BP Connect North Perth,BP,ULP,164.9,349 Charles St,NORTH PERTH,6006,North of River,Metro,161.9,3.0,5.0
2022-12-29,BP Connect North Perth,BP,ULP,164.9,349 Charles St,NORTH PERTH,6006,North of River,Metro,162.3,2.5999999999999943,0.0
2022-12-30,BP Connect North Perth,BP,ULP,164.9,349 Charles St,NORTH PERTH,6006,North of River,Metro,164.1,0.8000000000000114,0.0
2022-12-31,BP Connect North Perth,BP,ULP,164.9,349 Charles St,NORTH PERTH,6006,North of River,Metro,148.1,16.80000000000001,0.0
2022-01-01,BP Highgate,BP,ULP,173.9,342 Beaufort St,PERTH,6000,North of River,Metro,148.1,25.80000000000001,
2022-01-02,BP Highgate,BP,ULP,173.9,342 Beaufort St,PERTH,6000,North of River,Metro,148.1,25.80000000000001,0.0
2022-01-03,BP Highgate,BP,ULP,173.9,342 Beaufort St,PERTH,6000,North of River,Metro,149.2,24.700000000000017,0.0
2022-01-04,BP Highgate,BP,ULP,164.9,342 Beaufort St,PERTH,6000,North of River,Metro,149.4,15.5,-9.0
2022-01-05,BP Highgate,BP,ULP,161.9,342 Beaufort St,PERTH,6000,North of River,Metro,150.0,11.900000000000006,-3.0
2022-01-06,BP Highgate,BP,ULP,159.9,342 Beaufort St,PERTH,6000,North of River,Metro,150.4,9.5,-2.0
2022-01-07,BP Highgate,BP,ULP,156.9,342 Beaufort St,PERTH,6000,North of River,Metro,150.7,6.200000000000017,-3.0
2022-01-08,BP Highgate,BP,ULP,152.9,342 Beaufort St,PERTH,6000,North of River,Metro,150.7,2.200000000000017,-4.0
2022-01-09,BP Highgate,BP,ULP,152.9,342 Beaufort St,PERTH,6000,North of River,Metro,150.7,2.200000000000017,0.0
2022-01-10,BP Highgate,BP,ULP,152.9,342 Beaufort St,PERTH,6000,North of River,Metro,151.0,1.9000000000000057,0.0
2022-01-11,BP Highgate,BP,ULP,149.9,342 Beaufort St,PERTH,6000,North of River,Metro,151.4,-1.5,-3.0
2022-01-12,BP Highgate,BP,ULP,189.9,342 Beaufort St,PERTH,6000,North of River,Metro,151.8,38.099999999999994,40.0
2022-01-13,BP Highgate,BP,ULP,187.9,342 Beaufort St,PERTH,6000,North of River,Metro,152.1,35.80000000000001,-2.0
2022-01-14,BP Highgate,BP,ULP,183.9,342 Beaufort St,PERTH,6000,North of River,Metro,152.6,31.30000000000001,-4.0
2022-01-15,BP Highgate,BP,ULP,175.9,342 Beaufort St,PERTH,6000,North of River,Metro,152.6,23.30000000000001,-8.0
2022-01-16,BP Highgate,BP,ULP,175.9,342 Beaufort St,PERTH,6000,North of River,Metro,152.6,23.30000000000001,0.0
2022-01-17,BP Highgate,BP,ULP,175.9,342 Beaufort St,PERTH,6000,North of River,Metro,153.0,22.900000000000006,0.0
2022-01-18,BP Highgate,BP,ULP,169.9,342 Beaufort St,PERTH,6000,North of River,Metro,153.4,16.5,-6.0
2022-01-19,BP Highgate,BP,ULP,166.9,342 Beaufort St,PERTH,6000,North of River,Metro,154.3,12.599999999999994,-3.0
2022-01-20,BP Highgate,BP,ULP,163.9,342 Beaufort St,PERTH,6000,North of River,Metro,155.0,8.900000000000006,-3.0
2022-01-21,BP Highgate,BP,ULP,159.9,342 Beaufort St,PERTH,6000,North of River,Metro,155.9,4.0,-4.0
2022-01-22,BP Highgate,BP,ULP,156.9,342 Beaufort St,PERTH,6000,North of River,Metro,155.9,1.0,-3.0
2022-01-23,BP Highgate,BP,ULP,156.9,342 Beaufort St,PERTH,6000,North of River,Metro,155.9,1.0,0.0
2022-01-24,BP Highgate,BP,ULP,156.9,342 Beaufort St,PERTH,6000,North of River,Metro,156.7,0.20000000000001705,0.0
2022-01-25,BP Highgate,BP,ULP,155.9,342 Beaufort St,PERTH,6000,North of River,Metro,157.0,-1.0999999999999943,-1.0
2022-01-26,BP Highgate,BP,ULP,194.9,342 Beaufort St,PERTH,6000,North of River,Metro,157.4,37.5,39.0
2022-01-27,BP Highgate,BP,ULP,191.9,342 Beaufort St,PERTH,6000,North of River,Metro,157.6,34.30000000000001,-3.0
2022-01-28,BP Highgate,BP,ULP,189.9,342 Beaufort St,PERTH,6000,North of River,Metro,158.5,31.400000000000006,-2.0
2022-01-29,BP Highgate,BP,ULP,184.9,342 Beaufort St,PERTH,6000,North of River,Metro,158.5,26.400000000000006,-5.0
2022-01-30,BP Highgate,BP,ULP,184.9,342 Beaufort St,PERTH,6000,North of River,Metro,158.5,26.400000000000006,0.0
2022-01-31,BP Highgate,BP,ULP,184.9,342 Beaufort St,PERTH,6000,North of River,Metro,160.0,24.900000000000006,0.0
2022-02-01,BP Highgate,BP,ULP,176.9,342 Beaufort St,PERTH,6000,North of River,Metro,162.1,14.800000000000011,-8.0
2022-02-02,BP Highgate,BP,ULP,176.9,342 Beaufort St,PERTH,6000,North of River,Metro,163.3,13.599999999999994,0.0
2022-02-03,BP Highgate,BP,ULP,175.9,342 Beaufort St,PERTH,6000,North of River,Metro,164.1,11.800000000000011,-1.0
2022-02-04,BP Highgate,BP,ULP,169.9,342 Beaufort St,PERTH,6000,North of River,Metro,164.7,5.200000000000017,-6.0
2022-02-05,BP Highgate,BP,ULP,165.9,342 Beaufort St,PERTH,6000,North of River,Metro,164.7,1.200000000000017,-4.0
2022-02-06,BP Highgate,BP,ULP,165.9,342 Beaufort St,PERTH,6000,North of River,Metro,164.7,1.200000000000017,0.0
2022-02-07,BP Highgate,BP,ULP,165.9,342 Beaufort St,PERTH,6000,North of River,Metro,165.3,0.5999999999999943,0.0
2022-02-08,BP Highgate,BP,ULP,165.9,342 Beaufort St,PERTH,6000,North of River,Metro,166.1,-0.19999999999998863,0.0
2022-02-09,BP Highgate,BP,ULP,199.9,342 Beaufort St,PERTH,6000,North of River,Metro,166.5,33.400000000000006,34.0
2022-02-10,BP Highgate,BP,ULP,196.9,342 Beaufort St,PERTH,6000,North of River,Metro,166.6,30.30000000000001,-3.0
2022-02-11,BP Highgate,BP,ULP,193.9,342 Beaufort St,PERTH,6000,North of River,Metro,166.8,27.099999999999994,-3.0
2022-02-12,BP Highgate,BP,ULP,187.9,342 Beaufort St,PERTH,6000,North of River,Metro,166.8,21.099999999999994,-6.0
2022-02-13,BP Highgate,BP,ULP,187.9,342 Beaufort St,PERTH,6000,North of River,Metro,166.8,21.099999999999994,0.0
2022-02-14,BP Highgate,BP,ULP,187.9,342 Beaufort St,PERTH,6000,North of River,Metro,167.2,20.700000000000017,0.0
2022-02-15,BP Highgate,BP,ULP,181.9,342 Beaufort St,PERTH,6000,North of River,Metro,167.8,14.099999999999994,-6.0
2022-02-16,BP Highgate,BP,ULP,179.9,342 Beaufort St,PERTH,6000,North of River,Metro,168.7,11.200000000000017,-2.0
2022-02-17,BP Highgate,BP,ULP,178.9,342 Beaufort St,PERTH,6000,North of River,Metro,169.6,9.300000000000011,-1.0
2022-02-18,BP Highgate,BP,ULP,176.9,342 Beaufort St,PERTH,6000,North of River,Metro,170.2,6.700000000000017,-2.0
2022-02-19,BP Highgate,BP,ULP,172.9,342 Beaufort St,PERTH,6000,North of River,Metro,170.2,2.700000000000017,-4.0
2022-02-20,BP Highgate,BP,ULP,172.9,342 Beaufort St,PERTH,6000,North of River,Metro,170.2,2.700000000000017,0.0
2022-02-21,BP Highgate,BP,ULP,172.9,342 Beaufort St,PERTH,6000,North of River,Metro,170.0,2.9000000000000057,0.0
2022-02-22,BP Highgate,BP,ULP,169.9,342 Beaufort St,PERTH,6000,North of River,Metro,169.8,0.09999999999999432,-3.0
2022-02-23,BP Highgate,BP,ULP,207.9,342 Beaufort St,PERTH,6000,North of River,Metro,169.4,38.5,38.0
2022-02-24,BP Highgate,BP,ULP,204.9,342 Beaufort St,PERTH,6000,North of River,Metro,169.6,35.30000000000001,-3.0
2022-02-25,BP Highgate,BP,ULP,201.9,342 Beaufort St,PERTH,6000,North of River,Metro,169.6,32.30000000000001,-3.0
2022-02-26,BP Highgate,BP,ULP,195.9,342 Beaufort St,PERTH,6000,North of River,Metro,169.6,26.30000000000001,-6.0
2022-02-27,BP Highgate,BP,ULP,195.9,342 Beaufort St,PERTH,6000,North of River,Metro,169.6,26.30000000000001,0.0
2022-02-28,BP Highgate,BP,ULP,195.9,342 Beaufort St,PERTH,6000,North of River,Metro,171.0,24.900000000000006,0.0
2022-03-01,BP Highgate,BP,ULP,189.9,342 Beaufort St,PERTH,6000,North of River,Metro,172.4,17.5,-6.0
2022-03-02,BP Highgate,BP,ULP,189.9,342 Beaufort St,PERTH,6000,North of River,Metro,173.3,16.599999999999994,0.0
2022-03-03,BP Highgate,BP,ULP,187.9,342 Beaufort St,PERTH,6000,North of River,Metro,174.4,13.5,-2.0
2022-03-04,BP Highgate,BP,ULP,186.9,342 Beaufort St,PERTH,6000,North of River,Metro,177.7,9.200000000000017,-1.0
2022-03-05,BP Highgate,BP,ULP,183.9,342 Beaufort St,PERTH,6000,North of River,Metro,177.7,6.200000000000017,-3.0
2022-03-06,BP Highgate,BP,ULP,183.9,342 Beaufort St,PERTH,6000,North of River,Metro,177.7,6.200000000000017,0.0
2022-03-07,BP Highgate,BP,ULP,183.9,342 Beaufort St,PERTH,6000,North of River,Metro,178.8,5.099999999999994,0.0
2022-03-08,BP Highgate,BP,ULP,181.9,342 Beaufort St,PERTH,6000,North of River,Metro,183.5,-1.5999999999999943,-2.0
2022-03-09,BP Highgate,BP,ULP,221.9,342 Beaufort St,PERTH,6000,North of River,Metro,187.0,34.900000000000006,40.0
2022-03-10,BP Highgate,BP,ULP,219.9,342 Beaufort St,PERTH,6000,North of River,Metro,192.0,27.900000000000006,-2.0
2022-03-11,BP Highgate,BP,ULP,219.9,342 Beaufort St,PERTH,6000,North of River,Metro,196.4,23.5,0.0
2022-03-12,BP Highgate,BP,ULP,215.9,342 Beaufort St,PERTH,6000,North of River,Metro,196.4,19.5,-4.0
2022-03-13,BP Highgate,BP,ULP,215.9,342 Beaufort St,PERTH,6000,North of River,Metro,196.4,19.5,0.0
2022-03-14,BP Highgate,BP,ULP,215.9,342 Beaufort St,PERTH,6000,North of River,Metro,198.0,17.900000000000006,0.0
2022-03-15,BP Highgate,BP,ULP,209.9,342 Beaufort St,PERTH,6000,North of River,Metro,197.8,12.099999999999994,-6.0
2022-03-16,BP Highgate,BP,ULP,207.9,342 Beaufort St,PERTH,6000,North of River,Metro,195.8,12.099999999999994,-2.0
2022-03-17,BP Highgate,BP,ULP,204.9,342 Beaufort St,PERTH,6000,North of River,Metro,193.5,11.400000000000006,-3.0
2022-03-18,BP Highgate,BP,ULP,201.9,342 Beaufort St,PERTH,6000,North of River,Metro,188.0,13.900000000000006,-3.0
2022-03-19,BP Highgate,BP,ULP,197.9,342 Beaufort St,PERTH,6000,North of River,Metro,188.0,9.900000000000006,-4.0
2022-03-20,BP Highgate,BP,ULP,197.9,342 Beaufort St,PERTH,6000,North of River,Metro,188.0,9.900000000000006,0.0
2022-03-21,BP Highgate,BP,ULP,197.9,342 Beaufort St,PERTH,6000,North of River,Metro,186.7,11.200000000000017,0.0
2022-03-22,BP Highgate,BP,ULP,189.9,342 Beaufort St,PERTH,6000,North of River,Metro,185.1,4.800000000000011,-8.0
2022-03-23,BP Highgate,BP,ULP,219.9,342 Beaufort St,PERTH,6000,North of River,Metro,185.1,34.80000000000001,30.0
2022-03-24,BP Highgate,BP,ULP,217.9,342 Beaufort St,PERTH,6000,North of River,Metro,186.3,31.599999999999994,-2.0
2022-03-25,BP Highgate,BP,ULP,216.9,342 Beaufort St,PERTH,6000,North of River,Metro,187.2,29.700000000000017,-1.0
2022-03-26,BP Highgate,BP,ULP,208.9,342 Beaufort St,PERTH,6000,North of River,Metro,187.2,21.700000000000017,-8.0
2022-03-27,BP Highgate,BP,ULP,208.9,342 Beaufort St,PERTH,6000,North of River,Metro,187.2,21.700000000000017,0.0
2022-03-28,BP Highgate,BP,ULP,208.9,342 Beaufort St,PERTH,6000,North of River,Metro,188.2,20.700000000000017,0.0
2022-03-29,BP Highgate,BP,ULP,203.9,342 Beaufort St,PERTH,6000,North of River,Metro,187.8,16.099999999999994,-5.0
2022-03-30,BP Highgate,BP,ULP,199.9,342 Beaufort St,PERTH,6000,North of River,Metro,174.9,25.0,-4.0
2022-03-31,BP Highgate,BP,ULP,186.9,342 Beaufort St,PERTH,6000,North of River,Metro,161.4,25.5,-13.0
2022-04-01,BP Highgate,BP,ULP,183.9,342 Beaufort St,PERTH,6000,North of River,Metro,160.0,23.900000000000006,-3.0
2022-04-02,BP Highgate,BP,ULP,170.9,342 Beaufort St,PERTH,6000,North of River,Metro,160.0,10.900000000000006,-13.0
2022-04-03,BP Highgate,BP,ULP,170.9,342 Beaufort St,PERTH,6000,North of River,Metro,160.0,10.900000000000006,0.0
2022-04-04,BP Highgate,BP,ULP,165.9,342 Beaufort St,PERTH,6000,North of River,Metro,158.7,7.200000000000017,-5.0
2022-04-05,BP Highgate,BP,ULP,159.9,342 Beaufort St,PERTH,6000,North of River,Metro,156.9,3.0,-6.0
2022-04-06,BP Highgate,BP,ULP,189.9,342 Beaufort St,PERTH,6000,North of River,Metro,155.8,34.099999999999994,30.0
2022-04-07,BP Highgate,BP,ULP,186.9,342 Beaufort St,PERTH,6000,North of River,Metro,155.2,31.700000000000017,-3.0
2022-04-08,BP Highgate,BP,ULP,185.9,342 Beaufort St,PERTH,6000,North of River,Metro,154.6,31.30000000000001,-1.0
2022-04-09,BP Highgate,BP,ULP,179.9,342 Beaufort St,PERTH,6000,North of River,Metro,154.6,25.30000000000001,-6.0
2022-04-10,BP Highgate,BP,ULP,179.9,342 Beaufort St,PERTH,6000,North of River,Metro,154.6,25.30000000000001,0.0
2022-04-11,BP Highgate,BP,ULP,179.9,342 Beaufort St,PERTH,6000,North of River,Metro,153.6,26.30000000000001,0.0
2022-04-12,BP Highgate,BP,ULP,169.9,342 Beaufort St,PERTH,6000,North of River,Metro,153.3,16.599999999999994,-10.0
2022-04-13,BP Highgate,BP,ULP,164.9,342 Beaufort St,PERTH,6000,North of River,Metro,152.8,12.099999999999994,-5.0
2022-04-14,BP Highgate,BP,ULP,162.9,342 Beaufort St,PERTH,6000,North of River,Metro,152.3,10.599999999999994,-2.0
2022-04-15,BP Highgate,BP,ULP,155.9,342 Beaufort St,PERTH,6000,North of River,Metro,152.3,3.5999999999999943,-7.0
2022-04-16,BP Highgate,BP,ULP,155.9,342 Beaufort St,PERTH,6000,North of River,Metro,152.3,3.5999999999999943,0.0
2022-04-17,BP Highgate,BP,ULP,155.9,342 Beaufort St,PERTH,6000,North of River,Metro,152.3,3.5999999999999943,0.0
2022-04-18,BP Highgate,BP,ULP,155.9,342 Beaufort St,PERTH,6000,North of River,Metro,152.7,3.200000000000017,0.0
2022-04-19,BP Highgate,BP,ULP,152.9,342 Beaufort St,PERTH,6000,North of River,Metro,154.3,-1.4000000000000057,-3.0
2022-04-20,BP Highgate,BP,ULP,191.9,342 Beaufort St,PERTH,6000,North of River,Metro,157.5,34.400000000000006,39.0
2022-04-21,BP Highgate,BP,ULP,188.9,342 Beaufort St,PERTH,6000,North of River,Metro,159.9,29.0,-3.0
2022-04-22,BP Highgate,BP,ULP,186.9,342 Beaufort St,PERTH,6000,North of River,Metro,161.4,25.5,-2.0
2022-04-23,BP Highgate,BP,ULP,174.9,342 Beaufort St,PERTH,6000,North of River,Metro,161.4,13.5,-12.0
2022-04-24,BP Highgate,BP,ULP,174.9,342 Beaufort St,PERTH,6000,North of River,Metro,161.4,13.5,0.0
2022-04-25,BP Highgate,BP,ULP,174.9,342 Beaufort St,PERTH,6000,North of River,Metro,162.0,12.900000000000006,0.0
2022-04-26,BP Highgate,BP,ULP,172.9,342 Beaufort St,PERTH,6000,North of River,Metro,162.2,10.700000000000017,-2.0
2022-04-27,BP Highgate,BP,ULP,168.9,342 Beaufort St,PERTH,6000,North of River,Metro,162.2,6.700000000000017,-4.0
2022-04-28,BP Highgate,BP,ULP,168.9,342 Beaufort St,PERTH,6000,North of River,Metro,162.7,6.200000000000017,0.0
2022-04-29,BP Highgate,BP,ULP,166.9,342 Beaufort St,PERTH,6000,North of River,Metro,164.0,2.9000000000000057,-2.0
2022-04-30,BP Highgate,BP,ULP,164.9,342 Beaufort St,PERTH,6000,North of River,Metro,164.0,0.9000000000000057,-2.0
2022-05-01,BP Highgate,BP,ULP,164.9,342 Beaufort St,PERTH,6000,North of River,Metro,164.0,0.9000000000000057,0.0
2022-05-02,BP Highgate,BP,ULP,164.9,342 Beaufort St,PERTH,6000,North of River,Metro,165.2,-0.29999999999998295,0.0
2022-05-03,BP Highgate,BP,ULP,163.9,342 Beaufort St,PERTH,6000,North of River,Metro,166.8,-2.9000000000000057,-1.0
2022-05-04,BP Highgate,BP,ULP,199.9,342 Beaufort St,PERTH,6000,North of River,Metro,167.2,32.70000000000002,36.0
2022-05-05,BP Highgate,BP,ULP,195.9,342 Beaufort St,PERTH,6000,North of River,Metro,169.9,26.0,-4.0
2022-05-06,BP Highgate,BP,ULP,193.9,342 Beaufort St,PERTH,6000,North of River,Metro,173.3,20.599999999999994,-2.0
2022-05-07,BP Highgate,BP,ULP,189.9,342 Beaufort St,PERTH,6000,North of River,Metro,173.3,16.599999999999994,-4.0
2022-05-08,BP Highgate,BP,ULP,189.9,342 Beaufort St,PERTH,6000,North of River,Metro,173.3,16.599999999999994,0.0
2022-05-09,BP Highgate,BP,ULP,189.9,342 Beaufort St,PERTH,6000,North of River,Metro,175.1,14.800000000000011,0.0
2022-05-10,BP Highgate,BP,ULP,188.9,342 Beaufort St,PERTH,6000,North of River,Metro,177.3,11.599999999999994,-1.0
2022-05-11,BP Highgate,BP,ULP,183.9,342 Beaufort St,PERTH,6000,North of River,Metro,178.4,5.5,-5.0
2022-05-12,BP Highgate,BP,ULP,179.9,342 Beaufort St,PERTH,6000,North of River,Metro,178.8,1.0999999999999943,-4.0
2022-05-13,BP Highgate,BP,ULP,179.9,342 Beaufort St,PERTH,6000,North of River,Metro,178.9,1.0,0.0
2022-05-14,BP Highgate,BP,ULP,179.9,342 Beaufort St,PERTH,6000,North of River,Metro,178.9,1.0,0.0
2022-05-15,BP Highgate,BP,ULP,179.9,342 Beaufort St,PERTH,6000,North of River,Metro,178.9,1.0,0.0
2022-05-16,BP Highgate,BP,ULP,179.9,342 Beaufort St,PERTH,6000,North of River,Metro,179.4,0.5,0.0
2022-05-17,BP Highgate,BP,ULP,177.9,342 Beaufort St,PERTH,6000,North of River,Metro,180.2,-2.299999999999983,-2.0
2022-05-18,BP Highgate,BP,ULP,217.9,342 Beaufort St,PERTH,6000,North of River,Metro,181.2,36.70000000000002,40.0
2022-05-19,BP Highgate,BP,ULP,215.9,342 Beaufort St,PERTH,6000,North of River,Metro,184.0,31.900000000000006,-2.0
2022-05-20,BP Highgate,BP,ULP,213.9,342 Beaufort St,PERTH,6000,North of River,Metro,186.8,27.099999999999994,-2.0
2022-05-21,BP Highgate,BP,ULP,209.9,342 Beaufort St,PERTH,6000,North of River,Metro,186.8,23.099999999999994,-4.0
2022-05-22,BP Highgate,BP,ULP,209.9,342 Beaufort St,PERTH,6000,North of River,Metro,186.8,23.099999999999994,0.0
2022-05-23,BP Highgate,BP,ULP,209.9,342 Beaufort St,PERTH,6000,North of River,Metro,188.6,21.30000000000001,0.0
2022-05-24,BP Highgate,BP,ULP,203.9,342 Beaufort St,PERTH,6000,North of River,Metro,189.8,14.099999999999994,-6.0
2022-05-25,BP Highgate,BP,ULP,199.9,342 Beaufort St,PERTH,6000,North of River,Metro,189.8,10.099999999999994,-4.0
2022-05-26,BP Highgate,BP,ULP,197.9,342 Beaufort St,PERTH,6000,North of River,Metro,188.7,9.200000000000017,-2.0
2022-05-27,BP Highgate,BP,ULP,195.9,342 Beaufort St,PERTH,6000,North of River,Metro,187.9,8.0,-2.0
2022-05-28,BP Highgate,BP,ULP,189.9,342 Beaufort St,PERTH,6000,North of River,Metro,187.9,2.0,-6.0
2022-05-29,BP Highgate,BP,ULP,189.9,342 Beaufort St,PERTH,6000,North of River,Metro,187.9,2.0,0.0
2022-05-30,BP Highgate,BP,ULP,189.9,342 Beaufort St,PERTH,6000,North of River,Metro,187.6,2.3000000000000114,0.0
2022-05-31,BP Highgate,BP,ULP,185.9,342 Beaufort St,PERTH,6000,North of River,Metro,187.5,-1.5999999999999943,-4.0
2022-06-01,BP Highgate,BP,ULP,219.9,342 Beaufort St,PERTH,6000,North of River,Metro,188.8,31.099999999999994,34.0
2022-06-02,BP Highgate,BP,ULP,216.9,342 Beaufort St,PERTH,6000,North of River,Metro,189.8,27.099999999999994,-3.0
2022-06-03,BP Highgate,BP,ULP,214.9,342 Beaufort St,PERTH,6000,North of River,Metro,189.9,25.0,-2.0
2022-06-04,BP Highgate,BP,ULP,204.9,342 Beaufort St,PERTH,6000,North of River,Metro,189.9,15.0,-10.0
2022-06-05,BP Highgate,BP,ULP,204.9,342 Beaufort St,PERTH,6000,North of River,Metro,189.9,15.0,0.0
2022-06-06,BP Highgate,BP,ULP,204.9,342 Beaufort St,PERTH,6000,North of River,Metro,189.7,15.200000000000017,0.0
2022-06-07,BP Highgate,BP,ULP,199.9,342 Beaufort St,PERTH,6000,North of River,Metro,189.2,10.700000000000017,-5.0
2022-06-08,BP Highgate,BP,ULP,196.9,342 Beaufort St,PERTH,6000,North of River,Metro,189.2,7.700000000000017,-3.0
2022-06-09,BP Highgate,BP,ULP,195.9,342 Beaufort St,PERTH,6000,North of River,Metro,189.1,6.800000000000011,-1.0
2022-06-10,BP Highgate,BP,ULP,193.9,342 Beaufort St,PERTH,6000,North of River,Metro,189.5,4.400000000000006,-2.0
2022-06-11,BP Highgate,BP,ULP,189.9,342 Beaufort St,PERTH,6000,North of River,Metro,189.5,0.4000000000000057,-4.0
2022-06-12,BP Highgate,BP,ULP,189.9,342 Beaufort St,PERTH,6000,North of River,Metro,189.5,0.4000000000000057,0.0
2022-06-13,BP Highgate,BP,ULP,189.9,342 Beaufort St,PERTH,6000,North of River,Metro,190.5,-0.5999999999999943,0.0
2022-06-14,BP Highgate,BP,ULP,189.9,342 Beaufort St,PERTH,6000,North of River,Metro,192.7,-2.799999999999983,0.0
2022-06-15,BP Highgate,BP,ULP,224.9,342 Beaufort St,PERTH,6000,North of River,Metro,193.8,31.099999999999994,35.0
2022-06-16,BP Highgate,BP,ULP,221.9,342 Beaufort St,PERTH,6000,North of River,Metro,195.9,26.0,-3.0
2022-06-17,BP Highgate,BP,ULP,218.9,342 Beaufort St,PERTH,6000,North of River,Metro,197.8,21.099999999999994,-3.0
2022-06-18,BP Highgate,BP,ULP,209.9,342 Beaufort St,PERTH,6000,North of River,Metro,197.8,12.099999999999994,-9.0
2022-06-19,BP Highgate,BP,ULP,209.9,342 Beaufort St,PERTH,6000,North of River,Metro,197.8,12.099999999999994,0.0
2022-06-20,BP Highgate,BP,ULP,209.9,342 Beaufort St,PERTH,6000,North of River,Metro,198.6,11.300000000000011,0.0
2022-06-21,BP Highgate,BP,ULP,202.9,342 Beaufort St,PERTH,6000,North of River,Metro,198.7,4.200000000000017,-7.0
2022-06-22,BP Highgate,BP,ULP,205.9,342 Beaufort St,PERTH,6000,North of River,Metro,198.8,7.099999999999994,3.0
2022-06-23,BP Highgate,BP,ULP,203.9,342 Beaufort St,PERTH,6000,North of River,Metro,199.1,4.800000000000011,-2.0
2022-06-24,BP Highgate,BP,ULP,199.9,342 Beaufort St,PERTH,6000,North of River,Metro,198.7,1.200000000000017,-4.0
2022-06-25,BP Highgate,BP,ULP,199.9,342 Beaufort St,PERTH,6000,North of River,Metro,198.7,1.200000000000017,0.0
2022-06-26,BP Highgate,BP,ULP,199.9,342 Beaufort St,PERTH,6000,North of River,Metro,198.7,1.200000000000017,0.0
2022-06-27,BP Highgate,BP,ULP,199.9,342 Beaufort St,PERTH,6000,North of River,Metro,197.9,2.0,0.0
2022-06-28,BP Highgate,BP,ULP,195.9,342 Beaufort St,PERTH,6000,North of River,Metro,198.3,-2.4000000000000057,-4.0
2022-06-29,BP Highgate,BP,ULP,238.9,342 Beaufort St,PERTH,6000,North of River,Metro,198.6,40.30000000000001,43.0
2022-06-30,BP Highgate,BP,ULP,231.9,342 Beaufort St,PERTH,6000,North of River,Metro,198.2,33.70000000000002,-7.0
2022-07-01,BP Highgate,BP,ULP,215.9,342 Beaufort St,PERTH,6000,North of River,Metro,198.6,17.30000000000001,-16.0
2022-07-02,BP Highgate,BP,ULP,209.9,342 Beaufort St,PERTH,6000,North of River,Metro,198.6,11.300000000000011,-6.0
2022-07-03,BP Highgate,BP,ULP,209.9,342 Beaufort St,PERTH,6000,North of River,Metro,198.6,11.300000000000011,0.0
2022-07-04,BP Highgate,BP,ULP,209.9,342 Beaufort St,PERTH,6000,North of River,Metro,197.8,12.099999999999994,0.0
2022-07-05,BP Highgate,BP,ULP,199.9,342 Beaufort St,PERTH,6000,North of River,Metro,196.3,3.5999999999999943,-10.0
2022-07-06,BP Highgate,BP,ULP,205.9,342 Beaufort St,PERTH,6000,North of River,Metro,195.3,10.599999999999994,6.0
2022-07-07,BP Highgate,BP,ULP,205.9,342 Beaufort St,PERTH,6000,North of River,Metro,193.0,12.900000000000006,0.0
2022-07-08,BP Highgate,BP,ULP,199.9,342 Beaufort St,PERTH,6000,North of River,Metro,189.8,10.099999999999994,-6.0
2022-07-09,BP Highgate,BP,ULP,193.9,342 Beaufort St,PERTH,6000,North of River,Metro,189.8,4.099999999999994,-6.0
2022-07-10,BP Highgate,BP,ULP,193.9,342 Beaufort St,PERTH,6000,North of River,Metro,189.8,4.099999999999994,0.0
2022-07-11,BP Highgate,BP,ULP,193.9,342 Beaufort St,PERTH,6000,North of River,Metro,183.6,10.300000000000011,0.0
2022-07-12,BP Highgate,BP,ULP,185.9,342 Beaufort St,PERTH,6000,North of River,Metro,180.5,5.400000000000006,-8.0
2022-07-13,BP Highgate,BP,ULP,217.9,342 Beaufort St,PERTH,6000,North of River,Metro,177.1,40.80000000000001,32.0
2022-07-14,BP Highgate,BP,ULP,215.9,342 Beaufort St,PERTH,6000,North of River,Metro,172.5,43.400000000000006,-2.0
2022-07-15,BP Highgate,BP,ULP,199.9,342 Beaufort St,PERTH,6000,North of River,Metro,169.7,30.200000000000017,-16.0
2022-07-16,BP Highgate,BP,ULP,194.9,342 Beaufort St,PERTH,6000,North of River,Metro,169.7,25.200000000000017,-5.0
2022-07-17,BP Highgate,BP,ULP,194.9,342 Beaufort St,PERTH,6000,North of River,Metro,169.7,25.200000000000017,0.0
2022-07-18,BP Highgate,BP,ULP,194.9,342 Beaufort St,PERTH,6000,North of River,Metro,166.0,28.900000000000006,0.0
2022-07-19,BP Highgate,BP,ULP,171.9,342 Beaufort St,PERTH,6000,North of River,Metro,163.3,8.599999999999994,-23.0
2022-07-20,BP Highgate,BP,ULP,199.9,342 Beaufort St,PERTH,6000,North of River,Metro,162.4,37.5,28.0
2022-07-21,BP Highgate,BP,ULP,175.9,342 Beaufort St,PERTH,6000,North of River,Metro,161.2,14.700000000000017,-24.0
2022-07-22,BP Highgate,BP,ULP,173.9,342 Beaufort St,PERTH,6000,North of River,Metro,160.7,13.200000000000017,-2.0
2022-07-23,BP Highgate,BP,ULP,169.9,342 Beaufort St,PERTH,6000,North of River,Metro,160.7,9.200000000000017,-4.0
2022-07-24,BP Highgate,BP,ULP,169.9,342 Beaufort St,PERTH,6000,North of River,Metro,160.7,9.200000000000017,0.0
2022-07-25,BP Highgate,BP,ULP,169.9,342 Beaufort St,PERTH,6000,North of River,Metro,159.2,10.700000000000017,0.0
2022-07-26,BP Highgate,BP,ULP,159.9,342 Beaufort St,PERTH,6000,North of River,Metro,157.9,2.0,-10.0
2022-07-27,BP Highgate,BP,ULP,187.9,342 Beaufort St,PERTH,6000,North of River,Metro,156.2,31.700000000000017,28.0
2022-07-28,BP Highgate,BP,ULP,187.9,342 Beaufort St,PERTH,6000,North of River,Metro,156.2,31.700000000000017,0.0
2022-07-29,BP Highgate,BP,ULP,187.9,342 Beaufort St,PERTH,6000,North of River,Metro,156.0,31.900000000000006,0.0
2022-07-30,BP Highgate,BP,ULP,176.9,342 Beaufort St,PERTH,6000,North of River,Metro,156.0,20.900000000000006,-11.0
2022-07-31,BP Highgate,BP,ULP,176.9,342 Beaufort St,PERTH,6000,North of River,Metro,156.0,20.900000000000006,0.0
2022-08-01,BP Highgate,BP,ULP,176.9,342 Beaufort St,PERTH,6000,North of River,Metro,156.9,20.0,0.0
2022-08-02,BP Highgate,BP,ULP,159.9,342 Beaufort St,PERTH,6000,North of River,Metro,159.2,0.700000000000017,-17.0
2022-08-03,BP Highgate,BP,ULP,195.9,342 Beaufort St,PERTH,6000,North of River,Metro,160.2,35.70000000000002,36.0
2022-08-04,BP Highgate,BP,ULP,167.9,342 Beaufort St,PERTH,6000,North of River,Metro,159.3,8.599999999999994,-28.0
2022-08-05,BP Highgate,BP,ULP,163.9,342 Beaufort St,PERTH,6000,North of River,Metro,158.7,5.200000000000017,-4.0
2022-08-06,BP Highgate,BP,ULP,161.9,342 Beaufort St,PERTH,6000,North of River,Metro,158.7,3.200000000000017,-2.0
2022-08-07,BP Highgate,BP,ULP,161.9,342 Beaufort St,PERTH,6000,North of River,Metro,158.7,3.200000000000017,0.0
2022-08-08,BP Highgate,BP,ULP,161.9,342 Beaufort St,PERTH,6000,North of River,Metro,157.6,4.300000000000011,0.0
2022-08-09,BP Highgate,BP,ULP,154.9,342 Beaufort St,PERTH,6000,North of River,Metro,155.0,-0.09999999999999432,-7.0
2022-08-10,BP Highgate,BP,ULP,189.9,342 Beaufort St,PERTH,6000,North of River,Metro,153.1,36.80000000000001,35.0
2022-08-11,BP Highgate,BP,ULP,187.9,342 Beaufort St,PERTH,6000,North of River,Metro,152.1,35.80000000000001,-2.0
2022-08-12,BP Highgate,BP,ULP,173.9,342 Beaufort St,PERTH,6000,North of River,Metro,150.4,23.5,-14.0
2022-08-13,BP Highgate,BP,ULP,158.9,342 Beaufort St,PERTH,6000,North of River,Metro,150.4,8.5,-15.0
2022-08-14,BP Highgate,BP,ULP,158.9,342 Beaufort St,PERTH,6000,North of River,Metro,150.4,8.5,0.0
2022-08-15,BP Highgate,BP,ULP,158.9,342 Beaufort St,PERTH,6000,North of River,Metro,150.2,8.700000000000017,0.0
2022-08-16,BP Highgate,BP,ULP,151.9,342 Beaufort St,PERTH,6000,North of River,Metro,151.3,0.5999999999999943,-7.0
2022-08-17,BP Highgate,BP,ULP,167.9,342 Beaufort St,PERTH,6000,North of River,Metro,151.3,16.599999999999994,16.0
2022-08-18,BP Highgate,BP,ULP,167.9,342 Beaufort St,PERTH,6000,North of River,Metro,151.1,16.80000000000001,0.0
2022-08-19,BP Highgate,BP,ULP,159.9,342 Beaufort St,PERTH,6000,North of River,Metro,151.3,8.599999999999994,-8.0
2022-08-20,BP Highgate,BP,ULP,156.9,342 Beaufort St,PERTH,6000,North of River,Metro,151.3,5.599999999999994,-3.0
2022-08-21,BP Highgate,BP,ULP,156.9,342 Beaufort St,PERTH,6000,North of River,Metro,151.3,5.599999999999994,0.0
2022-08-22,BP Highgate,BP,ULP,156.9,342 Beaufort St,PERTH,6000,North of River,Metro,151.9,5.0,0.0
2022-08-23,BP Highgate,BP,ULP,149.9,342 Beaufort St,PERTH,6000,North of River,Metro,152.5,-2.5999999999999943,-7.0
2022-08-24,BP Highgate,BP,ULP,193.9,342 Beaufort St,PERTH,6000,North of River,Metro,153.5,40.400000000000006,44.0
2022-08-25,BP Highgate,BP,ULP,187.9,342 Beaufort St,PERTH,6000,North of River,Metro,154.8,33.099999999999994,-6.0
2022-08-26,BP Highgate,BP,ULP,178.9,342 Beaufort St,PERTH,6000,North of River,Metro,156.2,22.700000000000017,-9.0
2022-08-27,BP Highgate,BP,ULP,177.9,342 Beaufort St,PERTH,6000,North of River,Metro,156.2,21.700000000000017,-1.0
2022-08-28,BP Highgate,BP,ULP,177.9,342 Beaufort St,PERTH,6000,North of River,Metro,156.2,21.700000000000017,0.0
2022-08-29,BP Highgate,BP,ULP,177.9,342 Beaufort St,PERTH,6000,North of River,Metro,156.8,21.099999999999994,0.0
2022-08-30,BP Highgate,BP,ULP,166.9,342 Beaufort St,PERTH,6000,North of River,Metro,156.8,10.099999999999994,-11.0
2022-08-31,BP Highgate,BP,ULP,171.9,342 Beaufort St,PERTH,6000,North of River,Metro,156.7,15.200000000000017,5.0
2022-09-01,BP Highgate,BP,ULP,169.9,342 Beaufort St,PERTH,6000,North of River,Metro,156.2,13.700000000000017,-2.0
2022-09-02,BP Highgate,BP,ULP,167.9,342 Beaufort St,PERTH,6000,North of River,Metro,153.9,14.0,-2.0
2022-09-03,BP Highgate,BP,ULP,162.9,342 Beaufort St,PERTH,6000,North of River,Metro,153.9,9.0,-5.0
2022-09-04,BP Highgate,BP,ULP,162.9,342 Beaufort St,PERTH,6000,North of River,Metro,153.9,9.0,0.0
2022-09-05,BP Highgate,BP,ULP,162.9,342 Beaufort St,PERTH,6000,North of River,Metro,150.8,12.099999999999994,0.0
2022-09-06,BP Highgate,BP,ULP,151.9,342 Beaufort St,PERTH,6000,North of River,Metro,149.7,2.200000000000017,-11.0
2022-09-07,BP Highgate,BP,ULP,187.9,342 Beaufort St,PERTH,6000,North of River,Metro,149.0,38.900000000000006,36.0
2022-09-08,BP Highgate,BP,ULP,185.9,342 Beaufort St,PERTH,6000,North of River,Metro,148.5,37.400000000000006,-2.0
2022-09-09,BP Highgate,BP,ULP,177.9,342 Beaufort St,PERTH,6000,North of River,Metro,149.2,28.700000000000017,-8.0
2022-09-10,BP Highgate,BP,ULP,172.9,342 Beaufort St,PERTH,6000,North of River,Metro,149.2,23.700000000000017,-5.0
2022-09-11,BP Highgate,BP,ULP,172.9,342 Beaufort St,PERTH,6000,North of River,Metro,149.2,23.700000000000017,0.0
2022-09-12,BP Highgate,BP,ULP,172.9,342 Beaufort St,PERTH,6000,North of River,Metro,149.2,23.700000000000017,0.0
2022-09-13,BP Highgate,BP,ULP,159.9,342 Beaufort St,PERTH,6000,North of River,Metro,149.4,10.5,-13.0
2022-09-14,BP Highgate,BP,ULP,169.9,342 Beaufort St,PERTH,6000,North of River,Metro,150.0,19.900000000000006,10.0
2022-09-15,BP Highgate,BP,ULP,168.9,342 Beaufort St,PERTH,6000,North of River,Metro,150.1,18.80000000000001,-1.0
2022-09-16,BP Highgate,BP,ULP,163.9,342 Beaufort St,PERTH,6000,North of River,Metro,150.0,13.900000000000006,-5.0
2022-09-17,BP Highgate,BP,ULP,158.9,342 Beaufort St,PERTH,6000,North of River,Metro,150.0,8.900000000000006,-5.0
2022-09-18,BP Highgate,BP,ULP,158.9,342 Beaufort St,PERTH,6000,North of River,Metro,150.0,8.900000000000006,0.0
2022-09-19,BP Highgate,BP,ULP,158.9,342 Beaufort St,PERTH,6000,North of River,Metro,150.3,8.599999999999994,0.0
2022-09-20,BP Highgate,BP,ULP,155.9,342 Beaufort St,PERTH,6000,North of River,Metro,148.6,7.300000000000011,-3.0
2022-09-21,BP Highgate,BP,ULP,187.9,342 Beaufort St,PERTH,6000,North of River,Metro,146.8,41.099999999999994,32.0
2022-09-22,BP Highgate,BP,ULP,186.9,342 Beaufort St,PERTH,6000,North of River,Metro,145.8,41.099999999999994,-1.0
2022-09-23,BP Highgate,BP,ULP,184.9,342 Beaufort St,PERTH,6000,North of River,Metro,145.2,39.70000000000002,-2.0
2022-09-24,BP Highgate,BP,ULP,173.9,342 Beaufort St,PERTH,6000,North of River,Metro,145.2,28.700000000000017,-11.0
2022-09-25,BP Highgate,BP,ULP,173.9,342 Beaufort St,PERTH,6000,North of River,Metro,145.2,28.700000000000017,0.0
2022-09-26,BP Highgate,BP,ULP,173.9,342 Beaufort St,PERTH,6000,North of River,Metro,144.0,29.900000000000006,0.0
2022-09-27,BP Highgate,BP,ULP,159.9,342 Beaufort St,PERTH,6000,North of River,Metro,143.6,16.30000000000001,-14.0
2022-09-28,BP Highgate,BP,ULP,165.9,342 Beaufort St,PERTH,6000,North of River,Metro,149.4,16.5,6.0
2022-09-29,BP Highgate,BP,ULP,165.9,342 Beaufort St,PERTH,6000,North of River,Metro,168.0,-2.0999999999999943,0.0
2022-09-30,BP Highgate,BP,ULP,165.9,342 Beaufort St,PERTH,6000,North of River,Metro,168.0,-2.0999999999999943,0.0
2022-10-01,BP Highgate,BP,ULP,171.9,342 Beaufort St,PERTH,6000,North of River,Metro,168.0,3.9000000000000057,6.0
2022-10-02,BP Highgate,BP,ULP,171.9,342 Beaufort St,PERTH,6000,North of River,Metro,168.0,3.9000000000000057,0.0
2022-10-03,BP Highgate,BP,ULP,171.9,342 Beaufort St,PERTH,6000,North of River,Metro,167.2,4.700000000000017,0.0
2022-10-04,BP Highgate,BP,ULP,169.9,342 Beaufort St,PERTH,6000,North of River,Metro,167.8,2.0999999999999943,-2.0
2022-10-05,BP Highgate,BP,ULP,199.9,342 Beaufort St,PERTH,6000,North of River,Metro,168.4,31.5,30.0
2022-10-06,BP Highgate,BP,ULP,196.9,342 Beaufort St,PERTH,6000,North of River,Metro,168.2,28.700000000000017,-3.0
2022-10-07,BP Highgate,BP,ULP,189.9,342 Beaufort St,PERTH,6000,North of River,Metro,168.8,21.099999999999994,-7.0
2022-10-08,BP Highgate,BP,ULP,182.9,342 Beaufort St,PERTH,6000,North of River,Metro,168.8,14.099999999999994,-7.0
2022-10-09,BP Highgate,BP,ULP,182.9,342 Beaufort St,PERTH,6000,North of River,Metro,168.8,14.099999999999994,0.0
2022-10-10,BP Highgate,BP,ULP,182.9,342 Beaufort St,PERTH,6000,North of River,Metro,169.2,13.700000000000017,0.0
2022-10-11,BP Highgate,BP,ULP,175.9,342 Beaufort St,PERTH,6000,North of River,Metro,170.0,5.900000000000006,-7.0
2022-10-12,BP Highgate,BP,ULP,181.9,342 Beaufort St,PERTH,6000,North of River,Metro,171.0,10.900000000000006,6.0
2022-10-13,BP Highgate,BP,ULP,181.9,342 Beaufort St,PERTH,6000,North of River,Metro,171.9,10.0,0.0
2022-10-14,BP Highgate,BP,ULP,177.9,342 Beaufort St,PERTH,6000,North of River,Metro,173.1,4.800000000000011,-4.0
2022-10-15,BP Highgate,BP,ULP,177.9,342 Beaufort St,PERTH,6000,North of River,Metro,173.1,4.800000000000011,0.0
2022-10-16,BP Highgate,BP,ULP,177.9,342 Beaufort St,PERTH,6000,North of River,Metro,173.1,4.800000000000011,0.0
2022-10-17,BP Highgate,BP,ULP,177.9,342 Beaufort St,PERTH,6000,North of River,Metro,173.1,4.800000000000011,0.0
2022-10-18,BP Highgate,BP,ULP,169.9,342 Beaufort St,PERTH,6000,North of River,Metro,174.0,-4.099999999999994,-8.0
2022-10-19,BP Highgate,BP,ULP,205.9,342 Beaufort St,PERTH,6000,North of River,Metro,174.0,31.900000000000006,36.0
2022-10-20,BP Highgate,BP,ULP,205.9,342 Beaufort St,PERTH,6000,North of River,Metro,173.8,32.099999999999994,0.0
2022-10-21,BP Highgate,BP,ULP,198.9,342 Beaufort St,PERTH,6000,North of River,Metro,173.4,25.5,-7.0
2022-10-22,BP Highgate,BP,ULP,193.9,342 Beaufort St,PERTH,6000,North of River,Metro,173.4,20.5,-5.0
2022-10-23,BP Highgate,BP,ULP,193.9,342 Beaufort St,PERTH,6000,North of River,Metro,173.4,20.5,0.0
2022-10-24,BP Highgate,BP,ULP,193.9,342 Beaufort St,PERTH,6000,North of River,Metro,173.7,20.200000000000017,0.0
2022-10-25,BP Highgate,BP,ULP,179.9,342 Beaufort St,PERTH,6000,North of River,Metro,173.9,6.0,-14.0
2022-10-26,BP Highgate,BP,ULP,189.9,342 Beaufort St,PERTH,6000,North of River,Metro,173.7,16.200000000000017,10.0
2022-10-27,BP Highgate,BP,ULP,189.9,342 Beaufort St,PERTH,6000,North of River,Metro,173.8,16.099999999999994,0.0
2022-10-28,BP Highgate,BP,ULP,185.9,342 Beaufort St,PERTH,6000,North of River,Metro,173.6,12.300000000000011,-4.0
2022-10-29,BP Highgate,BP,ULP,181.9,342 Beaufort St,PERTH,6000,North of River,Metro,173.6,8.300000000000011,-4.0
2022-10-30,BP Highgate,BP,ULP,181.9,342 Beaufort St,PERTH,6000,North of River,Metro,173.6,8.300000000000011,0.0
2022-10-31,BP Highgate,BP,ULP,181.9,342 Beaufort St,PERTH,6000,North of River,Metro,172.7,9.200000000000017,0.0
2022-11-01,BP Highgate,BP,ULP,173.9,342 Beaufort St,PERTH,6000,North of River,Metro,172.0,1.9000000000000057,-8.0
2022-11-02,BP Highgate,BP,ULP,209.9,342 Beaufort St,PERTH,6000,North of River,Metro,171.6,38.30000000000001,36.0
2022-11-03,BP Highgate,BP,ULP,206.9,342 Beaufort St,PERTH,6000,North of River,Metro,171.5,35.400000000000006,-3.0
2022-11-04,BP Highgate,BP,ULP,199.9,342 Beaufort St,PERTH,6000,North of River,Metro,172.0,27.900000000000006,-7.0
2022-11-05,BP Highgate,BP,ULP,189.9,342 Beaufort St,PERTH,6000,North of River,Metro,172.0,17.900000000000006,-10.0
2022-11-06,BP Highgate,BP,ULP,189.9,342 Beaufort St,PERTH,6000,North of River,Metro,172.0,17.900000000000006,0.0
2022-11-07,BP Highgate,BP,ULP,189.9,342 Beaufort St,PERTH,6000,North of River,Metro,172.9,17.0,0.0
2022-11-08,BP Highgate,BP,ULP,179.9,342 Beaufort St,PERTH,6000,North of River,Metro,175.2,4.700000000000017,-10.0
2022-11-09,BP Highgate,BP,ULP,193.9,342 Beaufort St,PERTH,6000,North of River,Metro,177.6,16.30000000000001,14.0
2022-11-10,BP Highgate,BP,ULP,193.9,342 Beaufort St,PERTH,6000,North of River,Metro,179.0,14.900000000000006,0.0
2022-11-11,BP Highgate,BP,ULP,189.9,342 Beaufort St,PERTH,6000,North of River,Metro,179.4,10.5,-4.0
2022-11-12,BP Highgate,BP,ULP,187.9,342 Beaufort St,PERTH,6000,North of River,Metro,179.4,8.5,-2.0
2022-11-13,BP Highgate,BP,ULP,187.9,342 Beaufort St,PERTH,6000,North of River,Metro,179.4,8.5,0.0
2022-11-14,BP Highgate,BP,ULP,187.9,342 Beaufort St,PERTH,6000,North of River,Metro,179.2,8.700000000000017,0.0
2022-11-15,BP Highgate,BP,ULP,173.9,342 Beaufort St,PERTH,6000,North of River,Metro,177.9,-4.0,-14.0
2022-11-16,BP Highgate,BP,ULP,212.9,342 Beaufort St,PERTH,6000,North of River,Metro,177.1,35.80000000000001,39.0
2022-11-17,BP Highgate,BP,ULP,209.9,342 Beaufort St,PERTH,6000,North of River,Metro,175.5,34.400000000000006,-3.0
2022-11-18,BP Highgate,BP,ULP,199.9,342 Beaufort St,PERTH,6000,North of River,Metro,174.3,25.599999999999994,-10.0
2022-11-19,BP Highgate,BP,ULP,187.9,342 Beaufort St,PERTH,6000,North of River,Metro,174.3,13.599999999999994,-12.0
2022-11-20,BP Highgate,BP,ULP,187.9,342 Beaufort St,PERTH,6000,North of River,Metro,174.3,13.599999999999994,0.0
2022-11-21,BP Highgate,BP,ULP,187.9,342 Beaufort St,PERTH,6000,North of River,Metro,173.4,14.5,0.0
2022-11-22,BP Highgate,BP,ULP,177.9,342 Beaufort St,PERTH,6000,North of River,Metro,172.3,5.599999999999994,-10.0
2022-11-23,BP Highgate,BP,ULP,199.9,342 Beaufort St,PERTH,6000,North of River,Metro,171.4,28.5,22.0
2022-11-24,BP Highgate,BP,ULP,195.9,342 Beaufort St,PERTH,6000,North of River,Metro,170.9,25.0,-4.0
2022-11-25,BP Highgate,BP,ULP,189.9,342 Beaufort St,PERTH,6000,North of River,Metro,170.4,19.5,-6.0
2022-11-26,BP Highgate,BP,ULP,181.9,342 Beaufort St,PERTH,6000,North of River,Metro,170.4,11.5,-8.0
2022-11-27,BP Highgate,BP,ULP,181.9,342 Beaufort St,PERTH,6000,North of River,Metro,170.4,11.5,0.0
2022-11-28,BP Highgate,BP,ULP,181.9,342 Beaufort St,PERTH,6000,North of River,Metro,169.5,12.400000000000006,0.0
2022-11-29,BP Highgate,BP,ULP,171.9,342 Beaufort St,PERTH,6000,North of River,Metro,168.7,3.200000000000017,-10.0
2022-11-30,BP Highgate,BP,ULP,203.9,342 Beaufort St,PERTH,6000,North of River,Metro,167.1,36.80000000000001,32.0
2022-12-01,BP Highgate,BP,ULP,197.9,342 Beaufort St,PERTH,6000,North of River,Metro,165.8,32.099999999999994,-6.0
2022-12-02,BP Highgate,BP,ULP,189.9,342 Beaufort St,PERTH,6000,North of River,Metro,164.4,25.5,-8.0
2022-12-03,BP Highgate,BP,ULP,176.9,342 Beaufort St,PERTH,6000,North of River,Metro,164.4,12.5,-13.0
2022-12-04,BP Highgate,BP,ULP,176.9,342 Beaufort St,PERTH,6000,North of River,Metro,164.4,12.5,0.0
2022-12-05,BP Highgate,BP,ULP,176.9,342 Beaufort St,PERTH,6000,North of River,Metro,163.6,13.300000000000011,0.0
2022-12-06,BP Highgate,BP,ULP,165.9,342 Beaufort St,PERTH,6000,North of River,Metro,162.8,3.0999999999999943,-11.0
2022-12-07,BP Highgate,BP,ULP,189.9,342 Beaufort St,PERTH,6000,North of River,Metro,162.7,27.200000000000017,24.0
2022-12-08,BP Highgate,BP,ULP,189.9,342 Beaufort St,PERTH,6000,North of River,Metro,162.3,27.599999999999994,0.0
2022-12-09,BP Highgate,BP,ULP,179.9,342 Beaufort St,PERTH,6000,North of River,Metro,161.8,18.099999999999994,-10.0
2022-12-10,BP Highgate,BP,ULP,169.9,342 Beaufort St,PERTH,6000,North of River,Metro,161.8,8.099999999999994,-10.0
2022-12-11,BP Highgate,BP,ULP,169.9,342 Beaufort St,PERTH,6000,North of River,Metro,161.8,8.099999999999994,0.0
2022-12-12,BP Highgate,BP,ULP,169.9,342 Beaufort St,PERTH,6000,North of River,Metro,160.7,9.200000000000017,0.0
2022-12-13,BP Highgate,BP,ULP,159.9,342 Beaufort St,PERTH,6000,North of River,Metro,159.4,0.5,-10.0
2022-12-14,BP Highgate,BP,ULP,189.9,342 Beaufort St,PERTH,6000,North of River,Metro,157.7,32.20000000000002,30.0
2022-12-15,BP Highgate,BP,ULP,185.9,342 Beaufort St,PERTH,6000,North of River,Metro,157.4,28.5,-4.0
2022-12-16,BP Highgate,BP,ULP,176.9,342 Beaufort St,PERTH,6000,North of River,Metro,157.3,19.599999999999994,-9.0
2022-12-17,BP Highgate,BP,ULP,165.9,342 Beaufort St,PERTH,6000,North of River,Metro,157.3,8.599999999999994,-11.0
2022-12-18,BP Highgate,BP,ULP,165.9,342 Beaufort St,PERTH,6000,North of River,Metro,157.3,8.599999999999994,0.0
2022-12-19,BP Highgate,BP,ULP,165.9,342 Beaufort St,PERTH,6000,North of River,Metro,157.5,8.400000000000006,0.0
2022-12-20,BP Highgate,BP,ULP,158.9,342 Beaufort St,PERTH,6000,North of River,Metro,158.3,0.5999999999999943,-7.0
2022-12-21,BP Highgate,BP,ULP,194.9,342 Beaufort St,PERTH,6000,North of River,Metro,158.8,36.099999999999994,36.0
2022-12-22,BP Highgate,BP,ULP,179.9,342 Beaufort St,PERTH,6000,North of River,Metro,159.3,20.599999999999994,-15.0
2022-12-23,BP Highgate,BP,ULP,169.9,342 Beaufort St,PERTH,6000,North of River,Metro,159.6,10.300000000000011,-10.0
2022-12-24,BP Highgate,BP,ULP,159.9,342 Beaufort St,PERTH,6000,North of River,Metro,159.6,0.30000000000001137,-10.0
2022-12-25,BP Highgate,BP,ULP,159.9,342 Beaufort St,PERTH,6000,North of River,Metro,159.6,0.30000000000001137,0.0
2022-12-26,BP Highgate,BP,ULP,159.9,342 Beaufort St,PERTH,6000,North of River,Metro,160.0,-0.09999999999999432,0.0
2022-12-27,BP Highgate,BP,ULP,159.9,342 Beaufort St,PERTH,6000,North of River,Metro,160.2,-0.29999999999998295,0.0
2022-12-28,BP Highgate,BP,ULP,179.9,342 Beaufort St,PERTH,6000,North of River,Metro,161.9,18.0,20.0
2022-12-29,BP Highgate,BP,ULP,175.9,342 Beaufort St,PERTH,6000,North of River,Metro,162.3,13.599999999999994,-4.0
2022-12-30,BP Highgate,BP,ULP,172.9,342 Beaufort St,PERTH,6000,North of River,Metro,164.1,8.800000000000011,-3.0
2022-12-31,BP Highgate,BP,ULP,165.9,342 Beaufort St,PERTH,6000,North of River,Metro,148.1,17.80000000000001,-7.0
2022-01-01,Puma North Perth,Puma,ULP,171.7,311 Fitzgerald St,WEST PERTH,6005,North of River,Metro,148.1,23.599999999999994,
2022-01-02,Puma North Perth,Puma,ULP,170.7,311 Fitzgerald St,WEST PERTH,6005,North of River,Metro,148.1,22.599999999999994,-1.0
2022-01-03,Puma North Perth,Puma,ULP,167.7,311 Fitzgerald St,WEST PERTH,6005,North of River,Metro,149.2,18.5,-3.0
2022-01-04,Puma North Perth,Puma,ULP,164.7,311 Fitzgerald St,WEST PERTH,6005,North of River,Metro,149.4,15.299999999999983,-3.0
2022-01-05,Puma North Perth,Puma,ULP,161.7,311 Fitzgerald St,WEST PERTH,6005,North of River,Metro,150.0,11.699999999999989,-3.0
2022-01-06,Puma North Perth,Puma,ULP,158.7,311 Fitzgerald St,WEST PERTH,6005,North of River,Metro,150.4,8.299999999999983,-3.0
2022-01-07,Puma North Perth,Puma,ULP,155.7,311 Fitzgerald St,WEST PERTH,6005,North of River,Metro,150.7,5.0,-3.0
2022-01-08,Puma North Perth,Puma,ULP,152.7,311 Fitzgerald St,WEST PERTH,6005,North of River,Metro,150.7,2.0,-3.0
2022-01-09,Puma North Perth,Puma,ULP,151.7,311 Fitzgerald St,WEST PERTH,6005,North of River,Metro,150.7,1.0,-1.0
2022-01-10,Puma North Perth,Puma,ULP,149.7,311 Fitzgerald St,WEST PERTH,6005,North of River,Metro,151.0,-1.3000000000000114,-2.0
2022-01-11,Puma North Perth,Puma,ULP,148.7,311 Fitzgerald St,WEST PERTH,6005,North of River,Metro,151.4,-2.700000000000017,-1.0
2022-01-12,Puma North Perth,Puma,ULP,189.7,311 Fitzgerald St,WEST PERTH,6005,North of River,Metro,151.8,37.89999999999998,41.0
2022-01-13,Puma North Perth,Puma,ULP,183.7,311 Fitzgerald St,WEST PERTH,6005,North of River,Metro,152.1,31.599999999999994,-6.0
2022-01-14,Puma North Perth,Puma,ULP,179.7,311 Fitzgerald St,WEST PERTH,6005,North of River,Metro,152.6,27.099999999999994,-4.0
2022-01-15,Puma North Perth,Puma,ULP,176.7,311 Fitzgerald St,WEST PERTH,6005,North of River,Metro,152.6,24.099999999999994,-3.0
2022-01-16,Puma North Perth,Puma,ULP,171.7,311 Fitzgerald St,WEST PERTH,6005,North of River,Metro,152.6,19.099999999999994,-5.0
2022-01-17,Puma North Perth,Puma,ULP,169.7,311 Fitzgerald St,WEST PERTH,6005,North of River,Metro,153.0,16.69999999999999,-2.0
2022-01-18,Puma North Perth,Puma,ULP,168.7,311 Fitzgerald St,WEST PERTH,6005,North of River,Metro,153.4,15.299999999999983,-1.0
2022-01-19,Puma North Perth,Puma,ULP,164.7,311 Fitzgerald St,WEST PERTH,6005,North of River,Metro,154.3,10.399999999999977,-4.0
2022-01-20,Puma North Perth,Puma,ULP,161.7,311 Fitzgerald St,WEST PERTH,6005,North of River,Metro,155.0,6.699999999999989,-3.0
2022-01-21,Puma North Perth,Puma,ULP,157.7,311 Fitzgerald St,WEST PERTH,6005,North of River,Metro,155.9,1.799999999999983,-4.0
2022-01-22,Puma North Perth,Puma,ULP,156.7,311 Fitzgerald St,WEST PERTH,6005,North of River,Metro,155.9,0.799999999999983,-1.0
2022-01-23,Puma North Perth,Puma,ULP,154.7,311 Fitzgerald St,WEST PERTH,6005,North of River,Metro,155.9,-1.200000000000017,-2.0
2022-01-24,Puma North Perth,Puma,ULP,153.7,311 Fitzgerald St,WEST PERTH,6005,North of River,Metro,156.7,-3.0,-1.0
2022-01-25,Puma North Perth,Puma,ULP,153.7,311 Fitzgerald St,WEST PERTH,6005,North of River,Metro,157.0,-3.3000000000000114,0.0
2022-01-26,Puma North Perth,Puma,ULP,193.7,311 Fitzgerald St,WEST PERTH,6005,North of River,Metro,157.4,36.29999999999998,40.0
2022-01-27,Puma North Perth,Puma,ULP,189.7,311 Fitzgerald St,WEST PERTH,6005,North of River,Metro,157.6,32.099999999999994,-4.0
2022-01-28,Puma North Perth,Puma,ULP,184.7,311 Fitzgerald St,WEST PERTH,6005,North of River,Metro,158.5,26.19999999999999,-5.0
2022-01-29,Puma North Perth,Puma,ULP,181.7,311 Fitzgerald St,WEST PERTH,6005,North of River,Metro,158.5,23.19999999999999,-3.0
2022-01-30,Puma North Perth,Puma,ULP,179.7,311 Fitzgerald St,WEST PERTH,6005,North of River,Metro,158.5,21.19999999999999,-2.0
2022-01-31,Puma North Perth,Puma,ULP,175.7,311 Fitzgerald St,WEST PERTH,6005,North of River,Metro,160.0,15.699999999999989,-4.0
2022-02-01,Puma North Perth,Puma,ULP,174.7,311 Fitzgerald St,WEST PERTH,6005,North of River,Metro,162.1,12.599999999999994,-1.0
2022-02-02,Puma North Perth,Puma,ULP,170.7,311 Fitzgerald St,WEST PERTH,6005,North of River,Metro,163.3,7.399999999999977,-4.0
2022-02-03,Puma North Perth,Puma,ULP,169.7,311 Fitzgerald St,WEST PERTH,6005,North of River,Metro,164.1,5.599999999999994,-1.0
2022-02-04,Puma North Perth,Puma,ULP,164.7,311 Fitzgerald St,WEST PERTH,6005,North of River,Metro,164.7,0.0,-5.0
2022-02-05,Puma North Perth,Puma,ULP,166.7,311 Fitzgerald St,WEST PERTH,6005,North of River,Metro,164.7,2.0,2.0
2022-02-06,Puma North Perth,Puma,ULP,165.7,311 Fitzgerald St,WEST PERTH,6005,North of River,Metro,164.7,1.0,-1.0
2022-02-07,Puma North Perth,Puma,ULP,163.7,311 Fitzgerald St,WEST PERTH,6005,North of River,Metro,165.3,-1.6000000000000227,-2.0
2022-02-08,Puma North Perth,Puma,ULP,164.7,311 Fitzgerald St,WEST PERTH,6005,North of River,Metro,166.1,-1.4000000000000057,1.0
2022-02-09,Puma North Perth,Puma,ULP,196.7,311 Fitzgerald St,WEST PERTH,6005,North of River,Metro,166.5,30.19999999999999,32.0
2022-02-10,Puma North Perth,Puma,ULP,195.7,311 Fitzgerald St,WEST PERTH,6005,North of River,Metro,166.6,29.099999999999994,-1.0
2022-02-11,Puma North Perth,Puma,ULP,191.7,311 Fitzgerald St,WEST PERTH,6005,North of River,Metro,166.8,24.899999999999977,-4.0
2022-02-12,Puma North Perth,Puma,ULP,189.7,311 Fitzgerald St,WEST PERTH,6005,North of River,Metro,166.8,22.899999999999977,-2.0
2022-02-13,Puma North Perth,Puma,ULP,187.7,311 Fitzgerald St,WEST PERTH,6005,North of River,Metro,166.8,20.899999999999977,-2.0
2022-02-14,Puma North Perth,Puma,ULP,181.7,311 Fitzgerald St,WEST PERTH,6005,North of River,Metro,167.2,14.5,-6.0
2022-02-15,Puma North Perth,Puma,ULP,179.7,311 Fitzgerald St,WEST PERTH,6005,North of River,Metro,167.8,11.899999999999977,-2.0
2022-02-16,Puma North Perth,Puma,ULP,175.7,311 Fitzgerald St,WEST PERTH,6005,North of River,Metro,168.7,7.0,-4.0
2022-02-17,Puma North Perth,Puma,ULP,173.7,311 Fitzgerald St,WEST PERTH,6005,North of River,Metro,169.6,4.099999999999994,-2.0
2022-02-18,Puma North Perth,Puma,ULP,173.7,311 Fitzgerald St,WEST PERTH,6005,North of River,Metro,170.2,3.5,0.0
2022-02-19,Puma North Perth,Puma,ULP,171.7,311 Fitzgerald St,WEST PERTH,6005,North of River,Metro,170.2,1.5,-2.0
2022-02-20,Puma North Perth,Puma,ULP,169.7,311 Fitzgerald St,WEST PERTH,6005,North of River,Metro,170.2,-0.5,-2.0
2022-02-21,Puma North Perth,Puma,ULP,169.5,311 Fitzgerald St,WEST PERTH,6005,North of River,Metro,170.0,-0.5,-0.19999999999998863
2022-02-22,Puma North Perth,Puma,ULP,168.7,311 Fitzgerald St,WEST PERTH,6005,North of River,Metro,169.8,-1.1000000000000227,-0.8000000000000114
2022-02-23,Puma North Perth,Puma,ULP,199.7,311 Fitzgerald St,WEST PERTH,6005,North of River,Metro,169.4,30.299999999999983,31.0
2022-02-24,Puma North Perth,Puma,ULP,199.7,311 Fitzgerald St,WEST PERTH,6005,North of River,Metro,169.6,30.099999999999994,0.0
2022-02-25,Puma North Perth,Puma,ULP,195.7,311 Fitzgerald St,WEST PERTH,6005,North of River,Metro,169.6,26.099999999999994,-4.0
2022-02-26,Puma North Perth,Puma,ULP,193.7,311 Fitzgerald St,WEST PERTH,6005,North of River,Metro,169.6,24.099999999999994,-2.0
2022-02-27,Puma North Perth,Puma,ULP,191.7,311 Fitzgerald St,WEST PERTH,6005,North of River,Metro,169.6,22.099999999999994,-2.0
2022-02-28,Puma North Perth,Puma,ULP,187.7,311 Fitzgerald St,WEST PERTH,6005,North of River,Metro,171.0,16.69999999999999,-4.0
2022-03-01,Puma North Perth,Puma,ULP,185.7,311 Fitzgerald St,WEST PERTH,6005,North of River,Metro,172.4,13.299999999999983,-2.0
2022-03-02,Puma North Perth,Puma,ULP,183.7,311 Fitzgerald St,WEST PERTH,6005,North of River,Metro,173.3,10.399999999999977,-2.0
2022-03-03,Puma North Perth,Puma,ULP,179.7,311 Fitzgerald St,WEST PERTH,6005,North of River,Metro,174.4,5.299999999999983,-4.0
2022-03-04,Puma North Perth,Puma,ULP,179.7,311 Fitzgerald St,WEST PERTH,6005,North of River,Metro,177.7,2.0,0.0
2022-03-05,Puma North Perth,Puma,ULP,179.7,311 Fitzgerald St,WEST PERTH,6005,North of River,Metro,177.7,2.0,0.0
2022-03-06,Puma North Perth,Puma,ULP,178.7,311 Fitzgerald St,WEST PERTH,6005,North of River,Metro,177.7,1.0,-1.0
2022-03-07,Puma North Perth,Puma,ULP,179.7,311 Fitzgerald St,WEST PERTH,6005,North of River,Metro,178.8,0.8999999999999773,1.0
2022-03-08,Puma North Perth,Puma,ULP,179.7,311 Fitzgerald St,WEST PERTH,6005,North of River,Metro,183.5,-3.8000000000000114,0.0
2022-03-09,Puma North Perth,Puma,ULP,221.7,311 Fitzgerald St,WEST PERTH,6005,North of River,Metro,187.0,34.69999999999999,42.0
2022-03-10,Puma North Perth,Puma,ULP,218.7,311 Fitzgerald St,WEST PERTH,6005,North of River,Metro,192.0,26.69999999999999,-3.0
2022-03-11,Puma North Perth,Puma,ULP,209.7,311 Fitzgerald St,WEST PERTH,6005,North of River,Metro,196.4,13.299999999999983,-9.0
2022-03-12,Puma North Perth,Puma,ULP,205.7,311 Fitzgerald St,WEST PERTH,6005,North of River,Metro,196.4,9.299999999999983,-4.0
2022-03-13,Puma North Perth,Puma,ULP,205.7,311 Fitzgerald St,WEST PERTH,6005,North of River,Metro,196.4,9.299999999999983,0.0
2022-03-14,Puma North Perth,Puma,ULP,205.7,311 Fitzgerald St,WEST PERTH,6005,North of River,Metro,198.0,7.699999999999989,0.0
2022-03-15,Puma North Perth,Puma,ULP,205.7,311 Fitzgerald St,WEST PERTH,6005,North of River,Metro,197.8,7.899999999999977,0.0
2022-03-16,Puma North Perth,Puma,ULP,205.7,311 Fitzgerald St,WEST PERTH,6005,North of River,Metro,195.8,9.899999999999977,0.0
2022-03-17,Puma North Perth,Puma,ULP,201.7,311 Fitzgerald St,WEST PERTH,6005,North of River,Metro,193.5,8.199999999999989,-4.0
2022-03-18,Puma North Perth,Puma,ULP,201.7,311 Fitzgerald St,WEST PERTH,6005,North of River,Metro,188.0,13.699999999999989,0.0
2022-03-19,Puma North Perth,Puma,ULP,199.7,311 Fitzgerald St,WEST PERTH,6005,North of River,Metro,188.0,11.699999999999989,-2.0
2022-03-20,Puma North Perth,Puma,ULP,195.7,311 Fitzgerald St,WEST PERTH,6005,North of River,Metro,188.0,7.699999999999989,-4.0
2022-03-21,Puma North Perth,Puma,ULP,195.7,311 Fitzgerald St,WEST PERTH,6005,North of River,Metro,186.7,9.0,0.0
2022-03-22,Puma North Perth,Puma,ULP,191.7,311 Fitzgerald St,WEST PERTH,6005,North of River,Metro,185.1,6.599999999999994,-4.0
2022-03-23,Puma North Perth,Puma,ULP,221.7,311 Fitzgerald St,WEST PERTH,6005,North of River,Metro,185.1,36.599999999999994,30.0
2022-03-24,Puma North Perth,Puma,ULP,217.7,311 Fitzgerald St,WEST PERTH,6005,North of River,Metro,186.3,31.399999999999977,-4.0
2022-03-25,Puma North Perth,Puma,ULP,209.7,311 Fitzgerald St,WEST PERTH,6005,North of River,Metro,187.2,22.5,-8.0
2022-03-26,Puma North Perth,Puma,ULP,209.7,311 Fitzgerald St,WEST PERTH,6005,North of River,Metro,187.2,22.5,0.0
2022-03-27,Puma North Perth,Puma,ULP,209.7,311 Fitzgerald St,WEST PERTH,6005,North of River,Metro,187.2,22.5,0.0
2022-03-28,Puma North Perth,Puma,ULP,203.7,311 Fitzgerald St,WEST PERTH,6005,North of River,Metro,188.2,15.5,-6.0
2022-03-29,Puma North Perth,Puma,ULP,201.7,311 Fitzgerald St,WEST PERTH,6005,North of River,Metro,187.8,13.899999999999977,-2.0
2022-03-30,Puma North Perth,Puma,ULP,197.7,311 Fitzgerald St,WEST PERTH,6005,North of River,Metro,174.9,22.799999999999983,-4.0
2022-03-31,Puma North Perth,Puma,ULP,193.7,311 Fitzgerald St,WEST PERTH,6005,North of River,Metro,161.4,32.29999999999998,-4.0
2022-04-01,Puma North Perth,Puma,ULP,185.7,311 Fitzgerald St,WEST PERTH,6005,North of River,Metro,160.0,25.69999999999999,-8.0
2022-04-02,Puma North Perth,Puma,ULP,178.7,311 Fitzgerald St,WEST PERTH,6005,North of River,Metro,160.0,18.69999999999999,-7.0
2022-04-03,Puma North Perth,Puma,ULP,169.7,311 Fitzgerald St,WEST PERTH,6005,North of River,Metro,160.0,9.699999999999989,-9.0
2022-04-04,Puma North Perth,Puma,ULP,165.7,311 Fitzgerald St,WEST PERTH,6005,North of River,Metro,158.7,7.0,-4.0
2022-04-05,Puma North Perth,Puma,ULP,163.7,311 Fitzgerald St,WEST PERTH,6005,North of River,Metro,156.9,6.799999999999983,-2.0
2022-04-06,Puma North Perth,Puma,ULP,193.7,311 Fitzgerald St,WEST PERTH,6005,North of River,Metro,155.8,37.89999999999998,30.0
2022-04-07,Puma North Perth,Puma,ULP,178.7,311 Fitzgerald St,WEST PERTH,6005,North of River,Metro,155.2,23.5,-15.0
2022-04-08,Puma North Perth,Puma,ULP,178.7,311 Fitzgerald St,WEST PERTH,6005,North of River,Metro,154.6,24.099999999999994,0.0
2022-04-09,Puma North Perth,Puma,ULP,173.7,311 Fitzgerald St,WEST PERTH,6005,North of River,Metro,154.6,19.099999999999994,-5.0
2022-04-10,Puma North Perth,Puma,ULP,169.7,311 Fitzgerald St,WEST PERTH,6005,North of River,Metro,154.6,15.099999999999994,-4.0
2022-04-11,Puma North Perth,Puma,ULP,167.9,311 Fitzgerald St,WEST PERTH,6005,North of River,Metro,153.6,14.300000000000011,-1.799999999999983
2022-04-12,Puma North Perth,Puma,ULP,163.7,311 Fitzgerald St,WEST PERTH,6005,North of River,Metro,153.3,10.399999999999977,-4.200000000000017
2022-04-13,Puma North Perth,Puma,ULP,160.7,311 Fitzgerald St,WEST PERTH,6005,North of River,Metro,152.8,7.899999999999977,-3.0
2022-04-14,Puma North Perth,Puma,ULP,159.5,311 Fitzgerald St,WEST PERTH,6005,North of River,Metro,152.3,7.199999999999989,-1.1999999999999886
2022-04-15,Puma North Perth,Puma,ULP,155.7,311 Fitzgerald St,WEST PERTH,6005,North of River,Metro,152.3,3.3999999999999773,-3.8000000000000114
2022-04-16,Puma North Perth,Puma,ULP,155.7,311 Fitzgerald St,WEST PERTH,6005,North of River,Metro,152.3,3.3999999999999773,0.0
2022-04-17,Puma North Perth,Puma,ULP,154.7,311 Fitzgerald St,WEST PERTH,6005,North of River,Metro,152.3,2.3999999999999773,-1.0
2022-04-18,Puma North Perth,Puma,ULP,153.7,311 Fitzgerald St,WEST PERTH,6005,North of River,Metro,152.7,1.0,-1.0
2022-04-19,Puma North Perth,Puma,ULP,152.7,311 Fitzgerald St,WEST PERTH,6005,North of River,Metro,154.3,-1.6000000000000227,-1.0
2022-04-20,Puma North Perth,Puma,ULP,193.7,311 Fitzgerald St,WEST PERTH,6005,North of River,Metro,157.5,36.19999999999999,41.0
2022-04-21,Puma North Perth,Puma,ULP,181.7,311 Fitzgerald St,WEST PERTH,6005,North of River,Metro,159.9,21.799999999999983,-12.0
2022-04-22,Puma North Perth,Puma,ULP,173.7,311 Fitzgerald St,WEST PERTH,6005,North of River,Metro,161.4,12.299999999999983,-8.0
2022-04-23,Puma North Perth,Puma,ULP,169.7,311 Fitzgerald St,WEST PERTH,6005,North of River,Metro,161.4,8.299999999999983,-4.0
2022-04-24,Puma North Perth,Puma,ULP,167.9,311 Fitzgerald St,WEST PERTH,6005,North of River,Metro,161.4,6.5,-1.799999999999983
2022-04-25,Puma North Perth,Puma,ULP,164.7,311 Fitzgerald St,WEST PERTH,6005,North of River,Metro,162.0,2.6999999999999886,-3.200000000000017
2022-04-26,Puma North Perth,Puma,ULP,163.7,311 Fitzgerald St,WEST PERTH,6005,North of River,Metro,162.2,1.5,-1.0
2022-04-27,Puma North Perth,Puma,ULP,162.7,311 Fitzgerald St,WEST PERTH,6005,North of River,Metro,162.2,0.5,-1.0
2022-04-28,Puma North Perth,Puma,ULP,162.7,311 Fitzgerald St,WEST PERTH,6005,North of River,Metro,162.7,0.0,0.0
2022-04-29,Puma North Perth,Puma,ULP,161.7,311 Fitzgerald St,WEST PERTH,6005,North of River,Metro,164.0,-2.3000000000000114,-1.0
2022-04-30,Puma North Perth,Puma,ULP,161.7,311 Fitzgerald St,WEST PERTH,6005,North of River,Metro,164.0,-2.3000000000000114,0.0
2022-05-01,Puma North Perth,Puma,ULP,161.7,311 Fitzgerald St,WEST PERTH,6005,North of River,Metro,164.0,-2.3000000000000114,0.0
2022-05-02,Puma North Perth,Puma,ULP,160.7,311 Fitzgerald St,WEST PERTH,6005,North of River,Metro,165.2,-4.5,-1.0
2022-05-03,Puma North Perth,Puma,ULP,160.7,311 Fitzgerald St,WEST PERTH,6005,North of River,Metro,166.8,-6.100000000000023,0.0
2022-05-04,Puma North Perth,Puma,ULP,203.7,311 Fitzgerald St,WEST PERTH,6005,North of River,Metro,167.2,36.5,43.0
2022-05-05,Puma North Perth,Puma,ULP,197.7,311 Fitzgerald St,WEST PERTH,6005,North of River,Metro,169.9,27.799999999999983,-6.0
2022-05-06,Puma North Perth,Puma,ULP,193.7,311 Fitzgerald St,WEST PERTH,6005,North of River,Metro,173.3,20.399999999999977,-4.0
2022-05-07,Puma North Perth,Puma,ULP,189.7,311 Fitzgerald St,WEST PERTH,6005,North of River,Metro,173.3,16.399999999999977,-4.0
2022-05-08,Puma North Perth,Puma,ULP,187.7,311 Fitzgerald St,WEST PERTH,6005,North of River,Metro,173.3,14.399999999999977,-2.0
2022-05-09,Puma North Perth,Puma,ULP,183.7,311 Fitzgerald St,WEST PERTH,6005,North of River,Metro,175.1,8.599999999999994,-4.0
2022-05-10,Puma North Perth,Puma,ULP,179.7,311 Fitzgerald St,WEST PERTH,6005,North of River,Metro,177.3,2.3999999999999773,-4.0
2022-05-11,Puma North Perth,Puma,ULP,178.7,311 Fitzgerald St,WEST PERTH,6005,North of River,Metro,178.4,0.29999999999998295,-1.0
2022-05-12,Puma North Perth,Puma,ULP,177.7,311 Fitzgerald St,WEST PERTH,6005,North of River,Metro,178.8,-1.1000000000000227,-1.0
2022-05-13,Puma North Perth,Puma,ULP,175.7,311 Fitzgerald St,WEST PERTH,6005,North of River,Metro,178.9,-3.200000000000017,-2.0
2022-05-14,Puma North Perth,Puma,ULP,175.7,311 Fitzgerald St,WEST PERTH,6005,North of River,Metro,178.9,-3.200000000000017,0.0
2022-05-15,Puma North Perth,Puma,ULP,173.7,311 Fitzgerald St,WEST PERTH,6005,North of River,Metro,178.9,-5.200000000000017,-2.0
2022-05-16,Puma North Perth,Puma,ULP,174.7,311 Fitzgerald St,WEST PERTH,6005,North of River,Metro,179.4,-4.700000000000017,1.0
2022-05-17,Puma North Perth,Puma,ULP,175.7,311 Fitzgerald St,WEST PERTH,6005,North of River,Metro,180.2,-4.5,1.0
2022-05-18,Puma North Perth,Puma,ULP,219.7,311 Fitzgerald St,WEST PERTH,6005,North of River,Metro,181.2,38.5,44.0
2022-05-19,Puma North Perth,Puma,ULP,213.7,311 Fitzgerald St,WEST PERTH,6005,North of River,Metro,184.0,29.69999999999999,-6.0
2022-05-20,Puma North Perth,Puma,ULP,209.7,311 Fitzgerald St,WEST PERTH,6005,North of River,Metro,186.8,22.899999999999977,-4.0
2022-05-21,Puma North Perth,Puma,ULP,203.5,311 Fitzgerald St,WEST PERTH,6005,North of River,Metro,186.8,16.69999999999999,-6.199999999999989
2022-05-22,Puma North Perth,Puma,ULP,199.7,311 Fitzgerald St,WEST PERTH,6005,North of River,Metro,186.8,12.899999999999977,-3.8000000000000114
2022-05-23,Puma North Perth,Puma,ULP,199.3,311 Fitzgerald St,WEST PERTH,6005,North of River,Metro,188.6,10.700000000000017,-0.39999999999997726
2022-05-24,Puma North Perth,Puma,ULP,199.3,311 Fitzgerald St,WEST PERTH,6005,North of River,Metro,189.8,9.5,0.0
2022-05-25,Puma North Perth,Puma,ULP,195.7,311 Fitzgerald St,WEST PERTH,6005,North of River,Metro,189.8,5.899999999999977,-3.6000000000000227
2022-05-26,Puma North Perth,Puma,ULP,195.7,311 Fitzgerald St,WEST PERTH,6005,North of River,Metro,188.7,7.0,0.0
2022-05-27,Puma North Perth,Puma,ULP,193.7,311 Fitzgerald St,WEST PERTH,6005,North of River,Metro,187.9,5.799999999999983,-2.0
2022-05-28,Puma North Perth,Puma,ULP,191.7,311 Fitzgerald St,WEST PERTH,6005,North of River,Metro,187.9,3.799999999999983,-2.0
2022-05-29,Puma North Perth,Puma,ULP,189.7,311 Fitzgerald St,WEST PERTH,6005,North of River,Metro,187.9,1.799999999999983,-2.0
2022-05-30,Puma North Perth,Puma,ULP,189.7,311 Fitzgerald St,WEST PERTH,6005,North of River,Metro,187.6,2.0999999999999943,0.0
2022-05-31,Puma North Perth,Puma,ULP,187.7,311 Fitzgerald St,WEST PERTH,6005,North of River,Metro,187.5,0.19999999999998863,-2.0
2022-06-01,Puma North Perth,Puma,ULP,219.7,311 Fitzgerald St,WEST PERTH,6005,North of River,Metro,188.8,30.899999999999977,32.0
2022-06-02,Puma North Perth,Puma,ULP,217.7,311 Fitzgerald St,WEST PERTH,6005,North of River,Metro,189.8,27.899999999999977,-2.0
2022-06-03,Puma North Perth,Puma,ULP,209.7,311 Fitzgerald St,WEST PERTH,6005,North of River,Metro,189.9,19.799999999999983,-8.0
2022-06-04,Puma North Perth,Puma,ULP,209.7,311 Fitzgerald St,WEST PERTH,6005,North of River,Metro,189.9,19.799999999999983,0.0
2022-06-05,Puma North Perth,Puma,ULP,207.7,311 Fitzgerald St,WEST PERTH,6005,North of River,Metro,189.9,17.799999999999983,-2.0
2022-06-06,Puma North Perth,Puma,ULP,205.7,311 Fitzgerald St,WEST PERTH,6005,North of River,Metro,189.7,16.0,-2.0
2022-06-07,Puma North Perth,Puma,ULP,203.7,311 Fitzgerald St,WEST PERTH,6005,North of River,Metro,189.2,14.5,-2.0
2022-06-08,Puma North Perth,Puma,ULP,197.7,311 Fitzgerald St,WEST PERTH,6005,North of River,Metro,189.2,8.5,-6.0
2022-06-09,Puma North Perth,Puma,ULP,195.7,311 Fitzgerald St,WEST PERTH,6005,North of River,Metro,189.1,6.599999999999994,-2.0
2022-06-10,Puma North Perth,Puma,ULP,193.7,311 Fitzgerald St,WEST PERTH,6005,North of River,Metro,189.5,4.199999999999989,-2.0
2022-06-11,Puma North Perth,Puma,ULP,191.7,311 Fitzgerald St,WEST PERTH,6005,North of River,Metro,189.5,2.1999999999999886,-2.0
2022-06-12,Puma North Perth,Puma,ULP,189.7,311 Fitzgerald St,WEST PERTH,6005,North of River,Metro,189.5,0.19999999999998863,-2.0
2022-06-13,Puma North Perth,Puma,ULP,189.7,311 Fitzgerald St,WEST PERTH,6005,North of River,Metro,190.5,-0.8000000000000114,0.0
2022-06-14,Puma North Perth,Puma,ULP,189.7,311 Fitzgerald St,WEST PERTH,6005,North of River,Metro,192.7,-3.0,0.0
2022-06-15,Puma North Perth,Puma,ULP,224.7,311 Fitzgerald St,WEST PERTH,6005,North of River,Metro,193.8,30.899999999999977,35.0
2022-06-16,Puma North Perth,Puma,ULP,221.7,311 Fitzgerald St,WEST PERTH,6005,North of River,Metro,195.9,25.799999999999983,-3.0
2022-06-17,Puma North Perth,Puma,ULP,211.7,311 Fitzgerald St,WEST PERTH,6005,North of River,Metro,197.8,13.899999999999977,-10.0
2022-06-18,Puma North Perth,Puma,ULP,213.7,311 Fitzgerald St,WEST PERTH,6005,North of River,Metro,197.8,15.899999999999977,2.0
2022-06-19,Puma North Perth,Puma,ULP,209.7,311 Fitzgerald St,WEST PERTH,6005,North of River,Metro,197.8,11.899999999999977,-4.0
2022-06-20,Puma North Perth,Puma,ULP,204.7,311 Fitzgerald St,WEST PERTH,6005,North of River,Metro,198.6,6.099999999999994,-5.0
2022-06-21,Puma North Perth,Puma,ULP,203.7,311 Fitzgerald St,WEST PERTH,6005,North of River,Metro,198.7,5.0,-1.0
2022-06-22,Puma North Perth,Puma,ULP,201.7,311 Fitzgerald St,WEST PERTH,6005,North of River,Metro,198.8,2.8999999999999773,-2.0
2022-06-23,Puma North Perth,Puma,ULP,199.7,311 Fitzgerald St,WEST PERTH,6005,North of River,Metro,199.1,0.5999999999999943,-2.0
2022-06-24,Puma North Perth,Puma,ULP,199.7,311 Fitzgerald St,WEST PERTH,6005,North of River,Metro,198.7,1.0,0.0
2022-06-25,Puma North Perth,Puma,ULP,198.7,311 Fitzgerald St,WEST PERTH,6005,North of River,Metro,198.7,0.0,-1.0
2022-06-26,Puma North Perth,Puma,ULP,198.7,311 Fitzgerald St,WEST PERTH,6005,North of River,Metro,198.7,0.0,0.0
2022-06-27,Puma North Perth,Puma,ULP,196.7,311 Fitzgerald St,WEST PERTH,6005,North of River,Metro,197.9,-1.200000000000017,-2.0
2022-06-28,Puma North Perth,Puma,ULP,196.7,311 Fitzgerald St,WEST PERTH,6005,North of River,Metro,198.3,-1.6000000000000227,0.0
2022-06-29,Puma North Perth,Puma,ULP,229.7,311 Fitzgerald St,WEST PERTH,6005,North of River,Metro,198.6,31.099999999999994,33.0
2022-06-30,Puma North Perth,Puma,ULP,213.7,311 Fitzgerald St,WEST PERTH,6005,North of River,Metro,198.2,15.5,-16.0
2022-07-01,Puma North Perth,Puma,ULP,213.7,311 Fitzgerald St,WEST PERTH,6005,North of River,Metro,198.6,15.099999999999994,0.0
2022-07-02,Puma North Perth,Puma,ULP,212.7,311 Fitzgerald St,WEST PERTH,6005,North of River,Metro,198.6,14.099999999999994,-1.0
2022-07-03,Puma North Perth,Puma,ULP,207.7,311 Fitzgerald St,WEST PERTH,6005,North of River,Metro,198.6,9.099999999999994,-5.0
2022-07-04,Puma North Perth,Puma,ULP,204.7,311 Fitzgerald St,WEST PERTH,6005,North of River,Metro,197.8,6.899999999999977,-3.0
2022-07-05,Puma North Perth,Puma,ULP,203.7,311 Fitzgerald St,WEST PERTH,6005,North of River,Metro,196.3,7.399999999999977,-1.0
2022-07-06,Puma North Perth,Puma,ULP,201.7,311 Fitzgerald St,WEST PERTH,6005,North of River,Metro,195.3,6.399999999999977,-2.0
2022-07-07,Puma North Perth,Puma,ULP,201.7,311 Fitzgerald St,WEST PERTH,6005,North of River,Metro,193.0,8.699999999999989,0.0
2022-07-08,Puma North Perth,Puma,ULP,199.7,311 Fitzgerald St,WEST PERTH,6005,North of River,Metro,189.8,9.899999999999977,-2.0
2022-07-09,Puma North Perth,Puma,ULP,195.7,311 Fitzgerald St,WEST PERTH,6005,North of River,Metro,189.8,5.899999999999977,-4.0
2022-07-10,Puma North Perth,Puma,ULP,193.7,311 Fitzgerald St,WEST PERTH,6005,North of River,Metro,189.8,3.8999999999999773,-2.0
2022-07-11,Puma North Perth,Puma,ULP,191.7,311 Fitzgerald St,WEST PERTH,6005,North of River,Metro,183.6,8.099999999999994,-2.0
2022-07-12,Puma North Perth,Puma,ULP,189.7,311 Fitzgerald St,WEST PERTH,6005,North of River,Metro,180.5,9.199999999999989,-2.0
2022-07-13,Puma North Perth,Puma,ULP,215.7,311 Fitzgerald St,WEST PERTH,6005,North of River,Metro,177.1,38.599999999999994,26.0
2022-07-14,Puma North Perth,Puma,ULP,215.7,311 Fitzgerald St,WEST PERTH,6005,North of River,Metro,172.5,43.19999999999999,0.0
2022-07-15,Puma North Perth,Puma,ULP,205.7,311 Fitzgerald St,WEST PERTH,6005,North of River,Metro,169.7,36.0,-10.0
2022-07-16,Puma North Perth,Puma,ULP,195.7,311 Fitzgerald St,WEST PERTH,6005,North of River,Metro,169.7,26.0,-10.0
2022-07-17,Puma North Perth,Puma,ULP,185.7,311 Fitzgerald St,WEST PERTH,6005,North of River,Metro,169.7,16.0,-10.0
2022-07-18,Puma North Perth,Puma,ULP,185.7,311 Fitzgerald St,WEST PERTH,6005,North of River,Metro,166.0,19.69999999999999,0.0
2022-07-19,Puma North Perth,Puma,ULP,178.7,311 Fitzgerald St,WEST PERTH,6005,North of River,Metro,163.3,15.399999999999977,-7.0
2022-07-20,Puma North Perth,Puma,ULP,178.7,311 Fitzgerald St,WEST PERTH,6005,North of River,Metro,162.4,16.299999999999983,0.0
2022-07-21,Puma North Perth,Puma,ULP,175.7,311 Fitzgerald St,WEST PERTH,6005,North of River,Metro,161.2,14.5,-3.0
2022-07-22,Puma North Perth,Puma,ULP,173.7,311 Fitzgerald St,WEST PERTH,6005,North of River,Metro,160.7,13.0,-2.0
2022-07-23,Puma North Perth,Puma,ULP,169.7,311 Fitzgerald St,WEST PERTH,6005,North of River,Metro,160.7,9.0,-4.0
2022-07-24,Puma North Perth,Puma,ULP,169.7,311 Fitzgerald St,WEST PERTH,6005,North of River,Metro,160.7,9.0,0.0
2022-07-25,Puma North Perth,Puma,ULP,165.7,311 Fitzgerald St,WEST PERTH,6005,North of River,Metro,159.2,6.5,-4.0
2022-07-26,Puma North Perth,Puma,ULP,162.7,311 Fitzgerald St,WEST PERTH,6005,North of River,Metro,157.9,4.799999999999983,-3.0
2022-07-27,Puma North Perth,Puma,ULP,193.7,311 Fitzgerald St,WEST PERTH,6005,North of River,Metro,156.2,37.5,31.0
2022-07-28,Puma North Perth,Puma,ULP,185.7,311 Fitzgerald St,WEST PERTH,6005,North of River,Metro,156.2,29.5,-8.0
2022-07-29,Puma North Perth,Puma,ULP,181.7,311 Fitzgerald St,WEST PERTH,6005,North of River,Metro,156.0,25.69999999999999,-4.0
2022-07-30,Puma North Perth,Puma,ULP,177.7,311 Fitzgerald St,WEST PERTH,6005,North of River,Metro,156.0,21.69999999999999,-4.0
2022-07-31,Puma North Perth,Puma,ULP,167.7,311 Fitzgerald St,WEST PERTH,6005,North of River,Metro,156.0,11.699999999999989,-10.0
2022-08-01,Puma North Perth,Puma,ULP,163.7,311 Fitzgerald St,WEST PERTH,6005,North of River,Metro,156.9,6.799999999999983,-4.0
2022-08-02,Puma North Perth,Puma,ULP,158.7,311 Fitzgerald St,WEST PERTH,6005,North of River,Metro,159.2,-0.5,-5.0
2022-08-03,Puma North Perth,Puma,ULP,158.7,311 Fitzgerald St,WEST PERTH,6005,North of River,Metro,160.2,-1.5,0.0
2022-08-04,Puma North Perth,Puma,ULP,158.7,311 Fitzgerald St,WEST PERTH,6005,North of River,Metro,159.3,-0.6000000000000227,0.0
2022-08-05,Puma North Perth,Puma,ULP,163.7,311 Fitzgerald St,WEST PERTH,6005,North of River,Metro,158.7,5.0,5.0
2022-08-06,Puma North Perth,Puma,ULP,160.7,311 Fitzgerald St,WEST PERTH,6005,North of River,Metro,158.7,2.0,-3.0
2022-08-07,Puma North Perth,Puma,ULP,160.7,311 Fitzgerald St,WEST PERTH,6005,North of River,Metro,158.7,2.0,0.0
2022-08-08,Puma North Perth,Puma,ULP,158.7,311 Fitzgerald St,WEST PERTH,6005,North of River,Metro,157.6,1.0999999999999943,-2.0
2022-08-09,Puma North Perth,Puma,ULP,153.7,311 Fitzgerald St,WEST PERTH,6005,North of River,Metro,155.0,-1.3000000000000114,-5.0
2022-08-10,Puma North Perth,Puma,ULP,195.7,311 Fitzgerald St,WEST PERTH,6005,North of River,Metro,153.1,42.599999999999994,42.0
2022-08-11,Puma North Perth,Puma,ULP,189.7,311 Fitzgerald St,WEST PERTH,6005,North of River,Metro,152.1,37.599999999999994,-6.0
2022-08-12,Puma North Perth,Puma,ULP,169.7,311 Fitzgerald St,WEST PERTH,6005,North of River,Metro,150.4,19.299999999999983,-20.0
2022-08-13,Puma North Perth,Puma,ULP,163.7,311 Fitzgerald St,WEST PERTH,6005,North of River,Metro,150.4,13.299999999999983,-6.0
2022-08-14,Puma North Perth,Puma,ULP,159.7,311 Fitzgerald St,WEST PERTH,6005,North of River,Metro,150.4,9.299999999999983,-4.0
2022-08-15,Puma North Perth,Puma,ULP,157.7,311 Fitzgerald St,WEST PERTH,6005,North of River,Metro,150.2,7.5,-2.0
2022-08-16,Puma North Perth,Puma,ULP,153.7,311 Fitzgerald St,WEST PERTH,6005,North of River,Metro,151.3,2.3999999999999773,-4.0
2022-08-17,Puma North Perth,Puma,ULP,153.7,311 Fitzgerald St,WEST PERTH,6005,North of River,Metro,151.3,2.3999999999999773,0.0
2022-08-18,Puma North Perth,Puma,ULP,159.7,311 Fitzgerald St,WEST PERTH,6005,North of River,Metro,151.1,8.599999999999994,6.0
2022-08-19,Puma North Perth,Puma,ULP,155.7,311 Fitzgerald St,WEST PERTH,6005,North of River,Metro,151.3,4.399999999999977,-4.0
2022-08-20,Puma North Perth,Puma,ULP,156.7,311 Fitzgerald St,WEST PERTH,6005,North of River,Metro,151.3,5.399999999999977,1.0
2022-08-21,Puma North Perth,Puma,ULP,155.7,311 Fitzgerald St,WEST PERTH,6005,North of River,Metro,151.3,4.399999999999977,-1.0
2022-08-22,Puma North Perth,Puma,ULP,153.7,311 Fitzgerald St,WEST PERTH,6005,North of River,Metro,151.9,1.799999999999983,-2.0
2022-08-23,Puma North Perth,Puma,ULP,151.7,311 Fitzgerald St,WEST PERTH,6005,North of River,Metro,152.5,-0.8000000000000114,-2.0
2022-08-24,Puma North Perth,Puma,ULP,193.7,311 Fitzgerald St,WEST PERTH,6005,North of River,Metro,153.5,40.19999999999999,42.0
2022-08-25,Puma North Perth,Puma,ULP,187.7,311 Fitzgerald St,WEST PERTH,6005,North of River,Metro,154.8,32.89999999999998,-6.0
2022-08-26,Puma North Perth,Puma,ULP,183.7,311 Fitzgerald St,WEST PERTH,6005,North of River,Metro,156.2,27.5,-4.0
2022-08-27,Puma North Perth,Puma,ULP,173.7,311 Fitzgerald St,WEST PERTH,6005,North of River,Metro,156.2,17.5,-10.0
2022-08-28,Puma North Perth,Puma,ULP,169.7,311 Fitzgerald St,WEST PERTH,6005,North of River,Metro,156.2,13.5,-4.0
2022-08-29,Puma North Perth,Puma,ULP,167.7,311 Fitzgerald St,WEST PERTH,6005,North of River,Metro,156.8,10.899999999999977,-2.0
2022-08-30,Puma North Perth,Puma,ULP,163.7,311 Fitzgerald St,WEST PERTH,6005,North of River,Metro,156.8,6.899999999999977,-4.0
2022-08-31,Puma North Perth,Puma,ULP,159.7,311 Fitzgerald St,WEST PERTH,6005,North of River,Metro,156.7,3.0,-4.0
2022-09-01,Puma North Perth,Puma,ULP,169.7,311 Fitzgerald St,WEST PERTH,6005,North of River,Metro,156.2,13.5,10.0
2022-09-02,Puma North Perth,Puma,ULP,167.7,311 Fitzgerald St,WEST PERTH,6005,North of River,Metro,153.9,13.799999999999983,-2.0
2022-09-03,Puma North Perth,Puma,ULP,159.7,311 Fitzgerald St,WEST PERTH,6005,North of River,Metro,153.9,5.799999999999983,-8.0
2022-09-04,Puma North Perth,Puma,ULP,157.7,311 Fitzgerald St,WEST PERTH,6005,North of River,Metro,153.9,3.799999999999983,-2.0
2022-09-05,Puma North Perth,Puma,ULP,155.7,311 Fitzgerald St,WEST PERTH,6005,North of River,Metro,150.8,4.899999999999977,-2.0
2022-09-06,Puma North Perth,Puma,ULP,153.7,311 Fitzgerald St,WEST PERTH,6005,North of River,Metro,149.7,4.0,-2.0
2022-09-07,Puma North Perth,Puma,ULP,189.7,311 Fitzgerald St,WEST PERTH,6005,North of River,Metro,149.0,40.69999999999999,36.0
2022-09-08,Puma North Perth,Puma,ULP,185.7,311 Fitzgerald St,WEST PERTH,6005,North of River,Metro,148.5,37.19999999999999,-4.0
2022-09-09,Puma North Perth,Puma,ULP,169.7,311 Fitzgerald St,WEST PERTH,6005,North of River,Metro,149.2,20.5,-16.0
2022-09-10,Puma North Perth,Puma,ULP,173.7,311 Fitzgerald St,WEST PERTH,6005,North of River,Metro,149.2,24.5,4.0
2022-09-11,Puma North Perth,Puma,ULP,169.7,311 Fitzgerald St,WEST PERTH,6005,North of River,Metro,149.2,20.5,-4.0
2022-09-12,Puma North Perth,Puma,ULP,169.7,311 Fitzgerald St,WEST PERTH,6005,North of River,Metro,149.2,20.5,0.0
2022-09-13,Puma North Perth,Puma,ULP,159.7,311 Fitzgerald St,WEST PERTH,6005,North of River,Metro,149.4,10.299999999999983,-10.0
2022-09-14,Puma North Perth,Puma,ULP,159.7,311 Fitzgerald St,WEST PERTH,6005,North of River,Metro,150.0,9.699999999999989,0.0
2022-09-15,Puma North Perth,Puma,ULP,163.7,311 Fitzgerald St,WEST PERTH,6005,North of River,Metro,150.1,13.599999999999994,4.0
2022-09-16,Puma North Perth,Puma,ULP,163.7,311 Fitzgerald St,WEST PERTH,6005,North of River,Metro,150.0,13.699999999999989,0.0
2022-09-17,Puma North Perth,Puma,ULP,159.7,311 Fitzgerald St,WEST PERTH,6005,North of River,Metro,150.0,9.699999999999989,-4.0
2022-09-18,Puma North Perth,Puma,ULP,155.7,311 Fitzgerald St,WEST PERTH,6005,North of River,Metro,150.0,5.699999999999989,-4.0
2022-09-19,Puma North Perth,Puma,ULP,152.7,311 Fitzgerald St,WEST PERTH,6005,North of River,Metro,150.3,2.3999999999999773,-3.0
2022-09-20,Puma North Perth,Puma,ULP,149.7,311 Fitzgerald St,WEST PERTH,6005,North of River,Metro,148.6,1.0999999999999943,-3.0
2022-09-21,Puma North Perth,Puma,ULP,195.7,311 Fitzgerald St,WEST PERTH,6005,North of River,Metro,146.8,48.89999999999998,46.0
2022-09-22,Puma North Perth,Puma,ULP,179.7,311 Fitzgerald St,WEST PERTH,6005,North of River,Metro,145.8,33.89999999999998,-16.0
2022-09-23,Puma North Perth,Puma,ULP,169.7,311 Fitzgerald St,WEST PERTH,6005,North of River,Metro,145.2,24.5,-10.0
2022-09-24,Puma North Perth,Puma,ULP,159.7,311 Fitzgerald St,WEST PERTH,6005,North of River,Metro,145.2,14.5,-10.0
2022-09-25,Puma North Perth,Puma,ULP,153.7,311 Fitzgerald St,WEST PERTH,6005,North of River,Metro,145.2,8.5,-6.0
2022-09-26,Puma North Perth,Puma,ULP,153.7,311 Fitzgerald St,WEST PERTH,6005,North of River,Metro,144.0,9.699999999999989,0.0
2022-09-27,Puma North Perth,Puma,ULP,149.7,311 Fitzgerald St,WEST PERTH,6005,North of River,Metro,143.6,6.099999999999994,-4.0
2022-09-28,Puma North Perth,Puma,ULP,159.7,311 Fitzgerald St,WEST PERTH,6005,North of River,Metro,149.4,10.299999999999983,10.0
2022-09-29,Puma North Perth,Puma,ULP,159.7,311 Fitzgerald St,WEST PERTH,6005,North of River,Metro,168.0,-8.300000000000011,0.0
2022-09-30,Puma North Perth,Puma,ULP,161.7,311 Fitzgerald St,WEST PERTH,6005,North of River,Metro,168.0,-6.300000000000011,2.0
2022-10-01,Puma North Perth,Puma,ULP,169.7,311 Fitzgerald St,WEST PERTH,6005,North of River,Metro,168.0,1.6999999999999886,8.0
2022-10-02,Puma North Perth,Puma,ULP,169.7,311 Fitzgerald St,WEST PERTH,6005,North of River,Metro,168.0,1.6999999999999886,0.0
2022-10-03,Puma North Perth,Puma,ULP,169.7,311 Fitzgerald St,WEST PERTH,6005,North of River,Metro,167.2,2.5,0.0
2022-10-04,Puma North Perth,Puma,ULP,169.7,311 Fitzgerald St,WEST PERTH,6005,North of River,Metro,167.8,1.8999999999999773,0.0
2022-10-05,Puma North Perth,Puma,ULP,203.7,311 Fitzgerald St,WEST PERTH,6005,North of River,Metro,168.4,35.29999999999998,34.0
2022-10-06,Puma North Perth,Puma,ULP,195.7,311 Fitzgerald St,WEST PERTH,6005,North of River,Metro,168.2,27.5,-8.0
2022-10-07,Puma North Perth,Puma,ULP,189.7,311 Fitzgerald St,WEST PERTH,6005,North of River,Metro,168.8,20.899999999999977,-6.0
2022-10-08,Puma North Perth,Puma,ULP,183.7,311 Fitzgerald St,WEST PERTH,6005,North of River,Metro,168.8,14.899999999999977,-6.0
2022-10-09,Puma North Perth,Puma,ULP,175.7,311 Fitzgerald St,WEST PERTH,6005,North of River,Metro,168.8,6.899999999999977,-8.0
2022-10-10,Puma North Perth,Puma,ULP,175.7,311 Fitzgerald St,WEST PERTH,6005,North of River,Metro,169.2,6.5,0.0
2022-10-11,Puma North Perth,Puma,ULP,169.7,311 Fitzgerald St,WEST PERTH,6005,North of River,Metro,170.0,-0.30000000000001137,-6.0
2022-10-12,Puma North Perth,Puma,ULP,183.7,311 Fitzgerald St,WEST PERTH,6005,North of River,Metro,171.0,12.699999999999989,14.0
2022-10-13,Puma North Perth,Puma,ULP,175.7,311 Fitzgerald St,WEST PERTH,6005,North of River,Metro,171.9,3.799999999999983,-8.0
2022-10-14,Puma North Perth,Puma,ULP,175.7,311 Fitzgerald St,WEST PERTH,6005,North of River,Metro,173.1,2.5999999999999943,0.0
2022-10-15,Puma North Perth,Puma,ULP,173.7,311 Fitzgerald St,WEST PERTH,6005,North of River,Metro,173.1,0.5999999999999943,-2.0
2022-10-16,Puma North Perth,Puma,ULP,173.7,311 Fitzgerald St,WEST PERTH,6005,North of River,Metro,173.1,0.5999999999999943,0.0
2022-10-17,Puma North Perth,Puma,ULP,172.7,311 Fitzgerald St,WEST PERTH,6005,North of River,Metro,173.1,-0.4000000000000057,-1.0
2022-10-18,Puma North Perth,Puma,ULP,171.7,311 Fitzgerald St,WEST PERTH,6005,North of River,Metro,174.0,-2.3000000000000114,-1.0
2022-10-19,Puma North Perth,Puma,ULP,209.7,311 Fitzgerald St,WEST PERTH,6005,North of River,Metro,174.0,35.69999999999999,38.0
2022-10-20,Puma North Perth,Puma,ULP,207.7,311 Fitzgerald St,WEST PERTH,6005,North of River,Metro,173.8,33.89999999999998,-2.0
2022-10-21,Puma North Perth,Puma,ULP,199.7,311 Fitzgerald St,WEST PERTH,6005,North of River,Metro,173.4,26.299999999999983,-8.0
2022-10-22,Puma North Perth,Puma,ULP,193.7,311 Fitzgerald St,WEST PERTH,6005,North of River,Metro,173.4,20.299999999999983,-6.0
2022-10-23,Puma North Perth,Puma,ULP,188.7,311 Fitzgerald St,WEST PERTH,6005,North of River,Metro,173.4,15.299999999999983,-5.0
2022-10-24,Puma North Perth,Puma,ULP,183.7,311 Fitzgerald St,WEST PERTH,6005,North of River,Metro,173.7,10.0,-5.0
2022-10-25,Puma North Perth,Puma,ULP,173.7,311 Fitzgerald St,WEST PERTH,6005,North of River,Metro,173.9,-0.20000000000001705,-10.0
2022-10-26,Puma North Perth,Puma,ULP,189.7,311 Fitzgerald St,WEST PERTH,6005,North of River,Metro,173.7,16.0,16.0
2022-10-27,Puma North Perth,Puma,ULP,189.7,311 Fitzgerald St,WEST PERTH,6005,North of River,Metro,173.8,15.899999999999977,0.0
2022-10-28,Puma North Perth,Puma,ULP,185.7,311 Fitzgerald St,WEST PERTH,6005,North of River,Metro,173.6,12.099999999999994,-4.0
2022-10-29,Puma North Perth,Puma,ULP,185.7,311 Fitzgerald St,WEST PERTH,6005,North of River,Metro,173.6,12.099999999999994,0.0
2022-10-30,Puma North Perth,Puma,ULP,181.7,311 Fitzgerald St,WEST PERTH,6005,North of River,Metro,173.6,8.099999999999994,-4.0
2022-10-31,Puma North Perth,Puma,ULP,179.7,311 Fitzgerald St,WEST PERTH,6005,North of River,Metro,172.7,7.0,-2.0
2022-11-01,Puma North Perth,Puma,ULP,173.7,311 Fitzgerald St,WEST PERTH,6005,North of River,Metro,172.0,1.6999999999999886,-6.0
2022-11-02,Puma North Perth,Puma,ULP,214.7,311 Fitzgerald St,WEST PERTH,6005,North of River,Metro,171.6,43.099999999999994,41.0
2022-11-03,Puma North Perth,Puma,ULP,199.7,311 Fitzgerald St,WEST PERTH,6005,North of River,Metro,171.5,28.19999999999999,-15.0
2022-11-04,Puma North Perth,Puma,ULP,199.7,311 Fitzgerald St,WEST PERTH,6005,North of River,Metro,172.0,27.69999999999999,0.0
2022-11-05,Puma North Perth,Puma,ULP,189.7,311 Fitzgerald St,WEST PERTH,6005,North of River,Metro,172.0,17.69999999999999,-10.0
2022-11-06,Puma North Perth,Puma,ULP,183.7,311 Fitzgerald St,WEST PERTH,6005,North of River,Metro,172.0,11.699999999999989,-6.0
2022-11-07,Puma North Perth,Puma,ULP,179.7,311 Fitzgerald St,WEST PERTH,6005,North of River,Metro,172.9,6.799999999999983,-4.0
2022-11-08,Puma North Perth,Puma,ULP,173.7,311 Fitzgerald St,WEST PERTH,6005,North of River,Metro,175.2,-1.5,-6.0
2022-11-09,Puma North Perth,Puma,ULP,189.7,311 Fitzgerald St,WEST PERTH,6005,North of River,Metro,177.6,12.099999999999994,16.0
2022-11-10,Puma North Perth,Puma,ULP,185.7,311 Fitzgerald St,WEST PERTH,6005,North of River,Metro,179.0,6.699999999999989,-4.0
2022-11-11,Puma North Perth,Puma,ULP,183.7,311 Fitzgerald St,WEST PERTH,6005,North of River,Metro,179.4,4.299999999999983,-2.0
2022-11-12,Puma North Perth,Puma,ULP,183.7,311 Fitzgerald St,WEST PERTH,6005,North of River,Metro,179.4,4.299999999999983,0.0
2022-11-13,Puma North Perth,Puma,ULP,182.7,311 Fitzgerald St,WEST PERTH,6005,North of River,Metro,179.4,3.299999999999983,-1.0
2022-11-14,Puma North Perth,Puma,ULP,179.7,311 Fitzgerald St,WEST PERTH,6005,North of River,Metro,179.2,0.5,-3.0
2022-11-15,Puma North Perth,Puma,ULP,178.7,311 Fitzgerald St,WEST PERTH,6005,North of River,Metro,177.9,0.799999999999983,-1.0
2022-11-16,Puma North Perth,Puma,ULP,199.7,311 Fitzgerald St,WEST PERTH,6005,North of River,Metro,177.1,22.599999999999994,21.0
2022-11-17,Puma North Perth,Puma,ULP,209.7,311 Fitzgerald St,WEST PERTH,6005,North of River,Metro,175.5,34.19999999999999,10.0
2022-11-18,Puma North Perth,Puma,ULP,196.7,311 Fitzgerald St,WEST PERTH,6005,North of River,Metro,174.3,22.399999999999977,-13.0
2022-11-19,Puma North Perth,Puma,ULP,193.7,311 Fitzgerald St,WEST PERTH,6005,North of River,Metro,174.3,19.399999999999977,-3.0
2022-11-20,Puma North Perth,Puma,ULP,178.7,311 Fitzgerald St,WEST PERTH,6005,North of River,Metro,174.3,4.399999999999977,-15.0
2022-11-21,Puma North Perth,Puma,ULP,178.7,311 Fitzgerald St,WEST PERTH,6005,North of River,Metro,173.4,5.299999999999983,0.0
2022-11-22,Puma North Perth,Puma,ULP,172.7,311 Fitzgerald St,WEST PERTH,6005,North of River,Metro,172.3,0.39999999999997726,-6.0
2022-11-23,Puma North Perth,Puma,ULP,199.7,311 Fitzgerald St,WEST PERTH,6005,North of River,Metro,171.4,28.299999999999983,27.0
2022-11-24,Puma North Perth,Puma,ULP,196.7,311 Fitzgerald St,WEST PERTH,6005,North of River,Metro,170.9,25.799999999999983,-3.0
2022-11-25,Puma North Perth,Puma,ULP,183.7,311 Fitzgerald St,WEST PERTH,6005,North of River,Metro,170.4,13.299999999999983,-13.0
2022-11-26,Puma North Perth,Puma,ULP,183.7,311 Fitzgerald St,WEST PERTH,6005,North of River,Metro,170.4,13.299999999999983,0.0
2022-11-27,Puma North Perth,Puma,ULP,177.7,311 Fitzgerald St,WEST PERTH,6005,North of River,Metro,170.4,7.299999999999983,-6.0
2022-11-28,Puma North Perth,Puma,ULP,175.7,311 Fitzgerald St,WEST PERTH,6005,North of River,Metro,169.5,6.199999999999989,-2.0
2022-11-29,Puma North Perth,Puma,ULP,173.7,311 Fitzgerald St,WEST PERTH,6005,North of River,Metro,168.7,5.0,-2.0
2022-11-30,Puma North Perth,Puma,ULP,199.7,311 Fitzgerald St,WEST PERTH,6005,North of River,Metro,167.1,32.599999999999994,26.0
2022-12-01,Puma North Perth,Puma,ULP,202.7,311 Fitzgerald St,WEST PERTH,6005,North of River,Metro,165.8,36.89999999999998,3.0
2022-12-02,Puma North Perth,Puma,ULP,185.7,311 Fitzgerald St,WEST PERTH,6005,North of River,Metro,164.4,21.299999999999983,-17.0
2022-12-03,Puma North Perth,Puma,ULP,180.7,311 Fitzgerald St,WEST PERTH,6005,North of River,Metro,164.4,16.299999999999983,-5.0
2022-12-04,Puma North Perth,Puma,ULP,169.7,311 Fitzgerald St,WEST PERTH,6005,North of River,Metro,164.4,5.299999999999983,-11.0
2022-12-05,Puma North Perth,Puma,ULP,169.7,311 Fitzgerald St,WEST PERTH,6005,North of River,Metro,163.6,6.099999999999994,0.0
2022-12-06,Puma North Perth,Puma,ULP,163.7,311 Fitzgerald St,WEST PERTH,6005,North of River,Metro,162.8,0.8999999999999773,-6.0
2022-12-07,Puma North Perth,Puma,ULP,199.7,311 Fitzgerald St,WEST PERTH,6005,North of River,Metro,162.7,37.0,36.0
2022-12-08,Puma North Perth,Puma,ULP,183.7,311 Fitzgerald St,WEST PERTH,6005,North of River,Metro,162.3,21.399999999999977,-16.0
2022-12-09,Puma North Perth,Puma,ULP,178.7,311 Fitzgerald St,WEST PERTH,6005,North of River,Metro,161.8,16.899999999999977,-5.0
2022-12-10,Puma North Perth,Puma,ULP,166.7,311 Fitzgerald St,WEST PERTH,6005,North of River,Metro,161.8,4.899999999999977,-12.0
2022-12-11,Puma North Perth,Puma,ULP,165.7,311 Fitzgerald St,WEST PERTH,6005,North of River,Metro,161.8,3.8999999999999773,-1.0
2022-12-12,Puma North Perth,Puma,ULP,163.7,311 Fitzgerald St,WEST PERTH,6005,North of River,Metro,160.7,3.0,-2.0
2022-12-13,Puma North Perth,Puma,ULP,159.7,311 Fitzgerald St,WEST PERTH,6005,North of River,Metro,159.4,0.29999999999998295,-4.0
2022-12-14,Puma North Perth,Puma,ULP,193.7,311 Fitzgerald St,WEST PERTH,6005,North of River,Metro,157.7,36.0,34.0
2022-12-15,Puma North Perth,Puma,ULP,187.7,311 Fitzgerald St,WEST PERTH,6005,North of River,Metro,157.4,30.299999999999983,-6.0
2022-12-16,Puma North Perth,Puma,ULP,183.7,311 Fitzgerald St,WEST PERTH,6005,North of River,Metro,157.3,26.399999999999977,-4.0
2022-12-17,Puma North Perth,Puma,ULP,165.7,311 Fitzgerald St,WEST PERTH,6005,North of River,Metro,157.3,8.399999999999977,-18.0
2022-12-18,Puma North Perth,Puma,ULP,163.7,311 Fitzgerald St,WEST PERTH,6005,North of River,Metro,157.3,6.399999999999977,-2.0
2022-12-19,Puma North Perth,Puma,ULP,159.7,311 Fitzgerald St,WEST PERTH,6005,North of River,Metro,157.5,2.1999999999999886,-4.0
2022-12-20,Puma North Perth,Puma,ULP,156.7,311 Fitzgerald St,WEST PERTH,6005,North of River,Metro,158.3,-1.6000000000000227,-3.0
2022-12-21,Puma North Perth,Puma,ULP,199.7,311 Fitzgerald St,WEST PERTH,6005,North of River,Metro,158.8,40.89999999999998,43.0
2022-12-22,Puma North Perth,Puma,ULP,185.7,311 Fitzgerald St,WEST PERTH,6005,North of River,Metro,159.3,26.399999999999977,-14.0
2022-12-23,Puma North Perth,Puma,ULP,178.7,311 Fitzgerald St,WEST PERTH,6005,North of River,Metro,159.6,19.099999999999994,-7.0
2022-12-24,Puma North Perth,Puma,ULP,165.7,311 Fitzgerald St,WEST PERTH,6005,North of River,Metro,159.6,6.099999999999994,-13.0
2022-12-25,Puma North Perth,Puma,ULP,163.7,311 Fitzgerald St,WEST PERTH,6005,North of River,Metro,159.6,4.099999999999994,-2.0
2022-12-26,Puma North Perth,Puma,ULP,159.7,311 Fitzgerald St,WEST PERTH,6005,North of River,Metro,160.0,-0.30000000000001137,-4.0
2022-12-27,Puma North Perth,Puma,ULP,159.7,311 Fitzgerald St,WEST PERTH,6005,North of River,Metro,160.2,-0.5,0.0
2022-12-28,Puma North Perth,Puma,ULP,199.7,311 Fitzgerald St,WEST PERTH,6005,North of River,Metro,161.9,37.79999999999998,40.0
2022-12-29,Puma North Perth,Puma,ULP,189.7,311 Fitzgerald St,WEST PERTH,6005,North of River,Metro,162.3,27.399999999999977,-10.0
2022-12-30,Puma North Perth,Puma,ULP,169.7,311 Fitzgerald St,WEST PERTH,6005,North of River,Metro,164.1,5.599999999999994,-20.0
2022-12-31,Puma North Perth,Puma,ULP,165.7,311 Fitzgerald St,WEST PERTH,6005,North of River,Metro,148.1,17.599999999999994,-4.0
2022-01-01,Shell Coles Express Mount Lawley,Coles Express,ULP,173.9,253 Walcott St,NORTH PERTH,6006,North of River,Metro,148.1,25.80000000000001,
2022-01-02,Shell Coles Express Mount Lawley,Coles Express,ULP,173.9,253 Walcott St,NORTH PERTH,6006,North of River,Metro,148.1,25.80000000000001,0.0
2022-01-03,Shell Coles Express Mount Lawley,Coles Express,ULP,171.9,253 Walcott St,NORTH PERTH,6006,North of River,Metro,149.2,22.700000000000017,-2.0
2022-01-04,Shell Coles Express Mount Lawley,Coles Express,ULP,169.9,253 Walcott St,NORTH PERTH,6006,North of River,Metro,149.4,20.5,-2.0
2022-01-05,Shell Coles Express Mount Lawley,Coles Express,ULP,163.9,253 Walcott St,NORTH PERTH,6006,North of River,Metro,150.0,13.900000000000006,-6.0
2022-01-06,Shell Coles Express Mount Lawley,Coles Express,ULP,159.9,253 Walcott St,NORTH PERTH,6006,North of River,Metro,150.4,9.5,-4.0
2022-01-07,Shell Coles Express Mount Lawley,Coles Express,ULP,159.9,253 Walcott St,NORTH PERTH,6006,North of River,Metro,150.7,9.200000000000017,0.0
2022-01-08,Shell Coles Express Mount Lawley,Coles Express,ULP,155.9,253 Walcott St,NORTH PERTH,6006,North of River,Metro,150.7,5.200000000000017,-4.0
2022-01-09,Shell Coles Express Mount Lawley,Coles Express,ULP,155.9,253 Walcott St,NORTH PERTH,6006,North of River,Metro,150.7,5.200000000000017,0.0
2022-01-10,Shell Coles Express Mount Lawley,Coles Express,ULP,153.9,253 Walcott St,NORTH PERTH,6006,North of River,Metro,151.0,2.9000000000000057,-2.0
2022-01-11,Shell Coles Express Mount Lawley,Coles Express,ULP,152.9,253 Walcott St,NORTH PERTH,6006,North of River,Metro,151.4,1.5,-1.0
2022-01-12,Shell Coles Express Mount Lawley,Coles Express,ULP,191.9,253 Walcott St,NORTH PERTH,6006,North of River,Metro,151.8,40.099999999999994,39.0
2022-01-13,Shell Coles Express Mount Lawley,Coles Express,ULP,183.9,253 Walcott St,NORTH PERTH,6006,North of River,Metro,152.1,31.80000000000001,-8.0
2022-01-14,Shell Coles Express Mount Lawley,Coles Express,ULP,179.9,253 Walcott St,NORTH PERTH,6006,North of River,Metro,152.6,27.30000000000001,-4.0
2022-01-15,Shell Coles Express Mount Lawley,Coles Express,ULP,175.9,253 Walcott St,NORTH PERTH,6006,North of River,Metro,152.6,23.30000000000001,-4.0
2022-01-16,Shell Coles Express Mount Lawley,Coles Express,ULP,175.9,253 Walcott St,NORTH PERTH,6006,North of River,Metro,152.6,23.30000000000001,0.0
2022-01-17,Shell Coles Express Mount Lawley,Coles Express,ULP,175.9,253 Walcott St,NORTH PERTH,6006,North of River,Metro,153.0,22.900000000000006,0.0
2022-01-18,Shell Coles Express Mount Lawley,Coles Express,ULP,167.9,253 Walcott St,NORTH PERTH,6006,North of River,Metro,153.4,14.5,-8.0
2022-01-19,Shell Coles Express Mount Lawley,Coles Express,ULP,164.9,253 Walcott St,NORTH PERTH,6006,North of River,Metro,154.3,10.599999999999994,-3.0
2022-01-20,Shell Coles Express Mount Lawley,Coles Express,ULP,160.9,253 Walcott St,NORTH PERTH,6006,North of River,Metro,155.0,5.900000000000006,-4.0
2022-01-21,Shell Coles Express Mount Lawley,Coles Express,ULP,159.9,253 Walcott St,NORTH PERTH,6006,North of River,Metro,155.9,4.0,-1.0
2022-01-22,Shell Coles Express Mount Lawley,Coles Express,ULP,157.9,253 Walcott St,NORTH PERTH,6006,North of River,Metro,155.9,2.0,-2.0
2022-01-23,Shell Coles Express Mount Lawley,Coles Express,ULP,157.9,253 Walcott St,NORTH PERTH,6006,North of River,Metro,155.9,2.0,0.0
2022-01-24,Shell Coles Express Mount Lawley,Coles Express,ULP,157.9,253 Walcott St,NORTH PERTH,6006,North of River,Metro,156.7,1.200000000000017,0.0
2022-01-25,Shell Coles Express Mount Lawley,Coles Express,ULP,157.9,253 Walcott St,NORTH PERTH,6006,North of River,Metro,157.0,0.9000000000000057,0.0
2022-01-26,Shell Coles Express Mount Lawley,Coles Express,ULP,191.9,253 Walcott St,NORTH PERTH,6006,North of River,Metro,157.4,34.5,34.0
2022-01-27,Shell Coles Express Mount Lawley,Coles Express,ULP,189.9,253 Walcott St,NORTH PERTH,6006,North of River,Metro,157.6,32.30000000000001,-2.0
2022-01-28,Shell Coles Express Mount Lawley,Coles Express,ULP,185.9,253 Walcott St,NORTH PERTH,6006,North of River,Metro,158.5,27.400000000000006,-4.0
2022-01-29,Shell Coles Express Mount Lawley,Coles Express,ULP,181.9,253 Walcott St,NORTH PERTH,6006,North of River,Metro,158.5,23.400000000000006,-4.0
2022-01-30,Shell Coles Express Mount Lawley,Coles Express,ULP,181.9,253 Walcott St,NORTH PERTH,6006,North of River,Metro,158.5,23.400000000000006,0.0
2022-01-31,Shell Coles Express Mount Lawley,Coles Express,ULP,175.9,253 Walcott St,NORTH PERTH,6006,North of River,Metro,160.0,15.900000000000006,-6.0
2022-02-01,Shell Coles Express Mount Lawley,Coles Express,ULP,173.9,253 Walcott St,NORTH PERTH,6006,North of River,Metro,162.1,11.800000000000011,-2.0
2022-02-02,Shell Coles Express Mount Lawley,Coles Express,ULP,169.9,253 Walcott St,NORTH PERTH,6006,North of River,Metro,163.3,6.599999999999994,-4.0
2022-02-03,Shell Coles Express Mount Lawley,Coles Express,ULP,167.9,253 Walcott St,NORTH PERTH,6006,North of River,Metro,164.1,3.8000000000000114,-2.0
2022-02-04,Shell Coles Express Mount Lawley,Coles Express,ULP,167.9,253 Walcott St,NORTH PERTH,6006,North of River,Metro,164.7,3.200000000000017,0.0
2022-02-05,Shell Coles Express Mount Lawley,Coles Express,ULP,166.9,253 Walcott St,NORTH PERTH,6006,North of River,Metro,164.7,2.200000000000017,-1.0
2022-02-06,Shell Coles Express Mount Lawley,Coles Express,ULP,166.9,253 Walcott St,NORTH PERTH,6006,North of River,Metro,164.7,2.200000000000017,0.0
2022-02-07,Shell Coles Express Mount Lawley,Coles Express,ULP,166.9,253 Walcott St,NORTH PERTH,6006,North of River,Metro,165.3,1.5999999999999943,0.0
2022-02-08,Shell Coles Express Mount Lawley,Coles Express,ULP,165.9,253 Walcott St,NORTH PERTH,6006,North of River,Metro,166.1,-0.19999999999998863,-1.0
2022-02-09,Shell Coles Express Mount Lawley,Coles Express,ULP,195.9,253 Walcott St,NORTH PERTH,6006,North of River,Metro,166.5,29.400000000000006,30.0
2022-02-10,Shell Coles Express Mount Lawley,Coles Express,ULP,191.9,253 Walcott St,NORTH PERTH,6006,North of River,Metro,166.6,25.30000000000001,-4.0
2022-02-11,Shell Coles Express Mount Lawley,Coles Express,ULP,189.9,253 Walcott St,NORTH PERTH,6006,North of River,Metro,166.8,23.099999999999994,-2.0
2022-02-12,Shell Coles Express Mount Lawley,Coles Express,ULP,187.9,253 Walcott St,NORTH PERTH,6006,North of River,Metro,166.8,21.099999999999994,-2.0
2022-02-13,Shell Coles Express Mount Lawley,Coles Express,ULP,187.9,253 Walcott St,NORTH PERTH,6006,North of River,Metro,166.8,21.099999999999994,0.0
2022-02-14,Shell Coles Express Mount Lawley,Coles Express,ULP,185.9,253 Walcott St,NORTH PERTH,6006,North of River,Metro,167.2,18.700000000000017,-2.0
2022-02-15,Shell Coles Express Mount Lawley,Coles Express,ULP,179.9,253 Walcott St,NORTH PERTH,6006,North of River,Metro,167.8,12.099999999999994,-6.0
2022-02-16,Shell Coles Express Mount Lawley,Coles Express,ULP,175.9,253 Walcott St,NORTH PERTH,6006,North of River,Metro,168.7,7.200000000000017,-4.0
2022-02-17,Shell Coles Express Mount Lawley,Coles Express,ULP,174.9,253 Walcott St,NORTH PERTH,6006,North of River,Metro,169.6,5.300000000000011,-1.0
2022-02-18,Shell Coles Express Mount Lawley,Coles Express,ULP,174.9,253 Walcott St,NORTH PERTH,6006,North of River,Metro,170.2,4.700000000000017,0.0
2022-02-19,Shell Coles Express Mount Lawley,Coles Express,ULP,171.9,253 Walcott St,NORTH PERTH,6006,North of River,Metro,170.2,1.700000000000017,-3.0
2022-02-20,Shell Coles Express Mount Lawley,Coles Express,ULP,170.9,253 Walcott St,NORTH PERTH,6006,North of River,Metro,170.2,0.700000000000017,-1.0
2022-02-21,Shell Coles Express Mount Lawley,Coles Express,ULP,169.9,253 Walcott St,NORTH PERTH,6006,North of River,Metro,170.0,-0.09999999999999432,-1.0
2022-02-22,Shell Coles Express Mount Lawley,Coles Express,ULP,169.9,253 Walcott St,NORTH PERTH,6006,North of River,Metro,169.8,0.09999999999999432,0.0
2022-02-23,Shell Coles Express Mount Lawley,Coles Express,ULP,201.9,253 Walcott St,NORTH PERTH,6006,North of River,Metro,169.4,32.5,32.0
2022-02-24,Shell Coles Express Mount Lawley,Coles Express,ULP,199.9,253 Walcott St,NORTH PERTH,6006,North of River,Metro,169.6,30.30000000000001,-2.0
2022-02-25,Shell Coles Express Mount Lawley,Coles Express,ULP,195.9,253 Walcott St,NORTH PERTH,6006,North of River,Metro,169.6,26.30000000000001,-4.0
2022-02-26,Shell Coles Express Mount Lawley,Coles Express,ULP,191.9,253 Walcott St,NORTH PERTH,6006,North of River,Metro,169.6,22.30000000000001,-4.0
2022-02-27,Shell Coles Express Mount Lawley,Coles Express,ULP,191.9,253 Walcott St,NORTH PERTH,6006,North of River,Metro,169.6,22.30000000000001,0.0
2022-02-28,Shell Coles Express Mount Lawley,Coles Express,ULP,188.9,253 Walcott St,NORTH PERTH,6006,North of River,Metro,171.0,17.900000000000006,-3.0
2022-03-01,Shell Coles Express Mount Lawley,Coles Express,ULP,184.9,253 Walcott St,NORTH PERTH,6006,North of River,Metro,172.4,12.5,-4.0
2022-03-02,Shell Coles Express Mount Lawley,Coles Express,ULP,183.9,253 Walcott St,NORTH PERTH,6006,North of River,Metro,173.3,10.599999999999994,-1.0
2022-03-03,Shell Coles Express Mount Lawley,Coles Express,ULP,181.9,253 Walcott St,NORTH PERTH,6006,North of River,Metro,174.4,7.5,-2.0
2022-03-04,Shell Coles Express Mount Lawley,Coles Express,ULP,180.9,253 Walcott St,NORTH PERTH,6006,North of River,Metro,177.7,3.200000000000017,-1.0
2022-03-05,Shell Coles Express Mount Lawley,Coles Express,ULP,179.9,253 Walcott St,NORTH PERTH,6006,North of River,Metro,177.7,2.200000000000017,-1.0
2022-03-06,Shell Coles Express Mount Lawley,Coles Express,ULP,179.9,253 Walcott St,NORTH PERTH,6006,North of River,Metro,177.7,2.200000000000017,0.0
2022-03-07,Shell Coles Express Mount Lawley,Coles Express,ULP,179.9,253 Walcott St,NORTH PERTH,6006,North of River,Metro,178.8,1.0999999999999943,0.0
2022-03-08,Shell Coles Express Mount Lawley,Coles Express,ULP,178.9,253 Walcott St,NORTH PERTH,6006,North of River,Metro,183.5,-4.599999999999994,-1.0
2022-03-09,Shell Coles Express Mount Lawley,Coles Express,ULP,219.9,253 Walcott St,NORTH PERTH,6006,North of River,Metro,187.0,32.900000000000006,41.0
2022-03-10,Shell Coles Express Mount Lawley,Coles Express,ULP,219.9,253 Walcott St,NORTH PERTH,6006,North of River,Metro,192.0,27.900000000000006,0.0
2022-03-11,Shell Coles Express Mount Lawley,Coles Express,ULP,213.9,253 Walcott St,NORTH PERTH,6006,North of River,Metro,196.4,17.5,-6.0
2022-03-12,Shell Coles Express Mount Lawley,Coles Express,ULP,207.9,253 Walcott St,NORTH PERTH,6006,North of River,Metro,196.4,11.5,-6.0
2022-03-13,Shell Coles Express Mount Lawley,Coles Express,ULP,207.9,253 Walcott St,NORTH PERTH,6006,North of River,Metro,196.4,11.5,0.0
2022-03-14,Shell Coles Express Mount Lawley,Coles Express,ULP,207.9,253 Walcott St,NORTH PERTH,6006,North of River,Metro,198.0,9.900000000000006,0.0
2022-03-15,Shell Coles Express Mount Lawley,Coles Express,ULP,205.9,253 Walcott St,NORTH PERTH,6006,North of River,Metro,197.8,8.099999999999994,-2.0
2022-03-16,Shell Coles Express Mount Lawley,Coles Express,ULP,203.9,253 Walcott St,NORTH PERTH,6006,North of River,Metro,195.8,8.099999999999994,-2.0
2022-03-17,Shell Coles Express Mount Lawley,Coles Express,ULP,203.9,253 Walcott St,NORTH PERTH,6006,North of River,Metro,193.5,10.400000000000006,0.0
2022-03-18,Shell Coles Express Mount Lawley,Coles Express,ULP,200.9,253 Walcott St,NORTH PERTH,6006,North of River,Metro,188.0,12.900000000000006,-3.0
2022-03-19,Shell Coles Express Mount Lawley,Coles Express,ULP,198.9,253 Walcott St,NORTH PERTH,6006,North of River,Metro,188.0,10.900000000000006,-2.0
2022-03-20,Shell Coles Express Mount Lawley,Coles Express,ULP,194.9,253 Walcott St,NORTH PERTH,6006,North of River,Metro,188.0,6.900000000000006,-4.0
2022-03-21,Shell Coles Express Mount Lawley,Coles Express,ULP,193.9,253 Walcott St,NORTH PERTH,6006,North of River,Metro,186.7,7.200000000000017,-1.0
2022-03-22,Shell Coles Express Mount Lawley,Coles Express,ULP,188.9,253 Walcott St,NORTH PERTH,6006,North of River,Metro,185.1,3.8000000000000114,-5.0
2022-03-23,Shell Coles Express Mount Lawley,Coles Express,ULP,219.9,253 Walcott St,NORTH PERTH,6006,North of River,Metro,185.1,34.80000000000001,31.0
2022-03-24,Shell Coles Express Mount Lawley,Coles Express,ULP,215.9,253 Walcott St,NORTH PERTH,6006,North of River,Metro,186.3,29.599999999999994,-4.0
2022-03-25,Shell Coles Express Mount Lawley,Coles Express,ULP,213.9,253 Walcott St,NORTH PERTH,6006,North of River,Metro,187.2,26.700000000000017,-2.0
2022-03-26,Shell Coles Express Mount Lawley,Coles Express,ULP,207.9,253 Walcott St,NORTH PERTH,6006,North of River,Metro,187.2,20.700000000000017,-6.0
2022-03-27,Shell Coles Express Mount Lawley,Coles Express,ULP,205.9,253 Walcott St,NORTH PERTH,6006,North of River,Metro,187.2,18.700000000000017,-2.0
2022-03-28,Shell Coles Express Mount Lawley,Coles Express,ULP,203.9,253 Walcott St,NORTH PERTH,6006,North of River,Metro,188.2,15.700000000000017,-2.0
2022-03-29,Shell Coles Express Mount Lawley,Coles Express,ULP,199.9,253 Walcott St,NORTH PERTH,6006,North of River,Metro,187.8,12.099999999999994,-4.0
2022-03-30,Shell Coles Express Mount Lawley,Coles Express,ULP,197.9,253 Walcott St,NORTH PERTH,6006,North of River,Metro,174.9,23.0,-2.0
2022-03-31,Shell Coles Express Mount Lawley,Coles Express,ULP,185.9,253 Walcott St,NORTH PERTH,6006,North of River,Metro,161.4,24.5,-12.0
2022-04-01,Shell Coles Express Mount Lawley,Coles Express,ULP,181.9,253 Walcott St,NORTH PERTH,6006,North of River,Metro,160.0,21.900000000000006,-4.0
2022-04-02,Shell Coles Express Mount Lawley,Coles Express,ULP,179.9,253 Walcott St,NORTH PERTH,6006,North of River,Metro,160.0,19.900000000000006,-2.0
2022-04-03,Shell Coles Express Mount Lawley,Coles Express,ULP,179.9,253 Walcott St,NORTH PERTH,6006,North of River,Metro,160.0,19.900000000000006,0.0
2022-04-04,Shell Coles Express Mount Lawley,Coles Express,ULP,169.9,253 Walcott St,NORTH PERTH,6006,North of River,Metro,158.7,11.200000000000017,-10.0
2022-04-05,Shell Coles Express Mount Lawley,Coles Express,ULP,157.9,253 Walcott St,NORTH PERTH,6006,North of River,Metro,156.9,1.0,-12.0
2022-04-06,Shell Coles Express Mount Lawley,Coles Express,ULP,185.9,253 Walcott St,NORTH PERTH,6006,North of River,Metro,155.8,30.099999999999994,28.0
2022-04-07,Shell Coles Express Mount Lawley,Coles Express,ULP,181.9,253 Walcott St,NORTH PERTH,6006,North of River,Metro,155.2,26.700000000000017,-4.0
2022-04-08,Shell Coles Express Mount Lawley,Coles Express,ULP,175.9,253 Walcott St,NORTH PERTH,6006,North of River,Metro,154.6,21.30000000000001,-6.0
2022-04-09,Shell Coles Express Mount Lawley,Coles Express,ULP,173.9,253 Walcott St,NORTH PERTH,6006,North of River,Metro,154.6,19.30000000000001,-2.0
2022-04-10,Shell Coles Express Mount Lawley,Coles Express,ULP,173.9,253 Walcott St,NORTH PERTH,6006,North of River,Metro,154.6,19.30000000000001,0.0
2022-04-11,Shell Coles Express Mount Lawley,Coles Express,ULP,167.9,253 Walcott St,NORTH PERTH,6006,North of River,Metro,153.6,14.300000000000011,-6.0
2022-04-12,Shell Coles Express Mount Lawley,Coles Express,ULP,163.9,253 Walcott St,NORTH PERTH,6006,North of River,Metro,153.3,10.599999999999994,-4.0
2022-04-13,Shell Coles Express Mount Lawley,Coles Express,ULP,159.9,253 Walcott St,NORTH PERTH,6006,North of River,Metro,152.8,7.099999999999994,-4.0
2022-04-14,Shell Coles Express Mount Lawley,Coles Express,ULP,155.9,253 Walcott St,NORTH PERTH,6006,North of River,Metro,152.3,3.5999999999999943,-4.0
2022-04-15,Shell Coles Express Mount Lawley,Coles Express,ULP,157.9,253 Walcott St,NORTH PERTH,6006,North of River,Metro,152.3,5.599999999999994,2.0
2022-04-16,Shell Coles Express Mount Lawley,Coles Express,ULP,154.9,253 Walcott St,NORTH PERTH,6006,North of River,Metro,152.3,2.5999999999999943,-3.0
2022-04-17,Shell Coles Express Mount Lawley,Coles Express,ULP,153.9,253 Walcott St,NORTH PERTH,6006,North of River,Metro,152.3,1.5999999999999943,-1.0
2022-04-18,Shell Coles Express Mount Lawley,Coles Express,ULP,153.9,253 Walcott St,NORTH PERTH,6006,North of River,Metro,152.7,1.200000000000017,0.0
2022-04-19,Shell Coles Express Mount Lawley,Coles Express,ULP,151.9,253 Walcott St,NORTH PERTH,6006,North of River,Metro,154.3,-2.4000000000000057,-2.0
2022-04-20,Shell Coles Express Mount Lawley,Coles Express,ULP,181.9,253 Walcott St,NORTH PERTH,6006,North of River,Metro,157.5,24.400000000000006,30.0
2022-04-21,Shell Coles Express Mount Lawley,Coles Express,ULP,177.9,253 Walcott St,NORTH PERTH,6006,North of River,Metro,159.9,18.0,-4.0
2022-04-22,Shell Coles Express Mount Lawley,Coles Express,ULP,169.9,253 Walcott St,NORTH PERTH,6006,North of River,Metro,161.4,8.5,-8.0
2022-04-23,Shell Coles Express Mount Lawley,Coles Express,ULP,169.9,253 Walcott St,NORTH PERTH,6006,North of River,Metro,161.4,8.5,0.0
2022-04-24,Shell Coles Express Mount Lawley,Coles Express,ULP,169.9,253 Walcott St,NORTH PERTH,6006,North of River,Metro,161.4,8.5,0.0
2022-04-25,Shell Coles Express Mount Lawley,Coles Express,ULP,165.9,253 Walcott St,NORTH PERTH,6006,North of River,Metro,162.0,3.9000000000000057,-4.0
2022-04-26,Shell Coles Express Mount Lawley,Coles Express,ULP,165.9,253 Walcott St,NORTH PERTH,6006,North of River,Metro,162.2,3.700000000000017,0.0
2022-04-27,Shell Coles Express Mount Lawley,Coles Express,ULP,167.9,253 Walcott St,NORTH PERTH,6006,North of River,Metro,162.2,5.700000000000017,2.0
2022-04-28,Shell Coles Express Mount Lawley,Coles Express,ULP,165.9,253 Walcott St,NORTH PERTH,6006,North of River,Metro,162.7,3.200000000000017,-2.0
2022-04-29,Shell Coles Express Mount Lawley,Coles Express,ULP,164.9,253 Walcott St,NORTH PERTH,6006,North of River,Metro,164.0,0.9000000000000057,-1.0
2022-04-30,Shell Coles Express Mount Lawley,Coles Express,ULP,163.9,253 Walcott St,NORTH PERTH,6006,North of River,Metro,164.0,-0.09999999999999432,-1.0
2022-05-01,Shell Coles Express Mount Lawley,Coles Express,ULP,163.9,253 Walcott St,NORTH PERTH,6006,North of River,Metro,164.0,-0.09999999999999432,0.0
2022-05-02,Shell Coles Express Mount Lawley,Coles Express,ULP,163.9,253 Walcott St,NORTH PERTH,6006,North of River,Metro,165.2,-1.299999999999983,0.0
2022-05-03,Shell Coles Express Mount Lawley,Coles Express,ULP,159.9,253 Walcott St,NORTH PERTH,6006,North of River,Metro,166.8,-6.900000000000006,-4.0
2022-05-04,Shell Coles Express Mount Lawley,Coles Express,ULP,189.9,253 Walcott St,NORTH PERTH,6006,North of River,Metro,167.2,22.700000000000017,30.0
2022-05-05,Shell Coles Express Mount Lawley,Coles Express,ULP,183.9,253 Walcott St,NORTH PERTH,6006,North of River,Metro,169.9,14.0,-6.0
2022-05-06,Shell Coles Express Mount Lawley,Coles Express,ULP,183.9,253 Walcott St,NORTH PERTH,6006,North of River,Metro,173.3,10.599999999999994,0.0
2022-05-07,Shell Coles Express Mount Lawley,Coles Express,ULP,183.9,253 Walcott St,NORTH PERTH,6006,North of River,Metro,173.3,10.599999999999994,0.0
2022-05-08,Shell Coles Express Mount Lawley,Coles Express,ULP,183.9,253 Walcott St,NORTH PERTH,6006,North of River,Metro,173.3,10.599999999999994,0.0
2022-05-09,Shell Coles Express Mount Lawley,Coles Express,ULP,181.9,253 Walcott St,NORTH PERTH,6006,North of River,Metro,175.1,6.800000000000011,-2.0
2022-05-10,Shell Coles Express Mount Lawley,Coles Express,ULP,178.9,253 Walcott St,NORTH PERTH,6006,North of River,Metro,177.3,1.5999999999999943,-3.0
2022-05-11,Shell Coles Express Mount Lawley,Coles Express,ULP,177.9,253 Walcott St,NORTH PERTH,6006,North of River,Metro,178.4,-0.5,-1.0
2022-05-12,Shell Coles Express Mount Lawley,Coles Express,ULP,177.9,253 Walcott St,NORTH PERTH,6006,North of River,Metro,178.8,-0.9000000000000057,0.0
2022-05-13,Shell Coles Express Mount Lawley,Coles Express,ULP,177.9,253 Walcott St,NORTH PERTH,6006,North of River,Metro,178.9,-1.0,0.0
2022-05-14,Shell Coles Express Mount Lawley,Coles Express,ULP,177.9,253 Walcott St,NORTH PERTH,6006,North of River,Metro,178.9,-1.0,0.0
2022-05-15,Shell Coles Express Mount Lawley,Coles Express,ULP,177.9,253 Walcott St,NORTH PERTH,6006,North of River,Metro,178.9,-1.0,0.0
2022-05-16,Shell Coles Express Mount Lawley,Coles Express,ULP,176.9,253 Walcott St,NORTH PERTH,6006,North of River,Metro,179.4,-2.5,-1.0
2022-05-17,Shell Coles Express Mount Lawley,Coles Express,ULP,176.9,253 Walcott St,NORTH PERTH,6006,North of River,Metro,180.2,-3.299999999999983,0.0
2022-05-18,Shell Coles Express Mount Lawley,Coles Express,ULP,215.9,253 Walcott St,NORTH PERTH,6006,North of River,Metro,181.2,34.70000000000002,39.0
2022-05-19,Shell Coles Express Mount Lawley,Coles Express,ULP,209.9,253 Walcott St,NORTH PERTH,6006,North of River,Metro,184.0,25.900000000000006,-6.0
2022-05-20,Shell Coles Express Mount Lawley,Coles Express,ULP,199.9,253 Walcott St,NORTH PERTH,6006,North of River,Metro,186.8,13.099999999999994,-10.0
2022-05-21,Shell Coles Express Mount Lawley,Coles Express,ULP,199.9,253 Walcott St,NORTH PERTH,6006,North of River,Metro,186.8,13.099999999999994,0.0
2022-05-22,Shell Coles Express Mount Lawley,Coles Express,ULP,199.9,253 Walcott St,NORTH PERTH,6006,North of River,Metro,186.8,13.099999999999994,0.0
2022-05-23,Shell Coles Express Mount Lawley,Coles Express,ULP,199.9,253 Walcott St,NORTH PERTH,6006,North of River,Metro,188.6,11.300000000000011,0.0
2022-05-24,Shell Coles Express Mount Lawley,Coles Express,ULP,195.9,253 Walcott St,NORTH PERTH,6006,North of River,Metro,189.8,6.099999999999994,-4.0
2022-05-25,Shell Coles Express Mount Lawley,Coles Express,ULP,197.9,253 Walcott St,NORTH PERTH,6006,North of River,Metro,189.8,8.099999999999994,2.0
2022-05-26,Shell Coles Express Mount Lawley,Coles Express,ULP,197.9,253 Walcott St,NORTH PERTH,6006,North of River,Metro,188.7,9.200000000000017,0.0
2022-05-27,Shell Coles Express Mount Lawley,Coles Express,ULP,191.9,253 Walcott St,NORTH PERTH,6006,North of River,Metro,187.9,4.0,-6.0
2022-05-28,Shell Coles Express Mount Lawley,Coles Express,ULP,191.9,253 Walcott St,NORTH PERTH,6006,North of River,Metro,187.9,4.0,0.0
2022-05-29,Shell Coles Express Mount Lawley,Coles Express,ULP,189.9,253 Walcott St,NORTH PERTH,6006,North of River,Metro,187.9,2.0,-2.0
2022-05-30,Shell Coles Express Mount Lawley,Coles Express,ULP,187.9,253 Walcott St,NORTH PERTH,6006,North of River,Metro,187.6,0.30000000000001137,-2.0
2022-05-31,Shell Coles Express Mount Lawley,Coles Express,ULP,185.9,253 Walcott St,NORTH PERTH,6006,North of River,Metro,187.5,-1.5999999999999943,-2.0
2022-06-01,Shell Coles Express Mount Lawley,Coles Express,ULP,219.9,253 Walcott St,NORTH PERTH,6006,North of River,Metro,188.8,31.099999999999994,34.0
2022-06-02,Shell Coles Express Mount Lawley,Coles Express,ULP,210.9,253 Walcott St,NORTH PERTH,6006,North of River,Metro,189.8,21.099999999999994,-9.0
2022-06-03,Shell Coles Express Mount Lawley,Coles Express,ULP,210.9,253 Walcott St,NORTH PERTH,6006,North of River,Metro,189.9,21.0,0.0
2022-06-04,Shell Coles Express Mount Lawley,Coles Express,ULP,205.9,253 Walcott St,NORTH PERTH,6006,North of River,Metro,189.9,16.0,-5.0
2022-06-05,Shell Coles Express Mount Lawley,Coles Express,ULP,203.9,253 Walcott St,NORTH PERTH,6006,North of River,Metro,189.9,14.0,-2.0
2022-06-06,Shell Coles Express Mount Lawley,Coles Express,ULP,203.9,253 Walcott St,NORTH PERTH,6006,North of River,Metro,189.7,14.200000000000017,0.0
2022-06-07,Shell Coles Express Mount Lawley,Coles Express,ULP,191.9,253 Walcott St,NORTH PERTH,6006,North of River,Metro,189.2,2.700000000000017,-12.0
2022-06-08,Shell Coles Express Mount Lawley,Coles Express,ULP,197.9,253 Walcott St,NORTH PERTH,6006,North of River,Metro,189.2,8.700000000000017,6.0
2022-06-09,Shell Coles Express Mount Lawley,Coles Express,ULP,193.9,253 Walcott St,NORTH PERTH,6006,North of River,Metro,189.1,4.800000000000011,-4.0
2022-06-10,Shell Coles Express Mount Lawley,Coles Express,ULP,191.9,253 Walcott St,NORTH PERTH,6006,North of River,Metro,189.5,2.4000000000000057,-2.0
2022-06-11,Shell Coles Express Mount Lawley,Coles Express,ULP,190.9,253 Walcott St,NORTH PERTH,6006,North of River,Metro,189.5,1.4000000000000057,-1.0
2022-06-12,Shell Coles Express Mount Lawley,Coles Express,ULP,190.9,253 Walcott St,NORTH PERTH,6006,North of River,Metro,189.5,1.4000000000000057,0.0
2022-06-13,Shell Coles Express Mount Lawley,Coles Express,ULP,188.9,253 Walcott St,NORTH PERTH,6006,North of River,Metro,190.5,-1.5999999999999943,-2.0
2022-06-14,Shell Coles Express Mount Lawley,Coles Express,ULP,186.9,253 Walcott St,NORTH PERTH,6006,North of River,Metro,192.7,-5.799999999999983,-2.0
2022-06-15,Shell Coles Express Mount Lawley,Coles Express,ULP,224.9,253 Walcott St,NORTH PERTH,6006,North of River,Metro,193.8,31.099999999999994,38.0
2022-06-16,Shell Coles Express Mount Lawley,Coles Express,ULP,219.9,253 Walcott St,NORTH PERTH,6006,North of River,Metro,195.9,24.0,-5.0
2022-06-17,Shell Coles Express Mount Lawley,Coles Express,ULP,215.9,253 Walcott St,NORTH PERTH,6006,North of River,Metro,197.8,18.099999999999994,-4.0
2022-06-18,Shell Coles Express Mount Lawley,Coles Express,ULP,209.9,253 Walcott St,NORTH PERTH,6006,North of River,Metro,197.8,12.099999999999994,-6.0
2022-06-19,Shell Coles Express Mount Lawley,Coles Express,ULP,209.9,253 Walcott St,NORTH PERTH,6006,North of River,Metro,197.8,12.099999999999994,0.0
2022-06-20,Shell Coles Express Mount Lawley,Coles Express,ULP,209.9,253 Walcott St,NORTH PERTH,6006,North of River,Metro,198.6,11.300000000000011,0.0
2022-06-21,Shell Coles Express Mount Lawley,Coles Express,ULP,198.9,253 Walcott St,NORTH PERTH,6006,North of River,Metro,198.7,0.20000000000001705,-11.0
2022-06-22,Shell Coles Express Mount Lawley,Coles Express,ULP,203.9,253 Walcott St,NORTH PERTH,6006,North of River,Metro,198.8,5.099999999999994,5.0
2022-06-23,Shell Coles Express Mount Lawley,Coles Express,ULP,203.9,253 Walcott St,NORTH PERTH,6006,North of River,Metro,199.1,4.800000000000011,0.0
2022-06-24,Shell Coles Express Mount Lawley,Coles Express,ULP,199.9,253 Walcott St,NORTH PERTH,6006,North of River,Metro,198.7,1.200000000000017,-4.0
2022-06-25,Shell Coles Express Mount Lawley,Coles Express,ULP,199.9,253 Walcott St,NORTH PERTH,6006,North of River,Metro,198.7,1.200000000000017,0.0
2022-06-26,Shell Coles Express Mount Lawley,Coles Express,ULP,198.9,253 Walcott St,NORTH PERTH,6006,North of River,Metro,198.7,0.20000000000001705,-1.0
2022-06-27,Shell Coles Express Mount Lawley,Coles Express,ULP,198.9,253 Walcott St,NORTH PERTH,6006,North of River,Metro,197.9,1.0,0.0
2022-06-28,Shell Coles Express Mount Lawley,Coles Express,ULP,196.9,253 Walcott St,NORTH PERTH,6006,North of River,Metro,198.3,-1.4000000000000057,-2.0
2022-06-29,Shell Coles Express Mount Lawley,Coles Express,ULP,235.9,253 Walcott St,NORTH PERTH,6006,North of River,Metro,198.6,37.30000000000001,39.0
2022-06-30,Shell Coles Express Mount Lawley,Coles Express,ULP,221.9,253 Walcott St,NORTH PERTH,6006,North of River,Metro,198.2,23.700000000000017,-14.0
2022-07-01,Shell Coles Express Mount Lawley,Coles Express,ULP,215.9,253 Walcott St,NORTH PERTH,6006,North of River,Metro,198.6,17.30000000000001,-6.0
2022-07-02,Shell Coles Express Mount Lawley,Coles Express,ULP,205.9,253 Walcott St,NORTH PERTH,6006,North of River,Metro,198.6,7.300000000000011,-10.0
2022-07-03,Shell Coles Express Mount Lawley,Coles Express,ULP,205.9,253 Walcott St,NORTH PERTH,6006,North of River,Metro,198.6,7.300000000000011,0.0
2022-07-04,Shell Coles Express Mount Lawley,Coles Express,ULP,205.9,253 Walcott St,NORTH PERTH,6006,North of River,Metro,197.8,8.099999999999994,0.0
2022-07-05,Shell Coles Express Mount Lawley,Coles Express,ULP,197.9,253 Walcott St,NORTH PERTH,6006,North of River,Metro,196.3,1.5999999999999943,-8.0
2022-07-06,Shell Coles Express Mount Lawley,Coles Express,ULP,235.9,253 Walcott St,NORTH PERTH,6006,North of River,Metro,195.3,40.599999999999994,38.0
2022-07-07,Shell Coles Express Mount Lawley,Coles Express,ULP,215.9,253 Walcott St,NORTH PERTH,6006,North of River,Metro,193.0,22.900000000000006,-20.0
2022-07-08,Shell Coles Express Mount Lawley,Coles Express,ULP,201.9,253 Walcott St,NORTH PERTH,6006,North of River,Metro,189.8,12.099999999999994,-14.0
2022-07-09,Shell Coles Express Mount Lawley,Coles Express,ULP,196.9,253 Walcott St,NORTH PERTH,6006,North of River,Metro,189.8,7.099999999999994,-5.0
2022-07-10,Shell Coles Express Mount Lawley,Coles Express,ULP,194.9,253 Walcott St,NORTH PERTH,6006,North of River,Metro,189.8,5.099999999999994,-2.0
2022-07-11,Shell Coles Express Mount Lawley,Coles Express,ULP,191.9,253 Walcott St,NORTH PERTH,6006,North of River,Metro,183.6,8.300000000000011,-3.0
2022-07-12,Shell Coles Express Mount Lawley,Coles Express,ULP,187.9,253 Walcott St,NORTH PERTH,6006,North of River,Metro,180.5,7.400000000000006,-4.0
2022-07-13,Shell Coles Express Mount Lawley,Coles Express,ULP,219.9,253 Walcott St,NORTH PERTH,6006,North of River,Metro,177.1,42.80000000000001,32.0
2022-07-14,Shell Coles Express Mount Lawley,Coles Express,ULP,209.9,253 Walcott St,NORTH PERTH,6006,North of River,Metro,172.5,37.400000000000006,-10.0
2022-07-15,Shell Coles Express Mount Lawley,Coles Express,ULP,185.9,253 Walcott St,NORTH PERTH,6006,North of River,Metro,169.7,16.200000000000017,-24.0
2022-07-16,Shell Coles Express Mount Lawley,Coles Express,ULP,183.9,253 Walcott St,NORTH PERTH,6006,North of River,Metro,169.7,14.200000000000017,-2.0
2022-07-17,Shell Coles Express Mount Lawley,Coles Express,ULP,183.9,253 Walcott St,NORTH PERTH,6006,North of River,Metro,169.7,14.200000000000017,0.0
2022-07-18,Shell Coles Express Mount Lawley,Coles Express,ULP,179.9,253 Walcott St,NORTH PERTH,6006,North of River,Metro,166.0,13.900000000000006,-4.0
2022-07-19,Shell Coles Express Mount Lawley,Coles Express,ULP,168.9,253 Walcott St,NORTH PERTH,6006,North of River,Metro,163.3,5.599999999999994,-11.0
2022-07-20,Shell Coles Express Mount Lawley,Coles Express,ULP,199.9,253 Walcott St,NORTH PERTH,6006,North of River,Metro,162.4,37.5,31.0
2022-07-21,Shell Coles Express Mount Lawley,Coles Express,ULP,191.9,253 Walcott St,NORTH PERTH,6006,North of River,Metro,161.2,30.700000000000017,-8.0
2022-07-22,Shell Coles Express Mount Lawley,Coles Express,ULP,171.9,253 Walcott St,NORTH PERTH,6006,North of River,Metro,160.7,11.200000000000017,-20.0
2022-07-23,Shell Coles Express Mount Lawley,Coles Express,ULP,165.9,253 Walcott St,NORTH PERTH,6006,North of River,Metro,160.7,5.200000000000017,-6.0
2022-07-24,Shell Coles Express Mount Lawley,Coles Express,ULP,165.9,253 Walcott St,NORTH PERTH,6006,North of River,Metro,160.7,5.200000000000017,0.0
2022-07-25,Shell Coles Express Mount Lawley,Coles Express,ULP,163.9,253 Walcott St,NORTH PERTH,6006,North of River,Metro,159.2,4.700000000000017,-2.0
2022-07-26,Shell Coles Express Mount Lawley,Coles Express,ULP,155.9,253 Walcott St,NORTH PERTH,6006,North of River,Metro,157.9,-2.0,-8.0
2022-07-27,Shell Coles Express Mount Lawley,Coles Express,ULP,199.9,253 Walcott St,NORTH PERTH,6006,North of River,Metro,156.2,43.70000000000002,44.0
2022-07-28,Shell Coles Express Mount Lawley,Coles Express,ULP,187.9,253 Walcott St,NORTH PERTH,6006,North of River,Metro,156.2,31.700000000000017,-12.0
2022-07-29,Shell Coles Express Mount Lawley,Coles Express,ULP,177.9,253 Walcott St,NORTH PERTH,6006,North of River,Metro,156.0,21.900000000000006,-10.0
2022-07-30,Shell Coles Express Mount Lawley,Coles Express,ULP,167.9,253 Walcott St,NORTH PERTH,6006,North of River,Metro,156.0,11.900000000000006,-10.0
2022-07-31,Shell Coles Express Mount Lawley,Coles Express,ULP,165.9,253 Walcott St,NORTH PERTH,6006,North of River,Metro,156.0,9.900000000000006,-2.0
2022-08-01,Shell Coles Express Mount Lawley,Coles Express,ULP,161.9,253 Walcott St,NORTH PERTH,6006,North of River,Metro,156.9,5.0,-4.0
2022-08-02,Shell Coles Express Mount Lawley,Coles Express,ULP,156.9,253 Walcott St,NORTH PERTH,6006,North of River,Metro,159.2,-2.299999999999983,-5.0
2022-08-03,Shell Coles Express Mount Lawley,Coles Express,ULP,199.9,253 Walcott St,NORTH PERTH,6006,North of River,Metro,160.2,39.70000000000002,43.0
2022-08-04,Shell Coles Express Mount Lawley,Coles Express,ULP,189.9,253 Walcott St,NORTH PERTH,6006,North of River,Metro,159.3,30.599999999999994,-10.0
2022-08-05,Shell Coles Express Mount Lawley,Coles Express,ULP,168.9,253 Walcott St,NORTH PERTH,6006,North of River,Metro,158.7,10.200000000000017,-21.0
2022-08-06,Shell Coles Express Mount Lawley,Coles Express,ULP,165.9,253 Walcott St,NORTH PERTH,6006,North of River,Metro,158.7,7.200000000000017,-3.0
2022-08-07,Shell Coles Express Mount Lawley,Coles Express,ULP,163.9,253 Walcott St,NORTH PERTH,6006,North of River,Metro,158.7,5.200000000000017,-2.0
2022-08-08,Shell Coles Express Mount Lawley,Coles Express,ULP,161.9,253 Walcott St,NORTH PERTH,6006,North of River,Metro,157.6,4.300000000000011,-2.0
2022-08-09,Shell Coles Express Mount Lawley,Coles Express,ULP,155.9,253 Walcott St,NORTH PERTH,6006,North of River,Metro,155.0,0.9000000000000057,-6.0
2022-08-10,Shell Coles Express Mount Lawley,Coles Express,ULP,195.9,253 Walcott St,NORTH PERTH,6006,North of River,Metro,153.1,42.80000000000001,40.0
2022-08-11,Shell Coles Express Mount Lawley,Coles Express,ULP,179.9,253 Walcott St,NORTH PERTH,6006,North of River,Metro,152.1,27.80000000000001,-16.0
2022-08-12,Shell Coles Express Mount Lawley,Coles Express,ULP,169.9,253 Walcott St,NORTH PERTH,6006,North of River,Metro,150.4,19.5,-10.0
2022-08-13,Shell Coles Express Mount Lawley,Coles Express,ULP,159.9,253 Walcott St,NORTH PERTH,6006,North of River,Metro,150.4,9.5,-10.0
2022-08-14,Shell Coles Express Mount Lawley,Coles Express,ULP,156.9,253 Walcott St,NORTH PERTH,6006,North of River,Metro,150.4,6.5,-3.0
2022-08-15,Shell Coles Express Mount Lawley,Coles Express,ULP,153.9,253 Walcott St,NORTH PERTH,6006,North of River,Metro,150.2,3.700000000000017,-3.0
2022-08-16,Shell Coles Express Mount Lawley,Coles Express,ULP,142.9,253 Walcott St,NORTH PERTH,6006,North of River,Metro,151.3,-8.400000000000006,-11.0
2022-08-17,Shell Coles Express Mount Lawley,Coles Express,ULP,189.9,253 Walcott St,NORTH PERTH,6006,North of River,Metro,151.3,38.599999999999994,47.0
2022-08-18,Shell Coles Express Mount Lawley,Coles Express,ULP,175.9,253 Walcott St,NORTH PERTH,6006,North of River,Metro,151.1,24.80000000000001,-14.0
2022-08-19,Shell Coles Express Mount Lawley,Coles Express,ULP,165.9,253 Walcott St,NORTH PERTH,6006,North of River,Metro,151.3,14.599999999999994,-10.0
2022-08-20,Shell Coles Express Mount Lawley,Coles Express,ULP,155.9,253 Walcott St,NORTH PERTH,6006,North of River,Metro,151.3,4.599999999999994,-10.0
2022-08-21,Shell Coles Express Mount Lawley,Coles Express,ULP,153.9,253 Walcott St,NORTH PERTH,6006,North of River,Metro,151.3,2.5999999999999943,-2.0
2022-08-22,Shell Coles Express Mount Lawley,Coles Express,ULP,151.9,253 Walcott St,NORTH PERTH,6006,North of River,Metro,151.9,0.0,-2.0
2022-08-23,Shell Coles Express Mount Lawley,Coles Express,ULP,148.9,253 Walcott St,NORTH PERTH,6006,North of River,Metro,152.5,-3.5999999999999943,-3.0
2022-08-24,Shell Coles Express Mount Lawley,Coles Express,ULP,193.9,253 Walcott St,NORTH PERTH,6006,North of River,Metro,153.5,40.400000000000006,45.0
2022-08-25,Shell Coles Express Mount Lawley,Coles Express,ULP,189.9,253 Walcott St,NORTH PERTH,6006,North of River,Metro,154.8,35.099999999999994,-4.0
2022-08-26,Shell Coles Express Mount Lawley,Coles Express,ULP,185.9,253 Walcott St,NORTH PERTH,6006,North of River,Metro,156.2,29.700000000000017,-4.0
2022-08-27,Shell Coles Express Mount Lawley,Coles Express,ULP,169.9,253 Walcott St,NORTH PERTH,6006,North of River,Metro,156.2,13.700000000000017,-16.0
2022-08-28,Shell Coles Express Mount Lawley,Coles Express,ULP,159.9,253 Walcott St,NORTH PERTH,6006,North of River,Metro,156.2,3.700000000000017,-10.0
2022-08-29,Shell Coles Express Mount Lawley,Coles Express,ULP,157.9,253 Walcott St,NORTH PERTH,6006,North of River,Metro,156.8,1.0999999999999943,-2.0
2022-08-30,Shell Coles Express Mount Lawley,Coles Express,ULP,153.9,253 Walcott St,NORTH PERTH,6006,North of River,Metro,156.8,-2.9000000000000057,-4.0
2022-08-31,Shell Coles Express Mount Lawley,Coles Express,ULP,189.9,253 Walcott St,NORTH PERTH,6006,North of River,Metro,156.7,33.20000000000002,36.0
2022-09-01,Shell Coles Express Mount Lawley,Coles Express,ULP,185.9,253 Walcott St,NORTH PERTH,6006,North of River,Metro,156.2,29.700000000000017,-4.0
2022-09-02,Shell Coles Express Mount Lawley,Coles Express,ULP,179.9,253 Walcott St,NORTH PERTH,6006,North of River,Metro,153.9,26.0,-6.0
2022-09-03,Shell Coles Express Mount Lawley,Coles Express,ULP,159.9,253 Walcott St,NORTH PERTH,6006,North of River,Metro,153.9,6.0,-20.0
2022-09-04,Shell Coles Express Mount Lawley,Coles Express,ULP,157.9,253 Walcott St,NORTH PERTH,6006,North of River,Metro,153.9,4.0,-2.0
2022-09-05,Shell Coles Express Mount Lawley,Coles Express,ULP,155.9,253 Walcott St,NORTH PERTH,6006,North of River,Metro,150.8,5.099999999999994,-2.0
2022-09-06,Shell Coles Express Mount Lawley,Coles Express,ULP,149.9,253 Walcott St,NORTH PERTH,6006,North of River,Metro,149.7,0.20000000000001705,-6.0
2022-09-07,Shell Coles Express Mount Lawley,Coles Express,ULP,189.9,253 Walcott St,NORTH PERTH,6006,North of River,Metro,149.0,40.900000000000006,40.0
2022-09-08,Shell Coles Express Mount Lawley,Coles Express,ULP,186.9,253 Walcott St,NORTH PERTH,6006,North of River,Metro,148.5,38.400000000000006,-3.0
2022-09-09,Shell Coles Express Mount Lawley,Coles Express,ULP,183.9,253 Walcott St,NORTH PERTH,6006,North of River,Metro,149.2,34.70000000000002,-3.0
2022-09-10,Shell Coles Express Mount Lawley,Coles Express,ULP,155.9,253 Walcott St,NORTH PERTH,6006,North of River,Metro,149.2,6.700000000000017,-28.0
2022-09-11,Shell Coles Express Mount Lawley,Coles Express,ULP,153.9,253 Walcott St,NORTH PERTH,6006,North of River,Metro,149.2,4.700000000000017,-2.0
2022-09-12,Shell Coles Express Mount Lawley,Coles Express,ULP,151.9,253 Walcott St,NORTH PERTH,6006,North of River,Metro,149.2,2.700000000000017,-2.0
2022-09-13,Shell Coles Express Mount Lawley,Coles Express,ULP,146.9,253 Walcott St,NORTH PERTH,6006,North of River,Metro,149.4,-2.5,-5.0
2022-09-14,Shell Coles Express Mount Lawley,Coles Express,ULP,179.9,253 Walcott St,NORTH PERTH,6006,North of River,Metro,150.0,29.900000000000006,33.0
2022-09-15,Shell Coles Express Mount Lawley,Coles Express,ULP,169.9,253 Walcott St,NORTH PERTH,6006,North of River,Metro,150.1,19.80000000000001,-10.0
2022-09-16,Shell Coles Express Mount Lawley,Coles Express,ULP,159.9,253 Walcott St,NORTH PERTH,6006,North of River,Metro,150.0,9.900000000000006,-10.0
2022-09-17,Shell Coles Express Mount Lawley,Coles Express,ULP,155.9,253 Walcott St,NORTH PERTH,6006,North of River,Metro,150.0,5.900000000000006,-4.0
2022-09-18,Shell Coles Express Mount Lawley,Coles Express,ULP,152.9,253 Walcott St,NORTH PERTH,6006,North of River,Metro,150.0,2.9000000000000057,-3.0
2022-09-19,Shell Coles Express Mount Lawley,Coles Express,ULP,151.9,253 Walcott St,NORTH PERTH,6006,North of River,Metro,150.3,1.5999999999999943,-1.0
2022-09-20,Shell Coles Express Mount Lawley,Coles Express,ULP,145.9,253 Walcott St,NORTH PERTH,6006,North of River,Metro,148.6,-2.6999999999999886,-6.0
2022-09-21,Shell Coles Express Mount Lawley,Coles Express,ULP,179.9,253 Walcott St,NORTH PERTH,6006,North of River,Metro,146.8,33.099999999999994,34.0
2022-09-22,Shell Coles Express Mount Lawley,Coles Express,ULP,169.9,253 Walcott St,NORTH PERTH,6006,North of River,Metro,145.8,24.099999999999994,-10.0
2022-09-23,Shell Coles Express Mount Lawley,Coles Express,ULP,158.9,253 Walcott St,NORTH PERTH,6006,North of River,Metro,145.2,13.700000000000017,-11.0
2022-09-24,Shell Coles Express Mount Lawley,Coles Express,ULP,153.9,253 Walcott St,NORTH PERTH,6006,North of River,Metro,145.2,8.700000000000017,-5.0
2022-09-25,Shell Coles Express Mount Lawley,Coles Express,ULP,149.9,253 Walcott St,NORTH PERTH,6006,North of River,Metro,145.2,4.700000000000017,-4.0
2022-09-26,Shell Coles Express Mount Lawley,Coles Express,ULP,147.9,253 Walcott St,NORTH PERTH,6006,North of River,Metro,144.0,3.9000000000000057,-2.0
2022-09-27,Shell Coles Express Mount Lawley,Coles Express,ULP,139.9,253 Walcott St,NORTH PERTH,6006,North of River,Metro,143.6,-3.6999999999999886,-8.0
2022-09-28,Shell Coles Express Mount Lawley,Coles Express,ULP,179.9,253 Walcott St,NORTH PERTH,6006,North of River,Metro,149.4,30.5,40.0
2022-09-29,Shell Coles Express Mount Lawley,Coles Express,ULP,179.9,253 Walcott St,NORTH PERTH,6006,North of River,Metro,168.0,11.900000000000006,0.0
2022-09-30,Shell Coles Express Mount Lawley,Coles Express,ULP,179.9,253 Walcott St,NORTH PERTH,6006,North of River,Metro,168.0,11.900000000000006,0.0
2022-10-01,Shell Coles Express Mount Lawley,Coles Express,ULP,176.9,253 Walcott St,NORTH PERTH,6006,North of River,Metro,168.0,8.900000000000006,-3.0
2022-10-02,Shell Coles Express Mount Lawley,Coles Express,ULP,169.9,253 Walcott St,NORTH PERTH,6006,North of River,Metro,168.0,1.9000000000000057,-7.0
2022-10-03,Shell Coles Express Mount Lawley,Coles Express,ULP,167.9,253 Walcott St,NORTH PERTH,6006,North of River,Metro,167.2,0.700000000000017,-2.0
2022-10-04,Shell Coles Express Mount Lawley,Coles Express,ULP,162.9,253 Walcott St,NORTH PERTH,6006,North of River,Metro,167.8,-4.900000000000006,-5.0
2022-10-05,Shell Coles Express Mount Lawley,Coles Express,ULP,189.9,253 Walcott St,NORTH PERTH,6006,North of River,Metro,168.4,21.5,27.0
2022-10-06,Shell Coles Express Mount Lawley,Coles Express,ULP,185.9,253 Walcott St,NORTH PERTH,6006,North of River,Metro,168.2,17.700000000000017,-4.0
2022-10-07,Shell Coles Express Mount Lawley,Coles Express,ULP,183.9,253 Walcott St,NORTH PERTH,6006,North of River,Metro,168.8,15.099999999999994,-2.0
2022-10-08,Shell Coles Express Mount Lawley,Coles Express,ULP,175.9,253 Walcott St,NORTH PERTH,6006,North of River,Metro,168.8,7.099999999999994,-8.0
2022-10-09,Shell Coles Express Mount Lawley,Coles Express,ULP,169.9,253 Walcott St,NORTH PERTH,6006,North of River,Metro,168.8,1.0999999999999943,-6.0
2022-10-10,Shell Coles Express Mount Lawley,Coles Express,ULP,168.9,253 Walcott St,NORTH PERTH,6006,North of River,Metro,169.2,-0.29999999999998295,-1.0
2022-10-11,Shell Coles Express Mount Lawley,Coles Express,ULP,165.9,253 Walcott St,NORTH PERTH,6006,North of River,Metro,170.0,-4.099999999999994,-3.0
2022-10-12,Shell Coles Express Mount Lawley,Coles Express,ULP,199.9,253 Walcott St,NORTH PERTH,6006,North of River,Metro,171.0,28.900000000000006,34.0
2022-10-13,Shell Coles Express Mount Lawley,Coles Express,ULP,185.9,253 Walcott St,NORTH PERTH,6006,North of River,Metro,171.9,14.0,-14.0
2022-10-14,Shell Coles Express Mount Lawley,Coles Express,ULP,179.9,253 Walcott St,NORTH PERTH,6006,North of River,Metro,173.1,6.800000000000011,-6.0
2022-10-15,Shell Coles Express Mount Lawley,Coles Express,ULP,176.9,253 Walcott St,NORTH PERTH,6006,North of River,Metro,173.1,3.8000000000000114,-3.0
2022-10-16,Shell Coles Express Mount Lawley,Coles Express,ULP,175.9,253 Walcott St,NORTH PERTH,6006,North of River,Metro,173.1,2.8000000000000114,-1.0
2022-10-17,Shell Coles Express Mount Lawley,Coles Express,ULP,173.9,253 Walcott St,NORTH PERTH,6006,North of River,Metro,173.1,0.8000000000000114,-2.0
2022-10-18,Shell Coles Express Mount Lawley,Coles Express,ULP,169.9,253 Walcott St,NORTH PERTH,6006,North of River,Metro,174.0,-4.099999999999994,-4.0
2022-10-19,Shell Coles Express Mount Lawley,Coles Express,ULP,209.9,253 Walcott St,NORTH PERTH,6006,North of River,Metro,174.0,35.900000000000006,40.0
2022-10-20,Shell Coles Express Mount Lawley,Coles Express,ULP,199.9,253 Walcott St,NORTH PERTH,6006,North of River,Metro,173.8,26.099999999999994,-10.0
2022-10-21,Shell Coles Express Mount Lawley,Coles Express,ULP,196.9,253 Walcott St,NORTH PERTH,6006,North of River,Metro,173.4,23.5,-3.0
2022-10-22,Shell Coles Express Mount Lawley,Coles Express,ULP,176.9,253 Walcott St,NORTH PERTH,6006,North of River,Metro,173.4,3.5,-20.0
2022-10-23,Shell Coles Express Mount Lawley,Coles Express,ULP,175.9,253 Walcott St,NORTH PERTH,6006,North of River,Metro,173.4,2.5,-1.0
2022-10-24,Shell Coles Express Mount Lawley,Coles Express,ULP,173.9,253 Walcott St,NORTH PERTH,6006,North of River,Metro,173.7,0.20000000000001705,-2.0
2022-10-25,Shell Coles Express Mount Lawley,Coles Express,ULP,168.9,253 Walcott St,NORTH PERTH,6006,North of River,Metro,173.9,-5.0,-5.0
2022-10-26,Shell Coles Express Mount Lawley,Coles Express,ULP,199.9,253 Walcott St,NORTH PERTH,6006,North of River,Metro,173.7,26.200000000000017,31.0
2022-10-27,Shell Coles Express Mount Lawley,Coles Express,ULP,189.9,253 Walcott St,NORTH PERTH,6006,North of River,Metro,173.8,16.099999999999994,-10.0
2022-10-28,Shell Coles Express Mount Lawley,Coles Express,ULP,183.9,253 Walcott St,NORTH PERTH,6006,North of River,Metro,173.6,10.300000000000011,-6.0
2022-10-29,Shell Coles Express Mount Lawley,Coles Express,ULP,176.9,253 Walcott St,NORTH PERTH,6006,North of River,Metro,173.6,3.3000000000000114,-7.0
2022-10-30,Shell Coles Express Mount Lawley,Coles Express,ULP,175.9,253 Walcott St,NORTH PERTH,6006,North of River,Metro,173.6,2.3000000000000114,-1.0
2022-10-31,Shell Coles Express Mount Lawley,Coles Express,ULP,173.9,253 Walcott St,NORTH PERTH,6006,North of River,Metro,172.7,1.200000000000017,-2.0
2022-11-01,Shell Coles Express Mount Lawley,Coles Express,ULP,168.9,253 Walcott St,NORTH PERTH,6006,North of River,Metro,172.0,-3.0999999999999943,-5.0
2022-11-02,Shell Coles Express Mount Lawley,Coles Express,ULP,209.9,253 Walcott St,NORTH PERTH,6006,North of River,Metro,171.6,38.30000000000001,41.0
2022-11-03,Shell Coles Express Mount Lawley,Coles Express,ULP,199.9,253 Walcott St,NORTH PERTH,6006,North of River,Metro,171.5,28.400000000000006,-10.0
2022-11-04,Shell Coles Express Mount Lawley,Coles Express,ULP,185.9,253 Walcott St,NORTH PERTH,6006,North of River,Metro,172.0,13.900000000000006,-14.0
2022-11-05,Shell Coles Express Mount Lawley,Coles Express,ULP,178.9,253 Walcott St,NORTH PERTH,6006,North of River,Metro,172.0,6.900000000000006,-7.0
2022-11-06,Shell Coles Express Mount Lawley,Coles Express,ULP,175.9,253 Walcott St,NORTH PERTH,6006,North of River,Metro,172.0,3.9000000000000057,-3.0
2022-11-07,Shell Coles Express Mount Lawley,Coles Express,ULP,173.9,253 Walcott St,NORTH PERTH,6006,North of River,Metro,172.9,1.0,-2.0
2022-11-08,Shell Coles Express Mount Lawley,Coles Express,ULP,168.9,253 Walcott St,NORTH PERTH,6006,North of River,Metro,175.2,-6.299999999999983,-5.0
2022-11-09,Shell Coles Express Mount Lawley,Coles Express,ULP,209.9,253 Walcott St,NORTH PERTH,6006,North of River,Metro,177.6,32.30000000000001,41.0
2022-11-10,Shell Coles Express Mount Lawley,Coles Express,ULP,189.9,253 Walcott St,NORTH PERTH,6006,North of River,Metro,179.0,10.900000000000006,-20.0
2022-11-11,Shell Coles Express Mount Lawley,Coles Express,ULP,185.9,253 Walcott St,NORTH PERTH,6006,North of River,Metro,179.4,6.5,-4.0
2022-11-12,Shell Coles Express Mount Lawley,Coles Express,ULP,183.9,253 Walcott St,NORTH PERTH,6006,North of River,Metro,179.4,4.5,-2.0
2022-11-13,Shell Coles Express Mount Lawley,Coles Express,ULP,179.9,253 Walcott St,NORTH PERTH,6006,North of River,Metro,179.4,0.5,-4.0
2022-11-14,Shell Coles Express Mount Lawley,Coles Express,ULP,178.9,253 Walcott St,NORTH PERTH,6006,North of River,Metro,179.2,-0.29999999999998295,-1.0
2022-11-15,Shell Coles Express Mount Lawley,Coles Express,ULP,175.9,253 Walcott St,NORTH PERTH,6006,North of River,Metro,177.9,-2.0,-3.0
2022-11-16,Shell Coles Express Mount Lawley,Coles Express,ULP,214.9,253 Walcott St,NORTH PERTH,6006,North of River,Metro,177.1,37.80000000000001,39.0
2022-11-17,Shell Coles Express Mount Lawley,Coles Express,ULP,199.9,253 Walcott St,NORTH PERTH,6006,North of River,Metro,175.5,24.400000000000006,-15.0
2022-11-18,Shell Coles Express Mount Lawley,Coles Express,ULP,185.9,253 Walcott St,NORTH PERTH,6006,North of River,Metro,174.3,11.599999999999994,-14.0
2022-11-19,Shell Coles Express Mount Lawley,Coles Express,ULP,178.9,253 Walcott St,NORTH PERTH,6006,North of River,Metro,174.3,4.599999999999994,-7.0
2022-11-20,Shell Coles Express Mount Lawley,Coles Express,ULP,176.9,253 Walcott St,NORTH PERTH,6006,North of River,Metro,174.3,2.5999999999999943,-2.0
2022-11-21,Shell Coles Express Mount Lawley,Coles Express,ULP,173.9,253 Walcott St,NORTH PERTH,6006,North of River,Metro,173.4,0.5,-3.0
2022-11-22,Shell Coles Express Mount Lawley,Coles Express,ULP,167.9,253 Walcott St,NORTH PERTH,6006,North of River,Metro,172.3,-4.400000000000006,-6.0
2022-11-23,Shell Coles Express Mount Lawley,Coles Express,ULP,199.9,253 Walcott St,NORTH PERTH,6006,North of River,Metro,171.4,28.5,32.0
2022-11-24,Shell Coles Express Mount Lawley,Coles Express,ULP,189.9,253 Walcott St,NORTH PERTH,6006,North of River,Metro,170.9,19.0,-10.0
2022-11-25,Shell Coles Express Mount Lawley,Coles Express,ULP,183.9,253 Walcott St,NORTH PERTH,6006,North of River,Metro,170.4,13.5,-6.0
2022-11-26,Shell Coles Express Mount Lawley,Coles Express,ULP,178.9,253 Walcott St,NORTH PERTH,6006,North of River,Metro,170.4,8.5,-5.0
2022-11-27,Shell Coles Express Mount Lawley,Coles Express,ULP,173.9,253 Walcott St,NORTH PERTH,6006,North of River,Metro,170.4,3.5,-5.0
2022-11-28,Shell Coles Express Mount Lawley,Coles Express,ULP,169.9,253 Walcott St,NORTH PERTH,6006,North of River,Metro,169.5,0.4000000000000057,-4.0
2022-11-29,Shell Coles Express Mount Lawley,Coles Express,ULP,163.9,253 Walcott St,NORTH PERTH,6006,North of River,Metro,168.7,-4.799999999999983,-6.0
2022-11-30,Shell Coles Express Mount Lawley,Coles Express,ULP,209.9,253 Walcott St,NORTH PERTH,6006,North of River,Metro,167.1,42.80000000000001,46.0
2022-12-01,Shell Coles Express Mount Lawley,Coles Express,ULP,189.9,253 Walcott St,NORTH PERTH,6006,North of River,Metro,165.8,24.099999999999994,-20.0
2022-12-02,Shell Coles Express Mount Lawley,Coles Express,ULP,179.9,253 Walcott St,NORTH PERTH,6006,North of River,Metro,164.4,15.5,-10.0
2022-12-03,Shell Coles Express Mount Lawley,Coles Express,ULP,169.9,253 Walcott St,NORTH PERTH,6006,North of River,Metro,164.4,5.5,-10.0
2022-12-04,Shell Coles Express Mount Lawley,Coles Express,ULP,167.9,253 Walcott St,NORTH PERTH,6006,North of River,Metro,164.4,3.5,-2.0
2022-12-05,Shell Coles Express Mount Lawley,Coles Express,ULP,165.9,253 Walcott St,NORTH PERTH,6006,North of River,Metro,163.6,2.3000000000000114,-2.0
2022-12-06,Shell Coles Express Mount Lawley,Coles Express,ULP,158.9,253 Walcott St,NORTH PERTH,6006,North of River,Metro,162.8,-3.9000000000000057,-7.0
2022-12-07,Shell Coles Express Mount Lawley,Coles Express,ULP,199.9,253 Walcott St,NORTH PERTH,6006,North of River,Metro,162.7,37.20000000000002,41.0
2022-12-08,Shell Coles Express Mount Lawley,Coles Express,ULP,189.9,253 Walcott St,NORTH PERTH,6006,North of River,Metro,162.3,27.599999999999994,-10.0
2022-12-09,Shell Coles Express Mount Lawley,Coles Express,ULP,169.9,253 Walcott St,NORTH PERTH,6006,North of River,Metro,161.8,8.099999999999994,-20.0
2022-12-10,Shell Coles Express Mount Lawley,Coles Express,ULP,165.9,253 Walcott St,NORTH PERTH,6006,North of River,Metro,161.8,4.099999999999994,-4.0
2022-12-11,Shell Coles Express Mount Lawley,Coles Express,ULP,163.9,253 Walcott St,NORTH PERTH,6006,North of River,Metro,161.8,2.0999999999999943,-2.0
2022-12-12,Shell Coles Express Mount Lawley,Coles Express,ULP,161.9,253 Walcott St,NORTH PERTH,6006,North of River,Metro,160.7,1.200000000000017,-2.0
2022-12-13,Shell Coles Express Mount Lawley,Coles Express,ULP,153.9,253 Walcott St,NORTH PERTH,6006,North of River,Metro,159.4,-5.5,-8.0
2022-12-14,Shell Coles Express Mount Lawley,Coles Express,ULP,199.9,253 Walcott St,NORTH PERTH,6006,North of River,Metro,157.7,42.20000000000002,46.0
2022-12-15,Shell Coles Express Mount Lawley,Coles Express,ULP,183.9,253 Walcott St,NORTH PERTH,6006,North of River,Metro,157.4,26.5,-16.0
2022-12-16,Shell Coles Express Mount Lawley,Coles Express,ULP,169.9,253 Walcott St,NORTH PERTH,6006,North of River,Metro,157.3,12.599999999999994,-14.0
2022-12-17,Shell Coles Express Mount Lawley,Coles Express,ULP,163.9,253 Walcott St,NORTH PERTH,6006,North of River,Metro,157.3,6.599999999999994,-6.0
2022-12-18,Shell Coles Express Mount Lawley,Coles Express,ULP,159.9,253 Walcott St,NORTH PERTH,6006,North of River,Metro,157.3,2.5999999999999943,-4.0
2022-12-19,Shell Coles Express Mount Lawley,Coles Express,ULP,156.9,253 Walcott St,NORTH PERTH,6006,North of River,Metro,157.5,-0.5999999999999943,-3.0
2022-12-20,Shell Coles Express Mount Lawley,Coles Express,ULP,151.9,253 Walcott St,NORTH PERTH,6006,North of River,Metro,158.3,-6.400000000000006,-5.0
2022-12-21,Shell Coles Express Mount Lawley,Coles Express,ULP,189.9,253 Walcott St,NORTH PERTH,6006,North of River,Metro,158.8,31.099999999999994,38.0
2022-12-22,Shell Coles Express Mount Lawley,Coles Express,ULP,179.9,253 Walcott St,NORTH PERTH,6006,North of River,Metro,159.3,20.599999999999994,-10.0
2022-12-23,Shell Coles Express Mount Lawley,Coles Express,ULP,163.9,253 Walcott St,NORTH PERTH,6006,North of River,Metro,159.6,4.300000000000011,-16.0
2022-12-24,Shell Coles Express Mount Lawley,Coles Express,ULP,161.9,253 Walcott St,NORTH PERTH,6006,North of River,Metro,159.6,2.3000000000000114,-2.0
2022-12-25,Shell Coles Express Mount Lawley,Coles Express,ULP,161.9,253 Walcott St,NORTH PERTH,6006,North of River,Metro,159.6,2.3000000000000114,0.0
2022-12-26,Shell Coles Express Mount Lawley,Coles Express,ULP,160.9,253 Walcott St,NORTH PERTH,6006,North of River,Metro,160.0,0.9000000000000057,-1.0
2022-12-27,Shell Coles Express Mount Lawley,Coles Express,ULP,159.9,253 Walcott St,NORTH PERTH,6006,North of River,Metro,160.2,-0.29999999999998295,-1.0
2022-12-28,Shell Coles Express Mount Lawley,Coles Express,ULP,195.9,253 Walcott St,NORTH PERTH,6006,North of River,Metro,161.9,34.0,36.0
2022-12-29,Shell Coles Express Mount Lawley,Coles Express,ULP,189.9,253 Walcott St,NORTH PERTH,6006,North of River,Metro,162.3,27.599999999999994,-6.0
2022-12-30,Shell Coles Express Mount Lawley,Coles Express,ULP,183.9,253 Walcott St,NORTH PERTH,6006,North of River,Metro,164.1,19.80000000000001,-6.0
2022-12-31,Shell Coles Express Mount Lawley,Coles Express,ULP,169.9,253 Walcott St,NORTH PERTH,6006,North of River,Metro,148.1,21.80000000000001,-14.0
2022-01-01,Shell Coles Express Perth,Coles Express,ULP,173.9,480 William St,PERTH,6000,North of River,Metro,148.1,25.80000000000001,
2022-01-02,Shell Coles Express Perth,Coles Express,ULP,171.9,480 William St,PERTH,6000,North of River,Metro,148.1,23.80000000000001,-2.0
2022-01-03,Shell Coles Express Perth,Coles Express,ULP,171.9,480 William St,PERTH,6000,North of River,Metro,149.2,22.700000000000017,0.0
2022-01-04,Shell Coles Express Perth,Coles Express,ULP,169.9,480 William St,PERTH,6000,North of River,Metro,149.4,20.5,-2.0
2022-01-05,Shell Coles Express Perth,Coles Express,ULP,163.9,480 William St,PERTH,6000,North of River,Metro,150.0,13.900000000000006,-6.0
2022-01-06,Shell Coles Express Perth,Coles Express,ULP,159.9,480 William St,PERTH,6000,North of River,Metro,150.4,9.5,-4.0
2022-01-07,Shell Coles Express Perth,Coles Express,ULP,156.9,480 William St,PERTH,6000,North of River,Metro,150.7,6.200000000000017,-3.0
2022-01-08,Shell Coles Express Perth,Coles Express,ULP,155.9,480 William St,PERTH,6000,North of River,Metro,150.7,5.200000000000017,-1.0
2022-01-09,Shell Coles Express Perth,Coles Express,ULP,155.9,480 William St,PERTH,6000,North of River,Metro,150.7,5.200000000000017,0.0
2022-01-10,Shell Coles Express Perth,Coles Express,ULP,153.9,480 William St,PERTH,6000,North of River,Metro,151.0,2.9000000000000057,-2.0
2022-01-11,Shell Coles Express Perth,Coles Express,ULP,152.9,480 William St,PERTH,6000,North of River,Metro,151.4,1.5,-1.0
2022-01-12,Shell Coles Express Perth,Coles Express,ULP,189.9,480 William St,PERTH,6000,North of River,Metro,151.8,38.099999999999994,37.0
2022-01-13,Shell Coles Express Perth,Coles Express,ULP,187.9,480 William St,PERTH,6000,North of River,Metro,152.1,35.80000000000001,-2.0
2022-01-14,Shell Coles Express Perth,Coles Express,ULP,184.9,480 William St,PERTH,6000,North of River,Metro,152.6,32.30000000000001,-3.0
2022-01-15,Shell Coles Express Perth,Coles Express,ULP,179.9,480 William St,PERTH,6000,North of River,Metro,152.6,27.30000000000001,-5.0
2022-01-16,Shell Coles Express Perth,Coles Express,ULP,175.9,480 William St,PERTH,6000,North of River,Metro,152.6,23.30000000000001,-4.0
2022-01-17,Shell Coles Express Perth,Coles Express,ULP,174.9,480 William St,PERTH,6000,North of River,Metro,153.0,21.900000000000006,-1.0
2022-01-18,Shell Coles Express Perth,Coles Express,ULP,171.9,480 William St,PERTH,6000,North of River,Metro,153.4,18.5,-3.0
2022-01-19,Shell Coles Express Perth,Coles Express,ULP,165.9,480 William St,PERTH,6000,North of River,Metro,154.3,11.599999999999994,-6.0
2022-01-20,Shell Coles Express Perth,Coles Express,ULP,162.9,480 William St,PERTH,6000,North of River,Metro,155.0,7.900000000000006,-3.0
2022-01-21,Shell Coles Express Perth,Coles Express,ULP,158.9,480 William St,PERTH,6000,North of River,Metro,155.9,3.0,-4.0
2022-01-22,Shell Coles Express Perth,Coles Express,ULP,156.9,480 William St,PERTH,6000,North of River,Metro,155.9,1.0,-2.0
2022-01-23,Shell Coles Express Perth,Coles Express,ULP,156.9,480 William St,PERTH,6000,North of River,Metro,155.9,1.0,0.0
2022-01-24,Shell Coles Express Perth,Coles Express,ULP,156.9,480 William St,PERTH,6000,North of River,Metro,156.7,0.20000000000001705,0.0
2022-01-25,Shell Coles Express Perth,Coles Express,ULP,156.9,480 William St,PERTH,6000,North of River,Metro,157.0,-0.09999999999999432,0.0
2022-01-26,Shell Coles Express Perth,Coles Express,ULP,191.9,480 William St,PERTH,6000,North of River,Metro,157.4,34.5,35.0
2022-01-27,Shell Coles Express Perth,Coles Express,ULP,190.9,480 William St,PERTH,6000,North of River,Metro,157.6,33.30000000000001,-1.0
2022-01-28,Shell Coles Express Perth,Coles Express,ULP,187.9,480 William St,PERTH,6000,North of River,Metro,158.5,29.400000000000006,-3.0
2022-01-29,Shell Coles Express Perth,Coles Express,ULP,182.9,480 William St,PERTH,6000,North of River,Metro,158.5,24.400000000000006,-5.0
2022-01-30,Shell Coles Express Perth,Coles Express,ULP,181.9,480 William St,PERTH,6000,North of River,Metro,158.5,23.400000000000006,-1.0
2022-01-31,Shell Coles Express Perth,Coles Express,ULP,179.9,480 William St,PERTH,6000,North of River,Metro,160.0,19.900000000000006,-2.0
2022-02-01,Shell Coles Express Perth,Coles Express,ULP,175.9,480 William St,PERTH,6000,North of River,Metro,162.1,13.800000000000011,-4.0
2022-02-02,Shell Coles Express Perth,Coles Express,ULP,173.9,480 William St,PERTH,6000,North of River,Metro,163.3,10.599999999999994,-2.0
2022-02-03,Shell Coles Express Perth,Coles Express,ULP,172.9,480 William St,PERTH,6000,North of River,Metro,164.1,8.800000000000011,-1.0
2022-02-04,Shell Coles Express Perth,Coles Express,ULP,168.9,480 William St,PERTH,6000,North of River,Metro,164.7,4.200000000000017,-4.0
2022-02-05,Shell Coles Express Perth,Coles Express,ULP,166.9,480 William St,PERTH,6000,North of River,Metro,164.7,2.200000000000017,-2.0
2022-02-06,Shell Coles Express Perth,Coles Express,ULP,166.9,480 William St,PERTH,6000,North of River,Metro,164.7,2.200000000000017,0.0
2022-02-07,Shell Coles Express Perth,Coles Express,ULP,166.9,480 William St,PERTH,6000,North of River,Metro,165.3,1.5999999999999943,0.0
2022-02-08,Shell Coles Express Perth,Coles Express,ULP,165.9,480 William St,PERTH,6000,North of River,Metro,166.1,-0.19999999999998863,-1.0
2022-02-09,Shell Coles Express Perth,Coles Express,ULP,195.9,480 William St,PERTH,6000,North of River,Metro,166.5,29.400000000000006,30.0
2022-02-10,Shell Coles Express Perth,Coles Express,ULP,195.9,480 William St,PERTH,6000,North of River,Metro,166.6,29.30000000000001,0.0
2022-02-11,Shell Coles Express Perth,Coles Express,ULP,193.9,480 William St,PERTH,6000,North of River,Metro,166.8,27.099999999999994,-2.0
2022-02-12,Shell Coles Express Perth,Coles Express,ULP,189.9,480 William St,PERTH,6000,North of River,Metro,166.8,23.099999999999994,-4.0
2022-02-13,Shell Coles Express Perth,Coles Express,ULP,187.9,480 William St,PERTH,6000,North of River,Metro,166.8,21.099999999999994,-2.0
2022-02-14,Shell Coles Express Perth,Coles Express,ULP,185.9,480 William St,PERTH,6000,North of River,Metro,167.2,18.700000000000017,-2.0
2022-02-15,Shell Coles Express Perth,Coles Express,ULP,179.9,480 William St,PERTH,6000,North of River,Metro,167.8,12.099999999999994,-6.0
2022-02-16,Shell Coles Express Perth,Coles Express,ULP,178.9,480 William St,PERTH,6000,North of River,Metro,168.7,10.200000000000017,-1.0
2022-02-17,Shell Coles Express Perth,Coles Express,ULP,174.9,480 William St,PERTH,6000,North of River,Metro,169.6,5.300000000000011,-4.0
2022-02-18,Shell Coles Express Perth,Coles Express,ULP,174.9,480 William St,PERTH,6000,North of River,Metro,170.2,4.700000000000017,0.0
2022-02-19,Shell Coles Express Perth,Coles Express,ULP,172.9,480 William St,PERTH,6000,North of River,Metro,170.2,2.700000000000017,-2.0
2022-02-20,Shell Coles Express Perth,Coles Express,ULP,171.9,480 William St,PERTH,6000,North of River,Metro,170.2,1.700000000000017,-1.0
2022-02-21,Shell Coles Express Perth,Coles Express,ULP,171.9,480 William St,PERTH,6000,North of River,Metro,170.0,1.9000000000000057,0.0
2022-02-22,Shell Coles Express Perth,Coles Express,ULP,171.9,480 William St,PERTH,6000,North of River,Metro,169.8,2.0999999999999943,0.0
2022-02-23,Shell Coles Express Perth,Coles Express,ULP,205.9,480 William St,PERTH,6000,North of River,Metro,169.4,36.5,34.0
2022-02-24,Shell Coles Express Perth,Coles Express,ULP,201.9,480 William St,PERTH,6000,North of River,Metro,169.6,32.30000000000001,-4.0
2022-02-25,Shell Coles Express Perth,Coles Express,ULP,199.9,480 William St,PERTH,6000,North of River,Metro,169.6,30.30000000000001,-2.0
2022-02-26,Shell Coles Express Perth,Coles Express,ULP,195.9,480 William St,PERTH,6000,North of River,Metro,169.6,26.30000000000001,-4.0
2022-02-27,Shell Coles Express Perth,Coles Express,ULP,195.9,480 William St,PERTH,6000,North of River,Metro,169.6,26.30000000000001,0.0
2022-02-28,Shell Coles Express Perth,Coles Express,ULP,189.9,480 William St,PERTH,6000,North of River,Metro,171.0,18.900000000000006,-6.0
2022-03-01,Shell Coles Express Perth,Coles Express,ULP,189.9,480 William St,PERTH,6000,North of River,Metro,172.4,17.5,0.0
2022-03-02,Shell Coles Express Perth,Coles Express,ULP,187.9,480 William St,PERTH,6000,North of River,Metro,173.3,14.599999999999994,-2.0
2022-03-03,Shell Coles Express Perth,Coles Express,ULP,185.9,480 William St,PERTH,6000,North of River,Metro,174.4,11.5,-2.0
2022-03-04,Shell Coles Express Perth,Coles Express,ULP,183.9,480 William St,PERTH,6000,North of River,Metro,177.7,6.200000000000017,-2.0
2022-03-05,Shell Coles Express Perth,Coles Express,ULP,182.9,480 William St,PERTH,6000,North of River,Metro,177.7,5.200000000000017,-1.0
2022-03-06,Shell Coles Express Perth,Coles Express,ULP,181.9,480 William St,PERTH,6000,North of River,Metro,177.7,4.200000000000017,-1.0
2022-03-07,Shell Coles Express Perth,Coles Express,ULP,181.9,480 William St,PERTH,6000,North of River,Metro,178.8,3.0999999999999943,0.0
2022-03-08,Shell Coles Express Perth,Coles Express,ULP,178.9,480 William St,PERTH,6000,North of River,Metro,183.5,-4.599999999999994,-3.0
2022-03-09,Shell Coles Express Perth,Coles Express,ULP,219.9,480 William St,PERTH,6000,North of River,Metro,187.0,32.900000000000006,41.0
2022-03-10,Shell Coles Express Perth,Coles Express,ULP,219.9,480 William St,PERTH,6000,North of River,Metro,192.0,27.900000000000006,0.0
2022-03-11,Shell Coles Express Perth,Coles Express,ULP,217.9,480 William St,PERTH,6000,North of River,Metro,196.4,21.5,-2.0
2022-03-12,Shell Coles Express Perth,Coles Express,ULP,215.9,480 William St,PERTH,6000,North of River,Metro,196.4,19.5,-2.0
2022-03-13,Shell Coles Express Perth,Coles Express,ULP,215.9,480 William St,PERTH,6000,North of River,Metro,196.4,19.5,0.0
2022-03-14,Shell Coles Express Perth,Coles Express,ULP,211.9,480 William St,PERTH,6000,North of River,Metro,198.0,13.900000000000006,-4.0
2022-03-15,Shell Coles Express Perth,Coles Express,ULP,209.9,480 William St,PERTH,6000,North of River,Metro,197.8,12.099999999999994,-2.0
2022-03-16,Shell Coles Express Perth,Coles Express,ULP,206.9,480 William St,PERTH,6000,North of River,Metro,195.8,11.099999999999994,-3.0
2022-03-17,Shell Coles Express Perth,Coles Express,ULP,204.9,480 William St,PERTH,6000,North of River,Metro,193.5,11.400000000000006,-2.0
2022-03-18,Shell Coles Express Perth,Coles Express,ULP,200.9,480 William St,PERTH,6000,North of River,Metro,188.0,12.900000000000006,-4.0
2022-03-19,Shell Coles Express Perth,Coles Express,ULP,198.9,480 William St,PERTH,6000,North of River,Metro,188.0,10.900000000000006,-2.0
2022-03-20,Shell Coles Express Perth,Coles Express,ULP,195.9,480 William St,PERTH,6000,North of River,Metro,188.0,7.900000000000006,-3.0
2022-03-21,Shell Coles Express Perth,Coles Express,ULP,193.9,480 William St,PERTH,6000,North of River,Metro,186.7,7.200000000000017,-2.0
2022-03-22,Shell Coles Express Perth,Coles Express,ULP,190.9,480 William St,PERTH,6000,North of River,Metro,185.1,5.800000000000011,-3.0
2022-03-23,Shell Coles Express Perth,Coles Express,ULP,219.9,480 William St,PERTH,6000,North of River,Metro,185.1,34.80000000000001,29.0
2022-03-24,Shell Coles Express Perth,Coles Express,ULP,217.9,480 William St,PERTH,6000,North of River,Metro,186.3,31.599999999999994,-2.0
2022-03-25,Shell Coles Express Perth,Coles Express,ULP,213.9,480 William St,PERTH,6000,North of River,Metro,187.2,26.700000000000017,-4.0
2022-03-26,Shell Coles Express Perth,Coles Express,ULP,209.9,480 William St,PERTH,6000,North of River,Metro,187.2,22.700000000000017,-4.0
2022-03-27,Shell Coles Express Perth,Coles Express,ULP,207.9,480 William St,PERTH,6000,North of River,Metro,187.2,20.700000000000017,-2.0
2022-03-28,Shell Coles Express Perth,Coles Express,ULP,204.9,480 William St,PERTH,6000,North of River,Metro,188.2,16.700000000000017,-3.0
2022-03-29,Shell Coles Express Perth,Coles Express,ULP,201.9,480 William St,PERTH,6000,North of River,Metro,187.8,14.099999999999994,-3.0
2022-03-30,Shell Coles Express Perth,Coles Express,ULP,199.9,480 William St,PERTH,6000,North of River,Metro,174.9,25.0,-2.0
2022-03-31,Shell Coles Express Perth,Coles Express,ULP,187.9,480 William St,PERTH,6000,North of River,Metro,161.4,26.5,-12.0
2022-04-01,Shell Coles Express Perth,Coles Express,ULP,183.9,480 William St,PERTH,6000,North of River,Metro,160.0,23.900000000000006,-4.0
2022-04-02,Shell Coles Express Perth,Coles Express,ULP,181.9,480 William St,PERTH,6000,North of River,Metro,160.0,21.900000000000006,-2.0
2022-04-03,Shell Coles Express Perth,Coles Express,ULP,181.9,480 William St,PERTH,6000,North of River,Metro,160.0,21.900000000000006,0.0
2022-04-04,Shell Coles Express Perth,Coles Express,ULP,169.9,480 William St,PERTH,6000,North of River,Metro,158.7,11.200000000000017,-12.0
2022-04-05,Shell Coles Express Perth,Coles Express,ULP,159.9,480 William St,PERTH,6000,North of River,Metro,156.9,3.0,-10.0
2022-04-06,Shell Coles Express Perth,Coles Express,ULP,184.9,480 William St,PERTH,6000,North of River,Metro,155.8,29.099999999999994,25.0
2022-04-07,Shell Coles Express Perth,Coles Express,ULP,184.9,480 William St,PERTH,6000,North of River,Metro,155.2,29.700000000000017,0.0
2022-04-08,Shell Coles Express Perth,Coles Express,ULP,178.9,480 William St,PERTH,6000,North of River,Metro,154.6,24.30000000000001,-6.0
2022-04-09,Shell Coles Express Perth,Coles Express,ULP,176.9,480 William St,PERTH,6000,North of River,Metro,154.6,22.30000000000001,-2.0
2022-04-10,Shell Coles Express Perth,Coles Express,ULP,176.9,480 William St,PERTH,6000,North of River,Metro,154.6,22.30000000000001,0.0
2022-04-11,Shell Coles Express Perth,Coles Express,ULP,170.9,480 William St,PERTH,6000,North of River,Metro,153.6,17.30000000000001,-6.0
2022-04-12,Shell Coles Express Perth,Coles Express,ULP,167.9,480 William St,PERTH,6000,North of River,Metro,153.3,14.599999999999994,-3.0
2022-04-13,Shell Coles Express Perth,Coles Express,ULP,164.9,480 William St,PERTH,6000,North of River,Metro,152.8,12.099999999999994,-3.0
2022-04-14,Shell Coles Express Perth,Coles Express,ULP,155.9,480 William St,PERTH,6000,North of River,Metro,152.3,3.5999999999999943,-9.0
2022-04-15,Shell Coles Express Perth,Coles Express,ULP,157.9,480 William St,PERTH,6000,North of River,Metro,152.3,5.599999999999994,2.0
2022-04-16,Shell Coles Express Perth,Coles Express,ULP,154.9,480 William St,PERTH,6000,North of River,Metro,152.3,2.5999999999999943,-3.0
2022-04-17,Shell Coles Express Perth,Coles Express,ULP,154.9,480 William St,PERTH,6000,North of River,Metro,152.3,2.5999999999999943,0.0
2022-04-18,Shell Coles Express Perth,Coles Express,ULP,153.9,480 William St,PERTH,6000,North of River,Metro,152.7,1.200000000000017,-1.0
2022-04-19,Shell Coles Express Perth,Coles Express,ULP,152.9,480 William St,PERTH,6000,North of River,Metro,154.3,-1.4000000000000057,-1.0
2022-04-20,Shell Coles Express Perth,Coles Express,ULP,184.9,480 William St,PERTH,6000,North of River,Metro,157.5,27.400000000000006,32.0
2022-04-21,Shell Coles Express Perth,Coles Express,ULP,184.9,480 William St,PERTH,6000,North of River,Metro,159.9,25.0,0.0
2022-04-22,Shell Coles Express Perth,Coles Express,ULP,179.9,480 William St,PERTH,6000,North of River,Metro,161.4,18.5,-5.0
2022-04-23,Shell Coles Express Perth,Coles Express,ULP,179.9,480 William St,PERTH,6000,North of River,Metro,161.4,18.5,0.0
2022-04-24,Shell Coles Express Perth,Coles Express,ULP,174.9,480 William St,PERTH,6000,North of River,Metro,161.4,13.5,-5.0
2022-04-25,Shell Coles Express Perth,Coles Express,ULP,174.9,480 William St,PERTH,6000,North of River,Metro,162.0,12.900000000000006,0.0
2022-04-26,Shell Coles Express Perth,Coles Express,ULP,165.9,480 William St,PERTH,6000,North of River,Metro,162.2,3.700000000000017,-9.0
2022-04-27,Shell Coles Express Perth,Coles Express,ULP,167.9,480 William St,PERTH,6000,North of River,Metro,162.2,5.700000000000017,2.0
2022-04-28,Shell Coles Express Perth,Coles Express,ULP,165.9,480 William St,PERTH,6000,North of River,Metro,162.7,3.200000000000017,-2.0
2022-04-29,Shell Coles Express Perth,Coles Express,ULP,163.9,480 William St,PERTH,6000,North of River,Metro,164.0,-0.09999999999999432,-2.0
2022-04-30,Shell Coles Express Perth,Coles Express,ULP,163.9,480 William St,PERTH,6000,North of River,Metro,164.0,-0.09999999999999432,0.0
2022-05-01,Shell Coles Express Perth,Coles Express,ULP,163.9,480 William St,PERTH,6000,North of River,Metro,164.0,-0.09999999999999432,0.0
2022-05-02,Shell Coles Express Perth,Coles Express,ULP,163.9,480 William St,PERTH,6000,North of River,Metro,165.2,-1.299999999999983,0.0
2022-05-03,Shell Coles Express Perth,Coles Express,ULP,159.9,480 William St,PERTH,6000,North of River,Metro,166.8,-6.900000000000006,-4.0
2022-05-04,Shell Coles Express Perth,Coles Express,ULP,193.9,480 William St,PERTH,6000,North of River,Metro,167.2,26.700000000000017,34.0
2022-05-05,Shell Coles Express Perth,Coles Express,ULP,193.9,480 William St,PERTH,6000,North of River,Metro,169.9,24.0,0.0
2022-05-06,Shell Coles Express Perth,Coles Express,ULP,191.9,480 William St,PERTH,6000,North of River,Metro,173.3,18.599999999999994,-2.0
2022-05-07,Shell Coles Express Perth,Coles Express,ULP,187.9,480 William St,PERTH,6000,North of River,Metro,173.3,14.599999999999994,-4.0
2022-05-08,Shell Coles Express Perth,Coles Express,ULP,187.9,480 William St,PERTH,6000,North of River,Metro,173.3,14.599999999999994,0.0
2022-05-09,Shell Coles Express Perth,Coles Express,ULP,184.9,480 William St,PERTH,6000,North of River,Metro,175.1,9.800000000000011,-3.0
2022-05-10,Shell Coles Express Perth,Coles Express,ULP,179.9,480 William St,PERTH,6000,North of River,Metro,177.3,2.5999999999999943,-5.0
2022-05-11,Shell Coles Express Perth,Coles Express,ULP,179.9,480 William St,PERTH,6000,North of River,Metro,178.4,1.5,0.0
2022-05-12,Shell Coles Express Perth,Coles Express,ULP,177.9,480 William St,PERTH,6000,North of River,Metro,178.8,-0.9000000000000057,-2.0
2022-05-13,Shell Coles Express Perth,Coles Express,ULP,177.9,480 William St,PERTH,6000,North of River,Metro,178.9,-1.0,0.0
2022-05-14,Shell Coles Express Perth,Coles Express,ULP,177.9,480 William St,PERTH,6000,North of River,Metro,178.9,-1.0,0.0
2022-05-15,Shell Coles Express Perth,Coles Express,ULP,178.9,480 William St,PERTH,6000,North of River,Metro,178.9,0.0,1.0
2022-05-16,Shell Coles Express Perth,Coles Express,ULP,178.9,480 William St,PERTH,6000,North of River,Metro,179.4,-0.5,0.0
2022-05-17,Shell Coles Express Perth,Coles Express,ULP,177.9,480 William St,PERTH,6000,North of River,Metro,180.2,-2.299999999999983,-1.0
2022-05-18,Shell Coles Express Perth,Coles Express,ULP,215.9,480 William St,PERTH,6000,North of River,Metro,181.2,34.70000000000002,38.0
2022-05-19,Shell Coles Express Perth,Coles Express,ULP,213.9,480 William St,PERTH,6000,North of River,Metro,184.0,29.900000000000006,-2.0
2022-05-20,Shell Coles Express Perth,Coles Express,ULP,209.9,480 William St,PERTH,6000,North of River,Metro,186.8,23.099999999999994,-4.0
2022-05-21,Shell Coles Express Perth,Coles Express,ULP,208.9,480 William St,PERTH,6000,North of River,Metro,186.8,22.099999999999994,-1.0
2022-05-22,Shell Coles Express Perth,Coles Express,ULP,207.9,480 William St,PERTH,6000,North of River,Metro,186.8,21.099999999999994,-1.0
2022-05-23,Shell Coles Express Perth,Coles Express,ULP,205.9,480 William St,PERTH,6000,North of River,Metro,188.6,17.30000000000001,-2.0
2022-05-24,Shell Coles Express Perth,Coles Express,ULP,197.9,480 William St,PERTH,6000,North of River,Metro,189.8,8.099999999999994,-8.0
2022-05-25,Shell Coles Express Perth,Coles Express,ULP,197.9,480 William St,PERTH,6000,North of River,Metro,189.8,8.099999999999994,0.0
2022-05-26,Shell Coles Express Perth,Coles Express,ULP,197.9,480 William St,PERTH,6000,North of River,Metro,188.7,9.200000000000017,0.0
2022-05-27,Shell Coles Express Perth,Coles Express,ULP,192.9,480 William St,PERTH,6000,North of River,Metro,187.9,5.0,-5.0
2022-05-28,Shell Coles Express Perth,Coles Express,ULP,191.9,480 William St,PERTH,6000,North of River,Metro,187.9,4.0,-1.0
2022-05-29,Shell Coles Express Perth,Coles Express,ULP,190.9,480 William St,PERTH,6000,North of River,Metro,187.9,3.0,-1.0
2022-05-30,Shell Coles Express Perth,Coles Express,ULP,188.9,480 William St,PERTH,6000,North of River,Metro,187.6,1.3000000000000114,-2.0
2022-05-31,Shell Coles Express Perth,Coles Express,ULP,187.9,480 William St,PERTH,6000,North of River,Metro,187.5,0.4000000000000057,-1.0
2022-06-01,Shell Coles Express Perth,Coles Express,ULP,219.9,480 William St,PERTH,6000,North of River,Metro,188.8,31.099999999999994,32.0
2022-06-02,Shell Coles Express Perth,Coles Express,ULP,213.9,480 William St,PERTH,6000,North of River,Metro,189.8,24.099999999999994,-6.0
2022-06-03,Shell Coles Express Perth,Coles Express,ULP,209.9,480 William St,PERTH,6000,North of River,Metro,189.9,20.0,-4.0
2022-06-04,Shell Coles Express Perth,Coles Express,ULP,207.9,480 William St,PERTH,6000,North of River,Metro,189.9,18.0,-2.0
2022-06-05,Shell Coles Express Perth,Coles Express,ULP,205.9,480 William St,PERTH,6000,North of River,Metro,189.9,16.0,-2.0
2022-06-06,Shell Coles Express Perth,Coles Express,ULP,204.9,480 William St,PERTH,6000,North of River,Metro,189.7,15.200000000000017,-1.0
2022-06-07,Shell Coles Express Perth,Coles Express,ULP,191.9,480 William St,PERTH,6000,North of River,Metro,189.2,2.700000000000017,-13.0
2022-06-08,Shell Coles Express Perth,Coles Express,ULP,197.9,480 William St,PERTH,6000,North of River,Metro,189.2,8.700000000000017,6.0
2022-06-09,Shell Coles Express Perth,Coles Express,ULP,194.9,480 William St,PERTH,6000,North of River,Metro,189.1,5.800000000000011,-3.0
2022-06-10,Shell Coles Express Perth,Coles Express,ULP,191.9,480 William St,PERTH,6000,North of River,Metro,189.5,2.4000000000000057,-3.0
2022-06-11,Shell Coles Express Perth,Coles Express,ULP,190.9,480 William St,PERTH,6000,North of River,Metro,189.5,1.4000000000000057,-1.0
2022-06-12,Shell Coles Express Perth,Coles Express,ULP,190.9,480 William St,PERTH,6000,North of River,Metro,189.5,1.4000000000000057,0.0
2022-06-13,Shell Coles Express Perth,Coles Express,ULP,189.9,480 William St,PERTH,6000,North of River,Metro,190.5,-0.5999999999999943,-1.0
2022-06-14,Shell Coles Express Perth,Coles Express,ULP,187.9,480 William St,PERTH,6000,North of River,Metro,192.7,-4.799999999999983,-2.0
2022-06-15,Shell Coles Express Perth,Coles Express,ULP,226.9,480 William St,PERTH,6000,North of River,Metro,193.8,33.099999999999994,39.0
2022-06-16,Shell Coles Express Perth,Coles Express,ULP,222.9,480 William St,PERTH,6000,North of River,Metro,195.9,27.0,-4.0
2022-06-17,Shell Coles Express Perth,Coles Express,ULP,217.9,480 William St,PERTH,6000,North of River,Metro,197.8,20.099999999999994,-5.0
2022-06-18,Shell Coles Express Perth,Coles Express,ULP,211.9,480 William St,PERTH,6000,North of River,Metro,197.8,14.099999999999994,-6.0
2022-06-19,Shell Coles Express Perth,Coles Express,ULP,211.9,480 William St,PERTH,6000,North of River,Metro,197.8,14.099999999999994,0.0
2022-06-20,Shell Coles Express Perth,Coles Express,ULP,209.9,480 William St,PERTH,6000,North of River,Metro,198.6,11.300000000000011,-2.0
2022-06-21,Shell Coles Express Perth,Coles Express,ULP,199.9,480 William St,PERTH,6000,North of River,Metro,198.7,1.200000000000017,-10.0
2022-06-22,Shell Coles Express Perth,Coles Express,ULP,214.9,480 William St,PERTH,6000,North of River,Metro,198.8,16.099999999999994,15.0
2022-06-23,Shell Coles Express Perth,Coles Express,ULP,207.9,480 William St,PERTH,6000,North of River,Metro,199.1,8.800000000000011,-7.0
2022-06-24,Shell Coles Express Perth,Coles Express,ULP,201.9,480 William St,PERTH,6000,North of River,Metro,198.7,3.200000000000017,-6.0
2022-06-25,Shell Coles Express Perth,Coles Express,ULP,199.9,480 William St,PERTH,6000,North of River,Metro,198.7,1.200000000000017,-2.0
2022-06-26,Shell Coles Express Perth,Coles Express,ULP,199.9,480 William St,PERTH,6000,North of River,Metro,198.7,1.200000000000017,0.0
2022-06-27,Shell Coles Express Perth,Coles Express,ULP,197.9,480 William St,PERTH,6000,North of River,Metro,197.9,0.0,-2.0
2022-06-28,Shell Coles Express Perth,Coles Express,ULP,196.9,480 William St,PERTH,6000,North of River,Metro,198.3,-1.4000000000000057,-1.0
2022-06-29,Shell Coles Express Perth,Coles Express,ULP,239.9,480 William St,PERTH,6000,North of River,Metro,198.6,41.30000000000001,43.0
2022-06-30,Shell Coles Express Perth,Coles Express,ULP,225.9,480 William St,PERTH,6000,North of River,Metro,198.2,27.700000000000017,-14.0
2022-07-01,Shell Coles Express Perth,Coles Express,ULP,217.9,480 William St,PERTH,6000,North of River,Metro,198.6,19.30000000000001,-8.0
2022-07-02,Shell Coles Express Perth,Coles Express,ULP,209.9,480 William St,PERTH,6000,North of River,Metro,198.6,11.300000000000011,-8.0
2022-07-03,Shell Coles Express Perth,Coles Express,ULP,207.9,480 William St,PERTH,6000,North of River,Metro,198.6,9.300000000000011,-2.0
2022-07-04,Shell Coles Express Perth,Coles Express,ULP,203.9,480 William St,PERTH,6000,North of River,Metro,197.8,6.099999999999994,-4.0
2022-07-05,Shell Coles Express Perth,Coles Express,ULP,196.9,480 William St,PERTH,6000,North of River,Metro,196.3,0.5999999999999943,-7.0
2022-07-06,Shell Coles Express Perth,Coles Express,ULP,235.9,480 William St,PERTH,6000,North of River,Metro,195.3,40.599999999999994,39.0
2022-07-07,Shell Coles Express Perth,Coles Express,ULP,219.9,480 William St,PERTH,6000,North of River,Metro,193.0,26.900000000000006,-16.0
2022-07-08,Shell Coles Express Perth,Coles Express,ULP,204.9,480 William St,PERTH,6000,North of River,Metro,189.8,15.099999999999994,-15.0
2022-07-09,Shell Coles Express Perth,Coles Express,ULP,197.9,480 William St,PERTH,6000,North of River,Metro,189.8,8.099999999999994,-7.0
2022-07-10,Shell Coles Express Perth,Coles Express,ULP,194.9,480 William St,PERTH,6000,North of River,Metro,189.8,5.099999999999994,-3.0
2022-07-11,Shell Coles Express Perth,Coles Express,ULP,192.9,480 William St,PERTH,6000,North of River,Metro,183.6,9.300000000000011,-2.0
2022-07-12,Shell Coles Express Perth,Coles Express,ULP,187.9,480 William St,PERTH,6000,North of River,Metro,180.5,7.400000000000006,-5.0
2022-07-13,Shell Coles Express Perth,Coles Express,ULP,219.9,480 William St,PERTH,6000,North of River,Metro,177.1,42.80000000000001,32.0
2022-07-14,Shell Coles Express Perth,Coles Express,ULP,209.9,480 William St,PERTH,6000,North of River,Metro,172.5,37.400000000000006,-10.0
2022-07-15,Shell Coles Express Perth,Coles Express,ULP,199.9,480 William St,PERTH,6000,North of River,Metro,169.7,30.200000000000017,-10.0
2022-07-16,Shell Coles Express Perth,Coles Express,ULP,189.9,480 William St,PERTH,6000,North of River,Metro,169.7,20.200000000000017,-10.0
2022-07-17,Shell Coles Express Perth,Coles Express,ULP,189.9,480 William St,PERTH,6000,North of River,Metro,169.7,20.200000000000017,0.0
2022-07-18,Shell Coles Express Perth,Coles Express,ULP,183.9,480 William St,PERTH,6000,North of River,Metro,166.0,17.900000000000006,-6.0
2022-07-19,Shell Coles Express Perth,Coles Express,ULP,169.9,480 William St,PERTH,6000,North of River,Metro,163.3,6.599999999999994,-14.0
2022-07-20,Shell Coles Express Perth,Coles Express,ULP,199.9,480 William St,PERTH,6000,North of River,Metro,162.4,37.5,30.0
2022-07-21,Shell Coles Express Perth,Coles Express,ULP,195.9,480 William St,PERTH,6000,North of River,Metro,161.2,34.70000000000002,-4.0
2022-07-22,Shell Coles Express Perth,Coles Express,ULP,171.9,480 William St,PERTH,6000,North of River,Metro,160.7,11.200000000000017,-24.0
2022-07-23,Shell Coles Express Perth,Coles Express,ULP,169.9,480 William St,PERTH,6000,North of River,Metro,160.7,9.200000000000017,-2.0
2022-07-24,Shell Coles Express Perth,Coles Express,ULP,167.9,480 William St,PERTH,6000,North of River,Metro,160.7,7.200000000000017,-2.0
2022-07-25,Shell Coles Express Perth,Coles Express,ULP,163.9,480 William St,PERTH,6000,North of River,Metro,159.2,4.700000000000017,-4.0
2022-07-26,Shell Coles Express Perth,Coles Express,ULP,160.9,480 William St,PERTH,6000,North of River,Metro,157.9,3.0,-3.0
2022-07-27,Shell Coles Express Perth,Coles Express,ULP,199.9,480 William St,PERTH,6000,North of River,Metro,156.2,43.70000000000002,39.0
2022-07-28,Shell Coles Express Perth,Coles Express,ULP,189.9,480 William St,PERTH,6000,North of River,Metro,156.2,33.70000000000002,-10.0
2022-07-29,Shell Coles Express Perth,Coles Express,ULP,181.9,480 William St,PERTH,6000,North of River,Metro,156.0,25.900000000000006,-8.0
2022-07-30,Shell Coles Express Perth,Coles Express,ULP,171.9,480 William St,PERTH,6000,North of River,Metro,156.0,15.900000000000006,-10.0
2022-07-31,Shell Coles Express Perth,Coles Express,ULP,167.9,480 William St,PERTH,6000,North of River,Metro,156.0,11.900000000000006,-4.0
2022-08-01,Shell Coles Express Perth,Coles Express,ULP,165.9,480 William St,PERTH,6000,North of River,Metro,156.9,9.0,-2.0
2022-08-02,Shell Coles Express Perth,Coles Express,ULP,159.9,480 William St,PERTH,6000,North of River,Metro,159.2,0.700000000000017,-6.0
2022-08-03,Shell Coles Express Perth,Coles Express,ULP,199.9,480 William St,PERTH,6000,North of River,Metro,160.2,39.70000000000002,40.0
2022-08-04,Shell Coles Express Perth,Coles Express,ULP,189.9,480 William St,PERTH,6000,North of River,Metro,159.3,30.599999999999994,-10.0
2022-08-05,Shell Coles Express Perth,Coles Express,ULP,169.9,480 William St,PERTH,6000,North of River,Metro,158.7,11.200000000000017,-20.0
2022-08-06,Shell Coles Express Perth,Coles Express,ULP,165.9,480 William St,PERTH,6000,North of River,Metro,158.7,7.200000000000017,-4.0
2022-08-07,Shell Coles Express Perth,Coles Express,ULP,165.9,480 William St,PERTH,6000,North of River,Metro,158.7,7.200000000000017,0.0
2022-08-08,Shell Coles Express Perth,Coles Express,ULP,163.9,480 William St,PERTH,6000,North of River,Metro,157.6,6.300000000000011,-2.0
2022-08-09,Shell Coles Express Perth,Coles Express,ULP,159.9,480 William St,PERTH,6000,North of River,Metro,155.0,4.900000000000006,-4.0
2022-08-10,Shell Coles Express Perth,Coles Express,ULP,195.9,480 William St,PERTH,6000,North of River,Metro,153.1,42.80000000000001,36.0
2022-08-11,Shell Coles Express Perth,Coles Express,ULP,183.9,480 William St,PERTH,6000,North of River,Metro,152.1,31.80000000000001,-12.0
2022-08-12,Shell Coles Express Perth,Coles Express,ULP,175.9,480 William St,PERTH,6000,North of River,Metro,150.4,25.5,-8.0
2022-08-13,Shell Coles Express Perth,Coles Express,ULP,169.9,480 William St,PERTH,6000,North of River,Metro,150.4,19.5,-6.0
2022-08-14,Shell Coles Express Perth,Coles Express,ULP,165.9,480 William St,PERTH,6000,North of River,Metro,150.4,15.5,-4.0
2022-08-15,Shell Coles Express Perth,Coles Express,ULP,161.9,480 William St,PERTH,6000,North of River,Metro,150.2,11.700000000000017,-4.0
2022-08-16,Shell Coles Express Perth,Coles Express,ULP,149.9,480 William St,PERTH,6000,North of River,Metro,151.3,-1.4000000000000057,-12.0
2022-08-17,Shell Coles Express Perth,Coles Express,ULP,189.9,480 William St,PERTH,6000,North of River,Metro,151.3,38.599999999999994,40.0
2022-08-18,Shell Coles Express Perth,Coles Express,ULP,175.9,480 William St,PERTH,6000,North of River,Metro,151.1,24.80000000000001,-14.0
2022-08-19,Shell Coles Express Perth,Coles Express,ULP,169.9,480 William St,PERTH,6000,North of River,Metro,151.3,18.599999999999994,-6.0
2022-08-20,Shell Coles Express Perth,Coles Express,ULP,165.9,480 William St,PERTH,6000,North of River,Metro,151.3,14.599999999999994,-4.0
2022-08-21,Shell Coles Express Perth,Coles Express,ULP,163.9,480 William St,PERTH,6000,North of River,Metro,151.3,12.599999999999994,-2.0
2022-08-22,Shell Coles Express Perth,Coles Express,ULP,159.9,480 William St,PERTH,6000,North of River,Metro,151.9,8.0,-4.0
2022-08-23,Shell Coles Express Perth,Coles Express,ULP,155.9,480 William St,PERTH,6000,North of River,Metro,152.5,3.4000000000000057,-4.0
2022-08-24,Shell Coles Express Perth,Coles Express,ULP,193.9,480 William St,PERTH,6000,North of River,Metro,153.5,40.400000000000006,38.0
2022-08-25,Shell Coles Express Perth,Coles Express,ULP,189.9,480 William St,PERTH,6000,North of River,Metro,154.8,35.099999999999994,-4.0
2022-08-26,Shell Coles Express Perth,Coles Express,ULP,185.9,480 William St,PERTH,6000,North of River,Metro,156.2,29.700000000000017,-4.0
2022-08-27,Shell Coles Express Perth,Coles Express,ULP,179.9,480 William St,PERTH,6000,North of River,Metro,156.2,23.700000000000017,-6.0
2022-08-28,Shell Coles Express Perth,Coles Express,ULP,169.9,480 William St,PERTH,6000,North of River,Metro,156.2,13.700000000000017,-10.0
2022-08-29,Shell Coles Express Perth,Coles Express,ULP,165.9,480 William St,PERTH,6000,North of River,Metro,156.8,9.099999999999994,-4.0
2022-08-30,Shell Coles Express Perth,Coles Express,ULP,159.9,480 William St,PERTH,6000,North of River,Metro,156.8,3.0999999999999943,-6.0
2022-08-31,Shell Coles Express Perth,Coles Express,ULP,189.9,480 William St,PERTH,6000,North of River,Metro,156.7,33.20000000000002,30.0
2022-09-01,Shell Coles Express Perth,Coles Express,ULP,185.9,480 William St,PERTH,6000,North of River,Metro,156.2,29.700000000000017,-4.0
2022-09-02,Shell Coles Express Perth,Coles Express,ULP,179.9,480 William St,PERTH,6000,North of River,Metro,153.9,26.0,-6.0
2022-09-03,Shell Coles Express Perth,Coles Express,ULP,173.9,480 William St,PERTH,6000,North of River,Metro,153.9,20.0,-6.0
2022-09-04,Shell Coles Express Perth,Coles Express,ULP,169.9,480 William St,PERTH,6000,North of River,Metro,153.9,16.0,-4.0
2022-09-05,Shell Coles Express Perth,Coles Express,ULP,165.9,480 William St,PERTH,6000,North of River,Metro,150.8,15.099999999999994,-4.0
2022-09-06,Shell Coles Express Perth,Coles Express,ULP,157.9,480 William St,PERTH,6000,North of River,Metro,149.7,8.200000000000017,-8.0
2022-09-07,Shell Coles Express Perth,Coles Express,ULP,189.9,480 William St,PERTH,6000,North of River,Metro,149.0,40.900000000000006,32.0
2022-09-08,Shell Coles Express Perth,Coles Express,ULP,186.9,480 William St,PERTH,6000,North of River,Metro,148.5,38.400000000000006,-3.0
2022-09-09,Shell Coles Express Perth,Coles Express,ULP,183.9,480 William St,PERTH,6000,North of River,Metro,149.2,34.70000000000002,-3.0
2022-09-10,Shell Coles Express Perth,Coles Express,ULP,175.9,480 William St,PERTH,6000,North of River,Metro,149.2,26.700000000000017,-8.0
2022-09-11,Shell Coles Express Perth,Coles Express,ULP,169.9,480 William St,PERTH,6000,North of River,Metro,149.2,20.700000000000017,-6.0
2022-09-12,Shell Coles Express Perth,Coles Express,ULP,163.9,480 William St,PERTH,6000,North of River,Metro,149.2,14.700000000000017,-6.0
2022-09-13,Shell Coles Express Perth,Coles Express,ULP,149.9,480 William St,PERTH,6000,North of River,Metro,149.4,0.5,-14.0
2022-09-14,Shell Coles Express Perth,Coles Express,ULP,189.9,480 William St,PERTH,6000,North of River,Metro,150.0,39.900000000000006,40.0
2022-09-15,Shell Coles Express Perth,Coles Express,ULP,185.9,480 William St,PERTH,6000,North of River,Metro,150.1,35.80000000000001,-4.0
2022-09-16,Shell Coles Express Perth,Coles Express,ULP,179.9,480 William St,PERTH,6000,North of River,Metro,150.0,29.900000000000006,-6.0
2022-09-17,Shell Coles Express Perth,Coles Express,ULP,169.9,480 William St,PERTH,6000,North of River,Metro,150.0,19.900000000000006,-10.0
2022-09-18,Shell Coles Express Perth,Coles Express,ULP,163.9,480 William St,PERTH,6000,North of River,Metro,150.0,13.900000000000006,-6.0
2022-09-19,Shell Coles Express Perth,Coles Express,ULP,157.9,480 William St,PERTH,6000,North of River,Metro,150.3,7.599999999999994,-6.0
2022-09-20,Shell Coles Express Perth,Coles Express,ULP,149.9,480 William St,PERTH,6000,North of River,Metro,148.6,1.3000000000000114,-8.0
2022-09-21,Shell Coles Express Perth,Coles Express,ULP,189.9,480 William St,PERTH,6000,North of River,Metro,146.8,43.099999999999994,40.0
2022-09-22,Shell Coles Express Perth,Coles Express,ULP,185.9,480 William St,PERTH,6000,North of River,Metro,145.8,40.099999999999994,-4.0
2022-09-23,Shell Coles Express Perth,Coles Express,ULP,179.9,480 William St,PERTH,6000,North of River,Metro,145.2,34.70000000000002,-6.0
2022-09-24,Shell Coles Express Perth,Coles Express,ULP,169.9,480 William St,PERTH,6000,North of River,Metro,145.2,24.700000000000017,-10.0
2022-09-25,Shell Coles Express Perth,Coles Express,ULP,165.9,480 William St,PERTH,6000,North of River,Metro,145.2,20.700000000000017,-4.0
2022-09-26,Shell Coles Express Perth,Coles Express,ULP,159.9,480 William St,PERTH,6000,North of River,Metro,144.0,15.900000000000006,-6.0
2022-09-27,Shell Coles Express Perth,Coles Express,ULP,143.9,480 William St,PERTH,6000,North of River,Metro,143.6,0.30000000000001137,-16.0
2022-09-28,Shell Coles Express Perth,Coles Express,ULP,189.9,480 William St,PERTH,6000,North of River,Metro,149.4,40.5,46.0
2022-09-29,Shell Coles Express Perth,Coles Express,ULP,189.9,480 William St,PERTH,6000,North of River,Metro,168.0,21.900000000000006,0.0
2022-09-30,Shell Coles Express Perth,Coles Express,ULP,189.9,480 William St,PERTH,6000,North of River,Metro,168.0,21.900000000000006,0.0
2022-10-01,Shell Coles Express Perth,Coles Express,ULP,183.9,480 William St,PERTH,6000,North of River,Metro,168.0,15.900000000000006,-6.0
2022-10-02,Shell Coles Express Perth,Coles Express,ULP,179.9,480 William St,PERTH,6000,North of River,Metro,168.0,11.900000000000006,-4.0
2022-10-03,Shell Coles Express Perth,Coles Express,ULP,173.9,480 William St,PERTH,6000,North of River,Metro,167.2,6.700000000000017,-6.0
2022-10-04,Shell Coles Express Perth,Coles Express,ULP,169.9,480 William St,PERTH,6000,North of River,Metro,167.8,2.0999999999999943,-4.0
2022-10-05,Shell Coles Express Perth,Coles Express,ULP,199.9,480 William St,PERTH,6000,North of River,Metro,168.4,31.5,30.0
2022-10-06,Shell Coles Express Perth,Coles Express,ULP,195.9,480 William St,PERTH,6000,North of River,Metro,168.2,27.700000000000017,-4.0
2022-10-07,Shell Coles Express Perth,Coles Express,ULP,192.9,480 William St,PERTH,6000,North of River,Metro,168.8,24.099999999999994,-3.0
2022-10-08,Shell Coles Express Perth,Coles Express,ULP,187.9,480 William St,PERTH,6000,North of River,Metro,168.8,19.099999999999994,-5.0
2022-10-09,Shell Coles Express Perth,Coles Express,ULP,183.9,480 William St,PERTH,6000,North of River,Metro,168.8,15.099999999999994,-4.0
2022-10-10,Shell Coles Express Perth,Coles Express,ULP,179.9,480 William St,PERTH,6000,North of River,Metro,169.2,10.700000000000017,-4.0
2022-10-11,Shell Coles Express Perth,Coles Express,ULP,169.9,480 William St,PERTH,6000,North of River,Metro,170.0,-0.09999999999999432,-10.0
2022-10-12,Shell Coles Express Perth,Coles Express,ULP,199.9,480 William St,PERTH,6000,North of River,Metro,171.0,28.900000000000006,30.0
2022-10-13,Shell Coles Express Perth,Coles Express,ULP,189.9,480 William St,PERTH,6000,North of River,Metro,171.9,18.0,-10.0
2022-10-14,Shell Coles Express Perth,Coles Express,ULP,186.9,480 William St,PERTH,6000,North of River,Metro,173.1,13.800000000000011,-3.0
2022-10-15,Shell Coles Express Perth,Coles Express,ULP,183.9,480 William St,PERTH,6000,North of River,Metro,173.1,10.800000000000011,-3.0
2022-10-16,Shell Coles Express Perth,Coles Express,ULP,181.9,480 William St,PERTH,6000,North of River,Metro,173.1,8.800000000000011,-2.0
2022-10-17,Shell Coles Express Perth,Coles Express,ULP,179.9,480 William St,PERTH,6000,North of River,Metro,173.1,6.800000000000011,-2.0
2022-10-18,Shell Coles Express Perth,Coles Express,ULP,173.9,480 William St,PERTH,6000,North of River,Metro,174.0,-0.09999999999999432,-6.0
2022-10-19,Shell Coles Express Perth,Coles Express,ULP,209.9,480 William St,PERTH,6000,North of River,Metro,174.0,35.900000000000006,36.0
2022-10-20,Shell Coles Express Perth,Coles Express,ULP,206.9,480 William St,PERTH,6000,North of River,Metro,173.8,33.099999999999994,-3.0
2022-10-21,Shell Coles Express Perth,Coles Express,ULP,203.9,480 William St,PERTH,6000,North of River,Metro,173.4,30.5,-3.0
2022-10-22,Shell Coles Express Perth,Coles Express,ULP,195.9,480 William St,PERTH,6000,North of River,Metro,173.4,22.5,-8.0
2022-10-23,Shell Coles Express Perth,Coles Express,ULP,189.9,480 William St,PERTH,6000,North of River,Metro,173.4,16.5,-6.0
2022-10-24,Shell Coles Express Perth,Coles Express,ULP,179.9,480 William St,PERTH,6000,North of River,Metro,173.7,6.200000000000017,-10.0
2022-10-25,Shell Coles Express Perth,Coles Express,ULP,173.9,480 William St,PERTH,6000,North of River,Metro,173.9,0.0,-6.0
2022-10-26,Shell Coles Express Perth,Coles Express,ULP,209.9,480 William St,PERTH,6000,North of River,Metro,173.7,36.20000000000002,36.0
2022-10-27,Shell Coles Express Perth,Coles Express,ULP,205.9,480 William St,PERTH,6000,North of River,Metro,173.8,32.099999999999994,-4.0
2022-10-28,Shell Coles Express Perth,Coles Express,ULP,199.9,480 William St,PERTH,6000,North of River,Metro,173.6,26.30000000000001,-6.0
2022-10-29,Shell Coles Express Perth,Coles Express,ULP,189.9,480 William St,PERTH,6000,North of River,Metro,173.6,16.30000000000001,-10.0
2022-10-30,Shell Coles Express Perth,Coles Express,ULP,185.9,480 William St,PERTH,6000,North of River,Metro,173.6,12.300000000000011,-4.0
2022-10-31,Shell Coles Express Perth,Coles Express,ULP,179.9,480 William St,PERTH,6000,North of River,Metro,172.7,7.200000000000017,-6.0
2022-11-01,Shell Coles Express Perth,Coles Express,ULP,173.9,480 William St,PERTH,6000,North of River,Metro,172.0,1.9000000000000057,-6.0
2022-11-02,Shell Coles Express Perth,Coles Express,ULP,209.9,480 William St,PERTH,6000,North of River,Metro,171.6,38.30000000000001,36.0
2022-11-03,Shell Coles Express Perth,Coles Express,ULP,206.9,480 William St,PERTH,6000,North of River,Metro,171.5,35.400000000000006,-3.0
2022-11-04,Shell Coles Express Perth,Coles Express,ULP,199.9,480 William St,PERTH,6000,North of River,Metro,172.0,27.900000000000006,-7.0
2022-11-05,Shell Coles Express Perth,Coles Express,ULP,195.9,480 William St,PERTH,6000,North of River,Metro,172.0,23.900000000000006,-4.0
2022-11-06,Shell Coles Express Perth,Coles Express,ULP,189.9,480 William St,PERTH,6000,North of River,Metro,172.0,17.900000000000006,-6.0
2022-11-07,Shell Coles Express Perth,Coles Express,ULP,179.9,480 William St,PERTH,6000,North of River,Metro,172.9,7.0,-10.0
2022-11-08,Shell Coles Express Perth,Coles Express,ULP,169.9,480 William St,PERTH,6000,North of River,Metro,175.2,-5.299999999999983,-10.0
2022-11-09,Shell Coles Express Perth,Coles Express,ULP,209.9,480 William St,PERTH,6000,North of River,Metro,177.6,32.30000000000001,40.0
2022-11-10,Shell Coles Express Perth,Coles Express,ULP,199.9,480 William St,PERTH,6000,North of River,Metro,179.0,20.900000000000006,-10.0
2022-11-11,Shell Coles Express Perth,Coles Express,ULP,195.9,480 William St,PERTH,6000,North of River,Metro,179.4,16.5,-4.0
2022-11-12,Shell Coles Express Perth,Coles Express,ULP,193.9,480 William St,PERTH,6000,North of River,Metro,179.4,14.5,-2.0
2022-11-13,Shell Coles Express Perth,Coles Express,ULP,189.9,480 William St,PERTH,6000,North of River,Metro,179.4,10.5,-4.0
2022-11-14,Shell Coles Express Perth,Coles Express,ULP,185.9,480 William St,PERTH,6000,North of River,Metro,179.2,6.700000000000017,-4.0
2022-11-15,Shell Coles Express Perth,Coles Express,ULP,179.9,480 William St,PERTH,6000,North of River,Metro,177.9,2.0,-6.0
2022-11-16,Shell Coles Express Perth,Coles Express,ULP,214.9,480 William St,PERTH,6000,North of River,Metro,177.1,37.80000000000001,35.0
2022-11-17,Shell Coles Express Perth,Coles Express,ULP,209.9,480 William St,PERTH,6000,North of River,Metro,175.5,34.400000000000006,-5.0
2022-11-18,Shell Coles Express Perth,Coles Express,ULP,199.9,480 William St,PERTH,6000,North of River,Metro,174.3,25.599999999999994,-10.0
2022-11-19,Shell Coles Express Perth,Coles Express,ULP,195.9,480 William St,PERTH,6000,North of River,Metro,174.3,21.599999999999994,-4.0
2022-11-20,Shell Coles Express Perth,Coles Express,ULP,189.9,480 William St,PERTH,6000,North of River,Metro,174.3,15.599999999999994,-6.0
2022-11-21,Shell Coles Express Perth,Coles Express,ULP,179.9,480 William St,PERTH,6000,North of River,Metro,173.4,6.5,-10.0
2022-11-22,Shell Coles Express Perth,Coles Express,ULP,169.9,480 William St,PERTH,6000,North of River,Metro,172.3,-2.4000000000000057,-10.0
2022-11-23,Shell Coles Express Perth,Coles Express,ULP,209.9,480 William St,PERTH,6000,North of River,Metro,171.4,38.5,40.0
2022-11-24,Shell Coles Express Perth,Coles Express,ULP,205.9,480 William St,PERTH,6000,North of River,Metro,170.9,35.0,-4.0
2022-11-25,Shell Coles Express Perth,Coles Express,ULP,199.9,480 William St,PERTH,6000,North of River,Metro,170.4,29.5,-6.0
2022-11-26,Shell Coles Express Perth,Coles Express,ULP,195.9,480 William St,PERTH,6000,North of River,Metro,170.4,25.5,-4.0
2022-11-27,Shell Coles Express Perth,Coles Express,ULP,189.9,480 William St,PERTH,6000,North of River,Metro,170.4,19.5,-6.0
2022-11-28,Shell Coles Express Perth,Coles Express,ULP,173.9,480 William St,PERTH,6000,North of River,Metro,169.5,4.400000000000006,-16.0
2022-11-29,Shell Coles Express Perth,Coles Express,ULP,169.9,480 William St,PERTH,6000,North of River,Metro,168.7,1.200000000000017,-4.0
2022-11-30,Shell Coles Express Perth,Coles Express,ULP,209.9,480 William St,PERTH,6000,North of River,Metro,167.1,42.80000000000001,40.0
2022-12-01,Shell Coles Express Perth,Coles Express,ULP,199.9,480 William St,PERTH,6000,North of River,Metro,165.8,34.099999999999994,-10.0
2022-12-02,Shell Coles Express Perth,Coles Express,ULP,189.9,480 William St,PERTH,6000,North of River,Metro,164.4,25.5,-10.0
2022-12-03,Shell Coles Express Perth,Coles Express,ULP,183.9,480 William St,PERTH,6000,North of River,Metro,164.4,19.5,-6.0
2022-12-04,Shell Coles Express Perth,Coles Express,ULP,179.9,480 William St,PERTH,6000,North of River,Metro,164.4,15.5,-4.0
2022-12-05,Shell Coles Express Perth,Coles Express,ULP,169.9,480 William St,PERTH,6000,North of River,Metro,163.6,6.300000000000011,-10.0
2022-12-06,Shell Coles Express Perth,Coles Express,ULP,163.9,480 William St,PERTH,6000,North of River,Metro,162.8,1.0999999999999943,-6.0
2022-12-07,Shell Coles Express Perth,Coles Express,ULP,199.9,480 William St,PERTH,6000,North of River,Metro,162.7,37.20000000000002,36.0
2022-12-08,Shell Coles Express Perth,Coles Express,ULP,189.9,480 William St,PERTH,6000,North of River,Metro,162.3,27.599999999999994,-10.0
2022-12-09,Shell Coles Express Perth,Coles Express,ULP,183.9,480 William St,PERTH,6000,North of River,Metro,161.8,22.099999999999994,-6.0
2022-12-10,Shell Coles Express Perth,Coles Express,ULP,179.9,480 William St,PERTH,6000,North of River,Metro,161.8,18.099999999999994,-4.0
2022-12-11,Shell Coles Express Perth,Coles Express,ULP,175.9,480 William St,PERTH,6000,North of River,Metro,161.8,14.099999999999994,-4.0
2022-12-12,Shell Coles Express Perth,Coles Express,ULP,167.9,480 William St,PERTH,6000,North of River,Metro,160.7,7.200000000000017,-8.0
2022-12-13,Shell Coles Express Perth,Coles Express,ULP,159.9,480 William St,PERTH,6000,North of River,Metro,159.4,0.5,-8.0
2022-12-14,Shell Coles Express Perth,Coles Express,ULP,199.9,480 William St,PERTH,6000,North of River,Metro,157.7,42.20000000000002,40.0
2022-12-15,Shell Coles Express Perth,Coles Express,ULP,189.9,480 William St,PERTH,6000,North of River,Metro,157.4,32.5,-10.0
2022-12-16,Shell Coles Express Perth,Coles Express,ULP,179.9,480 William St,PERTH,6000,North of River,Metro,157.3,22.599999999999994,-10.0
2022-12-17,Shell Coles Express Perth,Coles Express,ULP,175.9,480 William St,PERTH,6000,North of River,Metro,157.3,18.599999999999994,-4.0
2022-12-18,Shell Coles Express Perth,Coles Express,ULP,169.9,480 William St,PERTH,6000,North of River,Metro,157.3,12.599999999999994,-6.0
2022-12-19,Shell Coles Express Perth,Coles Express,ULP,159.9,480 William St,PERTH,6000,North of River,Metro,157.5,2.4000000000000057,-10.0
2022-12-20,Shell Coles Express Perth,Coles Express,ULP,158.9,480 William St,PERTH,6000,North of River,Metro,158.3,0.5999999999999943,-1.0
2022-12-21,Shell Coles Express Perth,Coles Express,ULP,195.9,480 William St,PERTH,6000,North of River,Metro,158.8,37.099999999999994,37.0
2022-12-22,Shell Coles Express Perth,Coles Express,ULP,185.9,480 William St,PERTH,6000,North of River,Metro,159.3,26.599999999999994,-10.0
2022-12-23,Shell Coles Express Perth,Coles Express,ULP,173.9,480 William St,PERTH,6000,North of River,Metro,159.6,14.300000000000011,-12.0
2022-12-24,Shell Coles Express Perth,Coles Express,ULP,171.9,480 William St,PERTH,6000,North of River,Metro,159.6,12.300000000000011,-2.0
2022-12-25,Shell Coles Express Perth,Coles Express,ULP,171.9,480 William St,PERTH,6000,North of River,Metro,159.6,12.300000000000011,0.0
2022-12-26,Shell Coles Express Perth,Coles Express,ULP,170.9,480 William St,PERTH,6000,North of River,Metro,160.0,10.900000000000006,-1.0
2022-12-27,Shell Coles Express Perth,Coles Express,ULP,169.9,480 William St,PERTH,6000,North of River,Metro,160.2,9.700000000000017,-1.0
2022-12-28,Shell Coles Express Perth,Coles Express,ULP,195.9,480 William St,PERTH,6000,North of River,Metro,161.9,34.0,26.0
2022-12-29,Shell Coles Express Perth,Coles Express,ULP,189.9,480 William St,PERTH,6000,North of River,Metro,162.3,27.599999999999994,-6.0
2022-12-30,Shell Coles Express Perth,Coles Express,ULP,183.9,480 William St,PERTH,6000,North of River,Metro,164.1,19.80000000000001,-6.0
2022-12-31,Shell Coles Express Perth,Coles Express,ULP,179.9,480 William St,PERTH,6000,North of River,Metro,148.1,31.80000000000001,-4.0
2022-01-01,Shell Coles Express West Perth,Coles Express,ULP,175.9,30 Thomas St,WEST PERTH,6005,North of River,Metro,148.1,27.80000000000001,
2022-01-02,Shell Coles Express West Perth,Coles Express,ULP,173.9,30 Thomas St,WEST PERTH,6005,North of River,Metro,148.1,25.80000000000001,-2.0
2022-01-03,Shell Coles Express West Perth,Coles Express,ULP,171.9,30 Thomas St,WEST PERTH,6005,North of River,Metro,149.2,22.700000000000017,-2.0
2022-01-04,Shell Coles Express West Perth,Coles Express,ULP,169.9,30 Thomas St,WEST PERTH,6005,North of River,Metro,149.4,20.5,-2.0
2022-01-05,Shell Coles Express West Perth,Coles Express,ULP,163.9,30 Thomas St,WEST PERTH,6005,North of River,Metro,150.0,13.900000000000006,-6.0
2022-01-06,Shell Coles Express West Perth,Coles Express,ULP,161.9,30 Thomas St,WEST PERTH,6005,North of River,Metro,150.4,11.5,-2.0
2022-01-07,Shell Coles Express West Perth,Coles Express,ULP,158.9,30 Thomas St,WEST PERTH,6005,North of River,Metro,150.7,8.200000000000017,-3.0
2022-01-08,Shell Coles Express West Perth,Coles Express,ULP,155.9,30 Thomas St,WEST PERTH,6005,North of River,Metro,150.7,5.200000000000017,-3.0
2022-01-09,Shell Coles Express West Perth,Coles Express,ULP,155.9,30 Thomas St,WEST PERTH,6005,North of River,Metro,150.7,5.200000000000017,0.0
2022-01-10,Shell Coles Express West Perth,Coles Express,ULP,153.9,30 Thomas St,WEST PERTH,6005,North of River,Metro,151.0,2.9000000000000057,-2.0
2022-01-11,Shell Coles Express West Perth,Coles Express,ULP,152.9,30 Thomas St,WEST PERTH,6005,North of River,Metro,151.4,1.5,-1.0
2022-01-12,Shell Coles Express West Perth,Coles Express,ULP,189.9,30 Thomas St,WEST PERTH,6005,North of River,Metro,151.8,38.099999999999994,37.0
2022-01-13,Shell Coles Express West Perth,Coles Express,ULP,185.9,30 Thomas St,WEST PERTH,6005,North of River,Metro,152.1,33.80000000000001,-4.0
2022-01-14,Shell Coles Express West Perth,Coles Express,ULP,181.9,30 Thomas St,WEST PERTH,6005,North of River,Metro,152.6,29.30000000000001,-4.0
2022-01-15,Shell Coles Express West Perth,Coles Express,ULP,176.9,30 Thomas St,WEST PERTH,6005,North of River,Metro,152.6,24.30000000000001,-5.0
2022-01-16,Shell Coles Express West Perth,Coles Express,ULP,176.9,30 Thomas St,WEST PERTH,6005,North of River,Metro,152.6,24.30000000000001,0.0
2022-01-17,Shell Coles Express West Perth,Coles Express,ULP,174.9,30 Thomas St,WEST PERTH,6005,North of River,Metro,153.0,21.900000000000006,-2.0
2022-01-18,Shell Coles Express West Perth,Coles Express,ULP,166.9,30 Thomas St,WEST PERTH,6005,North of River,Metro,153.4,13.5,-8.0
2022-01-19,Shell Coles Express West Perth,Coles Express,ULP,164.9,30 Thomas St,WEST PERTH,6005,North of River,Metro,154.3,10.599999999999994,-2.0
2022-01-20,Shell Coles Express West Perth,Coles Express,ULP,160.9,30 Thomas St,WEST PERTH,6005,North of River,Metro,155.0,5.900000000000006,-4.0
2022-01-21,Shell Coles Express West Perth,Coles Express,ULP,158.9,30 Thomas St,WEST PERTH,6005,North of River,Metro,155.9,3.0,-2.0
2022-01-22,Shell Coles Express West Perth,Coles Express,ULP,157.9,30 Thomas St,WEST PERTH,6005,North of River,Metro,155.9,2.0,-1.0
2022-01-23,Shell Coles Express West Perth,Coles Express,ULP,157.9,30 Thomas St,WEST PERTH,6005,North of River,Metro,155.9,2.0,0.0
2022-01-24,Shell Coles Express West Perth,Coles Express,ULP,156.9,30 Thomas St,WEST PERTH,6005,North of River,Metro,156.7,0.20000000000001705,-1.0
2022-01-25,Shell Coles Express West Perth,Coles Express,ULP,156.9,30 Thomas St,WEST PERTH,6005,North of River,Metro,157.0,-0.09999999999999432,0.0
2022-01-26,Shell Coles Express West Perth,Coles Express,ULP,191.9,30 Thomas St,WEST PERTH,6005,North of River,Metro,157.4,34.5,35.0
2022-01-27,Shell Coles Express West Perth,Coles Express,ULP,187.9,30 Thomas St,WEST PERTH,6005,North of River,Metro,157.6,30.30000000000001,-4.0
2022-01-28,Shell Coles Express West Perth,Coles Express,ULP,185.9,30 Thomas St,WEST PERTH,6005,North of River,Metro,158.5,27.400000000000006,-2.0
2022-01-29,Shell Coles Express West Perth,Coles Express,ULP,181.9,30 Thomas St,WEST PERTH,6005,North of River,Metro,158.5,23.400000000000006,-4.0
2022-01-30,Shell Coles Express West Perth,Coles Express,ULP,181.9,30 Thomas St,WEST PERTH,6005,North of River,Metro,158.5,23.400000000000006,0.0
2022-01-31,Shell Coles Express West Perth,Coles Express,ULP,179.9,30 Thomas St,WEST PERTH,6005,North of River,Metro,160.0,19.900000000000006,-2.0
2022-02-01,Shell Coles Express West Perth,Coles Express,ULP,173.9,30 Thomas St,WEST PERTH,6005,North of River,Metro,162.1,11.800000000000011,-6.0
2022-02-02,Shell Coles Express West Perth,Coles Express,ULP,172.9,30 Thomas St,WEST PERTH,6005,North of River,Metro,163.3,9.599999999999994,-1.0
2022-02-03,Shell Coles Express West Perth,Coles Express,ULP,169.9,30 Thomas St,WEST PERTH,6005,North of River,Metro,164.1,5.800000000000011,-3.0
2022-02-04,Shell Coles Express West Perth,Coles Express,ULP,167.9,30 Thomas St,WEST PERTH,6005,North of River,Metro,164.7,3.200000000000017,-2.0
2022-02-05,Shell Coles Express West Perth,Coles Express,ULP,166.9,30 Thomas St,WEST PERTH,6005,North of River,Metro,164.7,2.200000000000017,-1.0
2022-02-06,Shell Coles Express West Perth,Coles Express,ULP,166.9,30 Thomas St,WEST PERTH,6005,North of River,Metro,164.7,2.200000000000017,0.0
2022-02-07,Shell Coles Express West Perth,Coles Express,ULP,166.9,30 Thomas St,WEST PERTH,6005,North of River,Metro,165.3,1.5999999999999943,0.0
2022-02-08,Shell Coles Express West Perth,Coles Express,ULP,165.9,30 Thomas St,WEST PERTH,6005,North of River,Metro,166.1,-0.19999999999998863,-1.0
2022-02-09,Shell Coles Express West Perth,Coles Express,ULP,196.9,30 Thomas St,WEST PERTH,6005,North of River,Metro,166.5,30.400000000000006,31.0
2022-02-10,Shell Coles Express West Perth,Coles Express,ULP,195.9,30 Thomas St,WEST PERTH,6005,North of River,Metro,166.6,29.30000000000001,-1.0
2022-02-11,Shell Coles Express West Perth,Coles Express,ULP,190.9,30 Thomas St,WEST PERTH,6005,North of River,Metro,166.8,24.099999999999994,-5.0
2022-02-12,Shell Coles Express West Perth,Coles Express,ULP,187.9,30 Thomas St,WEST PERTH,6005,North of River,Metro,166.8,21.099999999999994,-3.0
2022-02-13,Shell Coles Express West Perth,Coles Express,ULP,185.9,30 Thomas St,WEST PERTH,6005,North of River,Metro,166.8,19.099999999999994,-2.0
2022-02-14,Shell Coles Express West Perth,Coles Express,ULP,185.9,30 Thomas St,WEST PERTH,6005,North of River,Metro,167.2,18.700000000000017,0.0
2022-02-15,Shell Coles Express West Perth,Coles Express,ULP,179.9,30 Thomas St,WEST PERTH,6005,North of River,Metro,167.8,12.099999999999994,-6.0
2022-02-16,Shell Coles Express West Perth,Coles Express,ULP,175.9,30 Thomas St,WEST PERTH,6005,North of River,Metro,168.7,7.200000000000017,-4.0
2022-02-17,Shell Coles Express West Perth,Coles Express,ULP,174.9,30 Thomas St,WEST PERTH,6005,North of River,Metro,169.6,5.300000000000011,-1.0
2022-02-18,Shell Coles Express West Perth,Coles Express,ULP,172.9,30 Thomas St,WEST PERTH,6005,North of River,Metro,170.2,2.700000000000017,-2.0
2022-02-19,Shell Coles Express West Perth,Coles Express,ULP,170.9,30 Thomas St,WEST PERTH,6005,North of River,Metro,170.2,0.700000000000017,-2.0
2022-02-20,Shell Coles Express West Perth,Coles Express,ULP,170.9,30 Thomas St,WEST PERTH,6005,North of River,Metro,170.2,0.700000000000017,0.0
2022-02-21,Shell Coles Express West Perth,Coles Express,ULP,169.9,30 Thomas St,WEST PERTH,6005,North of River,Metro,170.0,-0.09999999999999432,-1.0
2022-02-22,Shell Coles Express West Perth,Coles Express,ULP,169.9,30 Thomas St,WEST PERTH,6005,North of River,Metro,169.8,0.09999999999999432,0.0
2022-02-23,Shell Coles Express West Perth,Coles Express,ULP,195.9,30 Thomas St,WEST PERTH,6005,North of River,Metro,169.4,26.5,26.0
2022-02-24,Shell Coles Express West Perth,Coles Express,ULP,195.9,30 Thomas St,WEST PERTH,6005,North of River,Metro,169.6,26.30000000000001,0.0
2022-02-25,Shell Coles Express West Perth,Coles Express,ULP,189.9,30 Thomas St,WEST PERTH,6005,North of River,Metro,169.6,20.30000000000001,-6.0
2022-02-26,Shell Coles Express West Perth,Coles Express,ULP,187.9,30 Thomas St,WEST PERTH,6005,North of River,Metro,169.6,18.30000000000001,-2.0
2022-02-27,Shell Coles Express West Perth,Coles Express,ULP,187.9,30 Thomas St,WEST PERTH,6005,North of River,Metro,169.6,18.30000000000001,0.0
2022-02-28,Shell Coles Express West Perth,Coles Express,ULP,186.9,30 Thomas St,WEST PERTH,6005,North of River,Metro,171.0,15.900000000000006,-1.0
2022-03-01,Shell Coles Express West Perth,Coles Express,ULP,185.9,30 Thomas St,WEST PERTH,6005,North of River,Metro,172.4,13.5,-1.0
2022-03-02,Shell Coles Express West Perth,Coles Express,ULP,183.9,30 Thomas St,WEST PERTH,6005,North of River,Metro,173.3,10.599999999999994,-2.0
2022-03-03,Shell Coles Express West Perth,Coles Express,ULP,181.9,30 Thomas St,WEST PERTH,6005,North of River,Metro,174.4,7.5,-2.0
2022-03-04,Shell Coles Express West Perth,Coles Express,ULP,179.9,30 Thomas St,WEST PERTH,6005,North of River,Metro,177.7,2.200000000000017,-2.0
2022-03-05,Shell Coles Express West Perth,Coles Express,ULP,179.9,30 Thomas St,WEST PERTH,6005,North of River,Metro,177.7,2.200000000000017,0.0
2022-03-06,Shell Coles Express West Perth,Coles Express,ULP,179.9,30 Thomas St,WEST PERTH,6005,North of River,Metro,177.7,2.200000000000017,0.0
2022-03-07,Shell Coles Express West Perth,Coles Express,ULP,179.9,30 Thomas St,WEST PERTH,6005,North of River,Metro,178.8,1.0999999999999943,0.0
2022-03-08,Shell Coles Express West Perth,Coles Express,ULP,178.9,30 Thomas St,WEST PERTH,6005,North of River,Metro,183.5,-4.599999999999994,-1.0
2022-03-09,Shell Coles Express West Perth,Coles Express,ULP,215.9,30 Thomas St,WEST PERTH,6005,North of River,Metro,187.0,28.900000000000006,37.0
2022-03-10,Shell Coles Express West Perth,Coles Express,ULP,215.9,30 Thomas St,WEST PERTH,6005,North of River,Metro,192.0,23.900000000000006,0.0
2022-03-11,Shell Coles Express West Perth,Coles Express,ULP,211.9,30 Thomas St,WEST PERTH,6005,North of River,Metro,196.4,15.5,-4.0
2022-03-12,Shell Coles Express West Perth,Coles Express,ULP,209.9,30 Thomas St,WEST PERTH,6005,North of River,Metro,196.4,13.5,-2.0
2022-03-13,Shell Coles Express West Perth,Coles Express,ULP,209.9,30 Thomas St,WEST PERTH,6005,North of River,Metro,196.4,13.5,0.0
2022-03-14,Shell Coles Express West Perth,Coles Express,ULP,207.9,30 Thomas St,WEST PERTH,6005,North of River,Metro,198.0,9.900000000000006,-2.0
2022-03-15,Shell Coles Express West Perth,Coles Express,ULP,201.9,30 Thomas St,WEST PERTH,6005,North of River,Metro,197.8,4.099999999999994,-6.0
2022-03-16,Shell Coles Express West Perth,Coles Express,ULP,201.9,30 Thomas St,WEST PERTH,6005,North of River,Metro,195.8,6.099999999999994,0.0
2022-03-17,Shell Coles Express West Perth,Coles Express,ULP,201.9,30 Thomas St,WEST PERTH,6005,North of River,Metro,193.5,8.400000000000006,0.0
2022-03-18,Shell Coles Express West Perth,Coles Express,ULP,199.9,30 Thomas St,WEST PERTH,6005,North of River,Metro,188.0,11.900000000000006,-2.0
2022-03-19,Shell Coles Express West Perth,Coles Express,ULP,197.9,30 Thomas St,WEST PERTH,6005,North of River,Metro,188.0,9.900000000000006,-2.0
2022-03-20,Shell Coles Express West Perth,Coles Express,ULP,194.9,30 Thomas St,WEST PERTH,6005,North of River,Metro,188.0,6.900000000000006,-3.0
2022-03-21,Shell Coles Express West Perth,Coles Express,ULP,192.9,30 Thomas St,WEST PERTH,6005,North of River,Metro,186.7,6.200000000000017,-2.0
2022-03-22,Shell Coles Express West Perth,Coles Express,ULP,188.9,30 Thomas St,WEST PERTH,6005,North of River,Metro,185.1,3.8000000000000114,-4.0
2022-03-23,Shell Coles Express West Perth,Coles Express,ULP,219.9,30 Thomas St,WEST PERTH,6005,North of River,Metro,185.1,34.80000000000001,31.0
2022-03-24,Shell Coles Express West Perth,Coles Express,ULP,213.9,30 Thomas St,WEST PERTH,6005,North of River,Metro,186.3,27.599999999999994,-6.0
2022-03-25,Shell Coles Express West Perth,Coles Express,ULP,211.9,30 Thomas St,WEST PERTH,6005,North of River,Metro,187.2,24.700000000000017,-2.0
2022-03-26,Shell Coles Express West Perth,Coles Express,ULP,209.9,30 Thomas St,WEST PERTH,6005,North of River,Metro,187.2,22.700000000000017,-2.0
2022-03-27,Shell Coles Express West Perth,Coles Express,ULP,207.9,30 Thomas St,WEST PERTH,6005,North of River,Metro,187.2,20.700000000000017,-2.0
2022-03-28,Shell Coles Express West Perth,Coles Express,ULP,201.9,30 Thomas St,WEST PERTH,6005,North of River,Metro,188.2,13.700000000000017,-6.0
2022-03-29,Shell Coles Express West Perth,Coles Express,ULP,197.9,30 Thomas St,WEST PERTH,6005,North of River,Metro,187.8,10.099999999999994,-4.0
2022-03-30,Shell Coles Express West Perth,Coles Express,ULP,197.9,30 Thomas St,WEST PERTH,6005,North of River,Metro,174.9,23.0,0.0
2022-03-31,Shell Coles Express West Perth,Coles Express,ULP,185.9,30 Thomas St,WEST PERTH,6005,North of River,Metro,161.4,24.5,-12.0
2022-04-01,Shell Coles Express West Perth,Coles Express,ULP,181.9,30 Thomas St,WEST PERTH,6005,North of River,Metro,160.0,21.900000000000006,-4.0
2022-04-02,Shell Coles Express West Perth,Coles Express,ULP,179.9,30 Thomas St,WEST PERTH,6005,North of River,Metro,160.0,19.900000000000006,-2.0
2022-04-03,Shell Coles Express West Perth,Coles Express,ULP,179.9,30 Thomas St,WEST PERTH,6005,North of River,Metro,160.0,19.900000000000006,0.0
2022-04-04,Shell Coles Express West Perth,Coles Express,ULP,169.9,30 Thomas St,WEST PERTH,6005,North of River,Metro,158.7,11.200000000000017,-10.0
2022-04-05,Shell Coles Express West Perth,Coles Express,ULP,159.9,30 Thomas St,WEST PERTH,6005,North of River,Metro,156.9,3.0,-10.0
2022-04-06,Shell Coles Express West Perth,Coles Express,ULP,185.9,30 Thomas St,WEST PERTH,6005,North of River,Metro,155.8,30.099999999999994,26.0
2022-04-07,Shell Coles Express West Perth,Coles Express,ULP,179.9,30 Thomas St,WEST PERTH,6005,North of River,Metro,155.2,24.700000000000017,-6.0
2022-04-08,Shell Coles Express West Perth,Coles Express,ULP,179.9,30 Thomas St,WEST PERTH,6005,North of River,Metro,154.6,25.30000000000001,0.0
2022-04-09,Shell Coles Express West Perth,Coles Express,ULP,174.9,30 Thomas St,WEST PERTH,6005,North of River,Metro,154.6,20.30000000000001,-5.0
2022-04-10,Shell Coles Express West Perth,Coles Express,ULP,174.9,30 Thomas St,WEST PERTH,6005,North of River,Metro,154.6,20.30000000000001,0.0
2022-04-11,Shell Coles Express West Perth,Coles Express,ULP,168.9,30 Thomas St,WEST PERTH,6005,North of River,Metro,153.6,15.300000000000011,-6.0
2022-04-12,Shell Coles Express West Perth,Coles Express,ULP,165.9,30 Thomas St,WEST PERTH,6005,North of River,Metro,153.3,12.599999999999994,-3.0
2022-04-13,Shell Coles Express West Perth,Coles Express,ULP,163.9,30 Thomas St,WEST PERTH,6005,North of River,Metro,152.8,11.099999999999994,-2.0
2022-04-14,Shell Coles Express West Perth,Coles Express,ULP,157.9,30 Thomas St,WEST PERTH,6005,North of River,Metro,152.3,5.599999999999994,-6.0
2022-04-15,Shell Coles Express West Perth,Coles Express,ULP,158.9,30 Thomas St,WEST PERTH,6005,North of River,Metro,152.3,6.599999999999994,1.0
2022-04-16,Shell Coles Express West Perth,Coles Express,ULP,154.9,30 Thomas St,WEST PERTH,6005,North of River,Metro,152.3,2.5999999999999943,-4.0
2022-04-17,Shell Coles Express West Perth,Coles Express,ULP,152.9,30 Thomas St,WEST PERTH,6005,North of River,Metro,152.3,0.5999999999999943,-2.0
2022-04-18,Shell Coles Express West Perth,Coles Express,ULP,152.9,30 Thomas St,WEST PERTH,6005,North of River,Metro,152.7,0.20000000000001705,0.0
2022-04-19,Shell Coles Express West Perth,Coles Express,ULP,151.9,30 Thomas St,WEST PERTH,6005,North of River,Metro,154.3,-2.4000000000000057,-1.0
2022-04-20,Shell Coles Express West Perth,Coles Express,ULP,165.9,30 Thomas St,WEST PERTH,6005,North of River,Metro,157.5,8.400000000000006,14.0
2022-04-21,Shell Coles Express West Perth,Coles Express,ULP,169.9,30 Thomas St,WEST PERTH,6005,North of River,Metro,159.9,10.0,4.0
2022-04-22,Shell Coles Express West Perth,Coles Express,ULP,173.9,30 Thomas St,WEST PERTH,6005,North of River,Metro,161.4,12.5,4.0
2022-04-23,Shell Coles Express West Perth,Coles Express,ULP,173.9,30 Thomas St,WEST PERTH,6005,North of River,Metro,161.4,12.5,0.0
2022-04-24,Shell Coles Express West Perth,Coles Express,ULP,173.9,30 Thomas St,WEST PERTH,6005,North of River,Metro,161.4,12.5,0.0
2022-04-25,Shell Coles Express West Perth,Coles Express,ULP,169.9,30 Thomas St,WEST PERTH,6005,North of River,Metro,162.0,7.900000000000006,-4.0
2022-04-26,Shell Coles Express West Perth,Coles Express,ULP,167.9,30 Thomas St,WEST PERTH,6005,North of River,Metro,162.2,5.700000000000017,-2.0
2022-04-27,Shell Coles Express West Perth,Coles Express,ULP,167.9,30 Thomas St,WEST PERTH,6005,North of River,Metro,162.2,5.700000000000017,0.0
2022-04-28,Shell Coles Express West Perth,Coles Express,ULP,164.9,30 Thomas St,WEST PERTH,6005,North of River,Metro,162.7,2.200000000000017,-3.0
2022-04-29,Shell Coles Express West Perth,Coles Express,ULP,162.9,30 Thomas St,WEST PERTH,6005,North of River,Metro,164.0,-1.0999999999999943,-2.0
2022-04-30,Shell Coles Express West Perth,Coles Express,ULP,162.9,30 Thomas St,WEST PERTH,6005,North of River,Metro,164.0,-1.0999999999999943,0.0
2022-05-01,Shell Coles Express West Perth,Coles Express,ULP,162.9,30 Thomas St,WEST PERTH,6005,North of River,Metro,164.0,-1.0999999999999943,0.0
2022-05-02,Shell Coles Express West Perth,Coles Express,ULP,162.9,30 Thomas St,WEST PERTH,6005,North of River,Metro,165.2,-2.299999999999983,0.0
2022-05-03,Shell Coles Express West Perth,Coles Express,ULP,157.9,30 Thomas St,WEST PERTH,6005,North of River,Metro,166.8,-8.900000000000006,-5.0
2022-05-04,Shell Coles Express West Perth,Coles Express,ULP,189.9,30 Thomas St,WEST PERTH,6005,North of River,Metro,167.2,22.700000000000017,32.0
2022-05-05,Shell Coles Express West Perth,Coles Express,ULP,189.9,30 Thomas St,WEST PERTH,6005,North of River,Metro,169.9,20.0,0.0
2022-05-06,Shell Coles Express West Perth,Coles Express,ULP,189.9,30 Thomas St,WEST PERTH,6005,North of River,Metro,173.3,16.599999999999994,0.0
2022-05-07,Shell Coles Express West Perth,Coles Express,ULP,186.9,30 Thomas St,WEST PERTH,6005,North of River,Metro,173.3,13.599999999999994,-3.0
2022-05-08,Shell Coles Express West Perth,Coles Express,ULP,182.9,30 Thomas St,WEST PERTH,6005,North of River,Metro,173.3,9.599999999999994,-4.0
2022-05-09,Shell Coles Express West Perth,Coles Express,ULP,182.9,30 Thomas St,WEST PERTH,6005,North of River,Metro,175.1,7.800000000000011,0.0
2022-05-10,Shell Coles Express West Perth,Coles Express,ULP,179.9,30 Thomas St,WEST PERTH,6005,North of River,Metro,177.3,2.5999999999999943,-3.0
2022-05-11,Shell Coles Express West Perth,Coles Express,ULP,178.9,30 Thomas St,WEST PERTH,6005,North of River,Metro,178.4,0.5,-1.0
2022-05-12,Shell Coles Express West Perth,Coles Express,ULP,178.9,30 Thomas St,WEST PERTH,6005,North of River,Metro,178.8,0.09999999999999432,0.0
2022-05-13,Shell Coles Express West Perth,Coles Express,ULP,177.9,30 Thomas St,WEST PERTH,6005,North of River,Metro,178.9,-1.0,-1.0
2022-05-14,Shell Coles Express West Perth,Coles Express,ULP,175.9,30 Thomas St,WEST PERTH,6005,North of River,Metro,178.9,-3.0,-2.0
2022-05-15,Shell Coles Express West Perth,Coles Express,ULP,176.9,30 Thomas St,WEST PERTH,6005,North of River,Metro,178.9,-2.0,1.0
2022-05-16,Shell Coles Express West Perth,Coles Express,ULP,176.9,30 Thomas St,WEST PERTH,6005,North of River,Metro,179.4,-2.5,0.0
2022-05-17,Shell Coles Express West Perth,Coles Express,ULP,176.9,30 Thomas St,WEST PERTH,6005,North of River,Metro,180.2,-3.299999999999983,0.0
2022-05-18,Shell Coles Express West Perth,Coles Express,ULP,211.9,30 Thomas St,WEST PERTH,6005,North of River,Metro,181.2,30.700000000000017,35.0
2022-05-19,Shell Coles Express West Perth,Coles Express,ULP,209.9,30 Thomas St,WEST PERTH,6005,North of River,Metro,184.0,25.900000000000006,-2.0
2022-05-20,Shell Coles Express West Perth,Coles Express,ULP,207.9,30 Thomas St,WEST PERTH,6005,North of River,Metro,186.8,21.099999999999994,-2.0
2022-05-21,Shell Coles Express West Perth,Coles Express,ULP,207.9,30 Thomas St,WEST PERTH,6005,North of River,Metro,186.8,21.099999999999994,0.0
2022-05-22,Shell Coles Express West Perth,Coles Express,ULP,207.9,30 Thomas St,WEST PERTH,6005,North of River,Metro,186.8,21.099999999999994,0.0
2022-05-23,Shell Coles Express West Perth,Coles Express,ULP,201.9,30 Thomas St,WEST PERTH,6005,North of River,Metro,188.6,13.300000000000011,-6.0
2022-05-24,Shell Coles Express West Perth,Coles Express,ULP,197.9,30 Thomas St,WEST PERTH,6005,North of River,Metro,189.8,8.099999999999994,-4.0
2022-05-25,Shell Coles Express West Perth,Coles Express,ULP,197.9,30 Thomas St,WEST PERTH,6005,North of River,Metro,189.8,8.099999999999994,0.0
2022-05-26,Shell Coles Express West Perth,Coles Express,ULP,197.9,30 Thomas St,WEST PERTH,6005,North of River,Metro,188.7,9.200000000000017,0.0
2022-05-27,Shell Coles Express West Perth,Coles Express,ULP,191.9,30 Thomas St,WEST PERTH,6005,North of River,Metro,187.9,4.0,-6.0
2022-05-28,Shell Coles Express West Perth,Coles Express,ULP,191.9,30 Thomas St,WEST PERTH,6005,North of River,Metro,187.9,4.0,0.0
2022-05-29,Shell Coles Express West Perth,Coles Express,ULP,189.9,30 Thomas St,WEST PERTH,6005,North of River,Metro,187.9,2.0,-2.0
2022-05-30,Shell Coles Express West Perth,Coles Express,ULP,187.9,30 Thomas St,WEST PERTH,6005,North of River,Metro,187.6,0.30000000000001137,-2.0
2022-05-31,Shell Coles Express West Perth,Coles Express,ULP,185.9,30 Thomas St,WEST PERTH,6005,North of River,Metro,187.5,-1.5999999999999943,-2.0
2022-06-01,Shell Coles Express West Perth,Coles Express,ULP,215.9,30 Thomas St,WEST PERTH,6005,North of River,Metro,188.8,27.099999999999994,30.0
2022-06-02,Shell Coles Express West Perth,Coles Express,ULP,205.9,30 Thomas St,WEST PERTH,6005,North of River,Metro,189.8,16.099999999999994,-10.0
2022-06-03,Shell Coles Express West Perth,Coles Express,ULP,205.9,30 Thomas St,WEST PERTH,6005,North of River,Metro,189.9,16.0,0.0
2022-06-04,Shell Coles Express West Perth,Coles Express,ULP,205.9,30 Thomas St,WEST PERTH,6005,North of River,Metro,189.9,16.0,0.0
2022-06-05,Shell Coles Express West Perth,Coles Express,ULP,205.9,30 Thomas St,WEST PERTH,6005,North of River,Metro,189.9,16.0,0.0
2022-06-06,Shell Coles Express West Perth,Coles Express,ULP,203.9,30 Thomas St,WEST PERTH,6005,North of River,Metro,189.7,14.200000000000017,-2.0
2022-06-07,Shell Coles Express West Perth,Coles Express,ULP,191.9,30 Thomas St,WEST PERTH,6005,North of River,Metro,189.2,2.700000000000017,-12.0
2022-06-08,Shell Coles Express West Perth,Coles Express,ULP,198.9,30 Thomas St,WEST PERTH,6005,North of River,Metro,189.2,9.700000000000017,7.0
2022-06-09,Shell Coles Express West Perth,Coles Express,ULP,193.9,30 Thomas St,WEST PERTH,6005,North of River,Metro,189.1,4.800000000000011,-5.0
2022-06-10,Shell Coles Express West Perth,Coles Express,ULP,191.9,30 Thomas St,WEST PERTH,6005,North of River,Metro,189.5,2.4000000000000057,-2.0
2022-06-11,Shell Coles Express West Perth,Coles Express,ULP,189.9,30 Thomas St,WEST PERTH,6005,North of River,Metro,189.5,0.4000000000000057,-2.0
2022-06-12,Shell Coles Express West Perth,Coles Express,ULP,189.9,30 Thomas St,WEST PERTH,6005,North of River,Metro,189.5,0.4000000000000057,0.0
2022-06-13,Shell Coles Express West Perth,Coles Express,ULP,188.9,30 Thomas St,WEST PERTH,6005,North of River,Metro,190.5,-1.5999999999999943,-1.0
2022-06-14,Shell Coles Express West Perth,Coles Express,ULP,187.9,30 Thomas St,WEST PERTH,6005,North of River,Metro,192.7,-4.799999999999983,-1.0
2022-06-15,Shell Coles Express West Perth,Coles Express,ULP,218.9,30 Thomas St,WEST PERTH,6005,North of River,Metro,193.8,25.099999999999994,31.0
2022-06-16,Shell Coles Express West Perth,Coles Express,ULP,218.9,30 Thomas St,WEST PERTH,6005,North of River,Metro,195.9,23.0,0.0
2022-06-17,Shell Coles Express West Perth,Coles Express,ULP,209.9,30 Thomas St,WEST PERTH,6005,North of River,Metro,197.8,12.099999999999994,-9.0
2022-06-18,Shell Coles Express West Perth,Coles Express,ULP,209.9,30 Thomas St,WEST PERTH,6005,North of River,Metro,197.8,12.099999999999994,0.0
2022-06-19,Shell Coles Express West Perth,Coles Express,ULP,209.9,30 Thomas St,WEST PERTH,6005,North of River,Metro,197.8,12.099999999999994,0.0
2022-06-20,Shell Coles Express West Perth,Coles Express,ULP,206.9,30 Thomas St,WEST PERTH,6005,North of River,Metro,198.6,8.300000000000011,-3.0
2022-06-21,Shell Coles Express West Perth,Coles Express,ULP,199.9,30 Thomas St,WEST PERTH,6005,North of River,Metro,198.7,1.200000000000017,-7.0
2022-06-22,Shell Coles Express West Perth,Coles Express,ULP,203.9,30 Thomas St,WEST PERTH,6005,North of River,Metro,198.8,5.099999999999994,4.0
2022-06-23,Shell Coles Express West Perth,Coles Express,ULP,201.9,30 Thomas St,WEST PERTH,6005,North of River,Metro,199.1,2.8000000000000114,-2.0
2022-06-24,Shell Coles Express West Perth,Coles Express,ULP,199.9,30 Thomas St,WEST PERTH,6005,North of River,Metro,198.7,1.200000000000017,-2.0
2022-06-25,Shell Coles Express West Perth,Coles Express,ULP,199.9,30 Thomas St,WEST PERTH,6005,North of River,Metro,198.7,1.200000000000017,0.0
2022-06-26,Shell Coles Express West Perth,Coles Express,ULP,199.9,30 Thomas St,WEST PERTH,6005,North of River,Metro,198.7,1.200000000000017,0.0
2022-06-27,Shell Coles Express West Perth,Coles Express,ULP,197.9,30 Thomas St,WEST PERTH,6005,North of River,Metro,197.9,0.0,-2.0
2022-06-28,Shell Coles Express West Perth,Coles Express,ULP,196.9,30 Thomas St,WEST PERTH,6005,North of River,Metro,198.3,-1.4000000000000057,-1.0
2022-06-29,Shell Coles Express West Perth,Coles Express,ULP,235.9,30 Thomas St,WEST PERTH,6005,North of River,Metro,198.6,37.30000000000001,39.0
2022-06-30,Shell Coles Express West Perth,Coles Express,ULP,225.9,30 Thomas St,WEST PERTH,6005,North of River,Metro,198.2,27.700000000000017,-10.0
2022-07-01,Shell Coles Express West Perth,Coles Express,ULP,219.9,30 Thomas St,WEST PERTH,6005,North of River,Metro,198.6,21.30000000000001,-6.0
2022-07-02,Shell Coles Express West Perth,Coles Express,ULP,199.9,30 Thomas St,WEST PERTH,6005,North of River,Metro,198.6,1.3000000000000114,-20.0
2022-07-03,Shell Coles Express West Perth,Coles Express,ULP,199.9,30 Thomas St,WEST PERTH,6005,North of River,Metro,198.6,1.3000000000000114,0.0
2022-07-04,Shell Coles Express West Perth,Coles Express,ULP,199.9,30 Thomas St,WEST PERTH,6005,North of River,Metro,197.8,2.0999999999999943,0.0
2022-07-05,Shell Coles Express West Perth,Coles Express,ULP,197.9,30 Thomas St,WEST PERTH,6005,North of River,Metro,196.3,1.5999999999999943,-2.0
2022-07-06,Shell Coles Express West Perth,Coles Express,ULP,235.9,30 Thomas St,WEST PERTH,6005,North of River,Metro,195.3,40.599999999999994,38.0
2022-07-07,Shell Coles Express West Perth,Coles Express,ULP,219.9,30 Thomas St,WEST PERTH,6005,North of River,Metro,193.0,26.900000000000006,-16.0
2022-07-08,Shell Coles Express West Perth,Coles Express,ULP,203.9,30 Thomas St,WEST PERTH,6005,North of River,Metro,189.8,14.099999999999994,-16.0
2022-07-09,Shell Coles Express West Perth,Coles Express,ULP,199.9,30 Thomas St,WEST PERTH,6005,North of River,Metro,189.8,10.099999999999994,-4.0
2022-07-10,Shell Coles Express West Perth,Coles Express,ULP,196.9,30 Thomas St,WEST PERTH,6005,North of River,Metro,189.8,7.099999999999994,-3.0
2022-07-11,Shell Coles Express West Perth,Coles Express,ULP,192.9,30 Thomas St,WEST PERTH,6005,North of River,Metro,183.6,9.300000000000011,-4.0
2022-07-12,Shell Coles Express West Perth,Coles Express,ULP,187.9,30 Thomas St,WEST PERTH,6005,North of River,Metro,180.5,7.400000000000006,-5.0
2022-07-13,Shell Coles Express West Perth,Coles Express,ULP,219.9,30 Thomas St,WEST PERTH,6005,North of River,Metro,177.1,42.80000000000001,32.0
2022-07-14,Shell Coles Express West Perth,Coles Express,ULP,209.9,30 Thomas St,WEST PERTH,6005,North of River,Metro,172.5,37.400000000000006,-10.0
2022-07-15,Shell Coles Express West Perth,Coles Express,ULP,199.9,30 Thomas St,WEST PERTH,6005,North of River,Metro,169.7,30.200000000000017,-10.0
2022-07-16,Shell Coles Express West Perth,Coles Express,ULP,187.9,30 Thomas St,WEST PERTH,6005,North of River,Metro,169.7,18.200000000000017,-12.0
2022-07-17,Shell Coles Express West Perth,Coles Express,ULP,187.9,30 Thomas St,WEST PERTH,6005,North of River,Metro,169.7,18.200000000000017,0.0
2022-07-18,Shell Coles Express West Perth,Coles Express,ULP,179.9,30 Thomas St,WEST PERTH,6005,North of River,Metro,166.0,13.900000000000006,-8.0
2022-07-19,Shell Coles Express West Perth,Coles Express,ULP,169.9,30 Thomas St,WEST PERTH,6005,North of River,Metro,163.3,6.599999999999994,-10.0
2022-07-20,Shell Coles Express West Perth,Coles Express,ULP,199.9,30 Thomas St,WEST PERTH,6005,North of River,Metro,162.4,37.5,30.0
2022-07-21,Shell Coles Express West Perth,Coles Express,ULP,192.9,30 Thomas St,WEST PERTH,6005,North of River,Metro,161.2,31.700000000000017,-7.0
2022-07-22,Shell Coles Express West Perth,Coles Express,ULP,171.9,30 Thomas St,WEST PERTH,6005,North of River,Metro,160.7,11.200000000000017,-21.0
2022-07-23,Shell Coles Express West Perth,Coles Express,ULP,169.9,30 Thomas St,WEST PERTH,6005,North of River,Metro,160.7,9.200000000000017,-2.0
2022-07-24,Shell Coles Express West Perth,Coles Express,ULP,167.9,30 Thomas St,WEST PERTH,6005,North of River,Metro,160.7,7.200000000000017,-2.0
2022-07-25,Shell Coles Express West Perth,Coles Express,ULP,163.9,30 Thomas St,WEST PERTH,6005,North of River,Metro,159.2,4.700000000000017,-4.0
2022-07-26,Shell Coles Express West Perth,Coles Express,ULP,159.9,30 Thomas St,WEST PERTH,6005,North of River,Metro,157.9,2.0,-4.0
2022-07-27,Shell Coles Express West Perth,Coles Express,ULP,199.9,30 Thomas St,WEST PERTH,6005,North of River,Metro,156.2,43.70000000000002,40.0
2022-07-28,Shell Coles Express West Perth,Coles Express,ULP,191.9,30 Thomas St,WEST PERTH,6005,North of River,Metro,156.2,35.70000000000002,-8.0
2022-07-29,Shell Coles Express West Perth,Coles Express,ULP,177.9,30 Thomas St,WEST PERTH,6005,North of River,Metro,156.0,21.900000000000006,-14.0
2022-07-30,Shell Coles Express West Perth,Coles Express,ULP,167.9,30 Thomas St,WEST PERTH,6005,North of River,Metro,156.0,11.900000000000006,-10.0
2022-07-31,Shell Coles Express West Perth,Coles Express,ULP,165.9,30 Thomas St,WEST PERTH,6005,North of River,Metro,156.0,9.900000000000006,-2.0
2022-08-01,Shell Coles Express West Perth,Coles Express,ULP,161.9,30 Thomas St,WEST PERTH,6005,North of River,Metro,156.9,5.0,-4.0
2022-08-02,Shell Coles Express West Perth,Coles Express,ULP,156.9,30 Thomas St,WEST PERTH,6005,North of River,Metro,159.2,-2.299999999999983,-5.0
2022-08-03,Shell Coles Express West Perth,Coles Express,ULP,189.9,30 Thomas St,WEST PERTH,6005,North of River,Metro,160.2,29.700000000000017,33.0
2022-08-04,Shell Coles Express West Perth,Coles Express,ULP,179.9,30 Thomas St,WEST PERTH,6005,North of River,Metro,159.3,20.599999999999994,-10.0
2022-08-05,Shell Coles Express West Perth,Coles Express,ULP,163.9,30 Thomas St,WEST PERTH,6005,North of River,Metro,158.7,5.200000000000017,-16.0
2022-08-06,Shell Coles Express West Perth,Coles Express,ULP,161.9,30 Thomas St,WEST PERTH,6005,North of River,Metro,158.7,3.200000000000017,-2.0
2022-08-07,Shell Coles Express West Perth,Coles Express,ULP,161.9,30 Thomas St,WEST PERTH,6005,North of River,Metro,158.7,3.200000000000017,0.0
2022-08-08,Shell Coles Express West Perth,Coles Express,ULP,159.9,30 Thomas St,WEST PERTH,6005,North of River,Metro,157.6,2.3000000000000114,-2.0
2022-08-09,Shell Coles Express West Perth,Coles Express,ULP,153.9,30 Thomas St,WEST PERTH,6005,North of River,Metro,155.0,-1.0999999999999943,-6.0
2022-08-10,Shell Coles Express West Perth,Coles Express,ULP,185.9,30 Thomas St,WEST PERTH,6005,North of River,Metro,153.1,32.80000000000001,32.0
2022-08-11,Shell Coles Express West Perth,Coles Express,ULP,173.9,30 Thomas St,WEST PERTH,6005,North of River,Metro,152.1,21.80000000000001,-12.0
2022-08-12,Shell Coles Express West Perth,Coles Express,ULP,163.9,30 Thomas St,WEST PERTH,6005,North of River,Metro,150.4,13.5,-10.0
2022-08-13,Shell Coles Express West Perth,Coles Express,ULP,159.9,30 Thomas St,WEST PERTH,6005,North of River,Metro,150.4,9.5,-4.0
2022-08-14,Shell Coles Express West Perth,Coles Express,ULP,153.9,30 Thomas St,WEST PERTH,6005,North of River,Metro,150.4,3.5,-6.0
2022-08-15,Shell Coles Express West Perth,Coles Express,ULP,151.9,30 Thomas St,WEST PERTH,6005,North of River,Metro,150.2,1.700000000000017,-2.0
2022-08-16,Shell Coles Express West Perth,Coles Express,ULP,143.9,30 Thomas St,WEST PERTH,6005,North of River,Metro,151.3,-7.400000000000006,-8.0
2022-08-17,Shell Coles Express West Perth,Coles Express,ULP,189.9,30 Thomas St,WEST PERTH,6005,North of River,Metro,151.3,38.599999999999994,46.0
2022-08-18,Shell Coles Express West Perth,Coles Express,ULP,169.9,30 Thomas St,WEST PERTH,6005,North of River,Metro,151.1,18.80000000000001,-20.0
2022-08-19,Shell Coles Express West Perth,Coles Express,ULP,159.9,30 Thomas St,WEST PERTH,6005,North of River,Metro,151.3,8.599999999999994,-10.0
2022-08-20,Shell Coles Express West Perth,Coles Express,ULP,153.9,30 Thomas St,WEST PERTH,6005,North of River,Metro,151.3,2.5999999999999943,-6.0
2022-08-21,Shell Coles Express West Perth,Coles Express,ULP,151.9,30 Thomas St,WEST PERTH,6005,North of River,Metro,151.3,0.5999999999999943,-2.0
2022-08-22,Shell Coles Express West Perth,Coles Express,ULP,151.9,30 Thomas St,WEST PERTH,6005,North of River,Metro,151.9,0.0,0.0
2022-08-23,Shell Coles Express West Perth,Coles Express,ULP,149.9,30 Thomas St,WEST PERTH,6005,North of River,Metro,152.5,-2.5999999999999943,-2.0
2022-08-24,Shell Coles Express West Perth,Coles Express,ULP,179.9,30 Thomas St,WEST PERTH,6005,North of River,Metro,153.5,26.400000000000006,30.0
2022-08-25,Shell Coles Express West Perth,Coles Express,ULP,176.9,30 Thomas St,WEST PERTH,6005,North of River,Metro,154.8,22.099999999999994,-3.0
2022-08-26,Shell Coles Express West Perth,Coles Express,ULP,175.9,30 Thomas St,WEST PERTH,6005,North of River,Metro,156.2,19.700000000000017,-1.0
2022-08-27,Shell Coles Express West Perth,Coles Express,ULP,159.9,30 Thomas St,WEST PERTH,6005,North of River,Metro,156.2,3.700000000000017,-16.0
2022-08-28,Shell Coles Express West Perth,Coles Express,ULP,157.9,30 Thomas St,WEST PERTH,6005,North of River,Metro,156.2,1.700000000000017,-2.0
2022-08-29,Shell Coles Express West Perth,Coles Express,ULP,155.9,30 Thomas St,WEST PERTH,6005,North of River,Metro,156.8,-0.9000000000000057,-2.0
2022-08-30,Shell Coles Express West Perth,Coles Express,ULP,153.9,30 Thomas St,WEST PERTH,6005,North of River,Metro,156.8,-2.9000000000000057,-2.0
2022-08-31,Shell Coles Express West Perth,Coles Express,ULP,179.9,30 Thomas St,WEST PERTH,6005,North of River,Metro,156.7,23.200000000000017,26.0
2022-09-01,Shell Coles Express West Perth,Coles Express,ULP,175.9,30 Thomas St,WEST PERTH,6005,North of River,Metro,156.2,19.700000000000017,-4.0
2022-09-02,Shell Coles Express West Perth,Coles Express,ULP,169.9,30 Thomas St,WEST PERTH,6005,North of River,Metro,153.9,16.0,-6.0
2022-09-03,Shell Coles Express West Perth,Coles Express,ULP,163.9,30 Thomas St,WEST PERTH,6005,North of River,Metro,153.9,10.0,-6.0
2022-09-04,Shell Coles Express West Perth,Coles Express,ULP,159.9,30 Thomas St,WEST PERTH,6005,North of River,Metro,153.9,6.0,-4.0
2022-09-05,Shell Coles Express West Perth,Coles Express,ULP,157.9,30 Thomas St,WEST PERTH,6005,North of River,Metro,150.8,7.099999999999994,-2.0
2022-09-06,Shell Coles Express West Perth,Coles Express,ULP,149.9,30 Thomas St,WEST PERTH,6005,North of River,Metro,149.7,0.20000000000001705,-8.0
2022-09-07,Shell Coles Express West Perth,Coles Express,ULP,189.9,30 Thomas St,WEST PERTH,6005,North of River,Metro,149.0,40.900000000000006,40.0
2022-09-08,Shell Coles Express West Perth,Coles Express,ULP,186.9,30 Thomas St,WEST PERTH,6005,North of River,Metro,148.5,38.400000000000006,-3.0
2022-09-09,Shell Coles Express West Perth,Coles Express,ULP,179.9,30 Thomas St,WEST PERTH,6005,North of River,Metro,149.2,30.700000000000017,-7.0
2022-09-10,Shell Coles Express West Perth,Coles Express,ULP,159.9,30 Thomas St,WEST PERTH,6005,North of River,Metro,149.2,10.700000000000017,-20.0
2022-09-11,Shell Coles Express West Perth,Coles Express,ULP,157.9,30 Thomas St,WEST PERTH,6005,North of River,Metro,149.2,8.700000000000017,-2.0
2022-09-12,Shell Coles Express West Perth,Coles Express,ULP,153.9,30 Thomas St,WEST PERTH,6005,North of River,Metro,149.2,4.700000000000017,-4.0
2022-09-13,Shell Coles Express West Perth,Coles Express,ULP,146.9,30 Thomas St,WEST PERTH,6005,North of River,Metro,149.4,-2.5,-7.0
2022-09-14,Shell Coles Express West Perth,Coles Express,ULP,189.9,30 Thomas St,WEST PERTH,6005,North of River,Metro,150.0,39.900000000000006,43.0
2022-09-15,Shell Coles Express West Perth,Coles Express,ULP,179.9,30 Thomas St,WEST PERTH,6005,North of River,Metro,150.1,29.80000000000001,-10.0
2022-09-16,Shell Coles Express West Perth,Coles Express,ULP,169.9,30 Thomas St,WEST PERTH,6005,North of River,Metro,150.0,19.900000000000006,-10.0
2022-09-17,Shell Coles Express West Perth,Coles Express,ULP,159.9,30 Thomas St,WEST PERTH,6005,North of River,Metro,150.0,9.900000000000006,-10.0
2022-09-18,Shell Coles Express West Perth,Coles Express,ULP,156.9,30 Thomas St,WEST PERTH,6005,North of River,Metro,150.0,6.900000000000006,-3.0
2022-09-19,Shell Coles Express West Perth,Coles Express,ULP,151.9,30 Thomas St,WEST PERTH,6005,North of River,Metro,150.3,1.5999999999999943,-5.0
2022-09-20,Shell Coles Express West Perth,Coles Express,ULP,145.9,30 Thomas St,WEST PERTH,6005,North of River,Metro,148.6,-2.6999999999999886,-6.0
2022-09-21,Shell Coles Express West Perth,Coles Express,ULP,179.9,30 Thomas St,WEST PERTH,6005,North of River,Metro,146.8,33.099999999999994,34.0
2022-09-22,Shell Coles Express West Perth,Coles Express,ULP,175.9,30 Thomas St,WEST PERTH,6005,North of River,Metro,145.8,30.099999999999994,-4.0
2022-09-23,Shell Coles Express West Perth,Coles Express,ULP,165.9,30 Thomas St,WEST PERTH,6005,North of River,Metro,145.2,20.700000000000017,-10.0
2022-09-24,Shell Coles Express West Perth,Coles Express,ULP,158.9,30 Thomas St,WEST PERTH,6005,North of River,Metro,145.2,13.700000000000017,-7.0
2022-09-25,Shell Coles Express West Perth,Coles Express,ULP,153.9,30 Thomas St,WEST PERTH,6005,North of River,Metro,145.2,8.700000000000017,-5.0
2022-09-26,Shell Coles Express West Perth,Coles Express,ULP,148.9,30 Thomas St,WEST PERTH,6005,North of River,Metro,144.0,4.900000000000006,-5.0
2022-09-27,Shell Coles Express West Perth,Coles Express,ULP,139.9,30 Thomas St,WEST PERTH,6005,North of River,Metro,143.6,-3.6999999999999886,-9.0
2022-09-28,Shell Coles Express West Perth,Coles Express,ULP,185.9,30 Thomas St,WEST PERTH,6005,North of River,Metro,149.4,36.5,46.0
2022-09-29,Shell Coles Express West Perth,Coles Express,ULP,185.9,30 Thomas St,WEST PERTH,6005,North of River,Metro,168.0,17.900000000000006,0.0
2022-09-30,Shell Coles Express West Perth,Coles Express,ULP,185.9,30 Thomas St,WEST PERTH,6005,North of River,Metro,168.0,17.900000000000006,0.0
2022-10-01,Shell Coles Express West Perth,Coles Express,ULP,176.9,30 Thomas St,WEST PERTH,6005,North of River,Metro,168.0,8.900000000000006,-9.0
2022-10-02,Shell Coles Express West Perth,Coles Express,ULP,173.9,30 Thomas St,WEST PERTH,6005,North of River,Metro,168.0,5.900000000000006,-3.0
2022-10-03,Shell Coles Express West Perth,Coles Express,ULP,169.9,30 Thomas St,WEST PERTH,6005,North of River,Metro,167.2,2.700000000000017,-4.0
2022-10-04,Shell Coles Express West Perth,Coles Express,ULP,165.9,30 Thomas St,WEST PERTH,6005,North of River,Metro,167.8,-1.9000000000000057,-4.0
2022-10-05,Shell Coles Express West Perth,Coles Express,ULP,199.9,30 Thomas St,WEST PERTH,6005,North of River,Metro,168.4,31.5,34.0
2022-10-06,Shell Coles Express West Perth,Coles Express,ULP,189.9,30 Thomas St,WEST PERTH,6005,North of River,Metro,168.2,21.700000000000017,-10.0
2022-10-07,Shell Coles Express West Perth,Coles Express,ULP,185.9,30 Thomas St,WEST PERTH,6005,North of River,Metro,168.8,17.099999999999994,-4.0
2022-10-08,Shell Coles Express West Perth,Coles Express,ULP,179.9,30 Thomas St,WEST PERTH,6005,North of River,Metro,168.8,11.099999999999994,-6.0
2022-10-09,Shell Coles Express West Perth,Coles Express,ULP,173.9,30 Thomas St,WEST PERTH,6005,North of River,Metro,168.8,5.099999999999994,-6.0
2022-10-10,Shell Coles Express West Perth,Coles Express,ULP,171.9,30 Thomas St,WEST PERTH,6005,North of River,Metro,169.2,2.700000000000017,-2.0
2022-10-11,Shell Coles Express West Perth,Coles Express,ULP,165.9,30 Thomas St,WEST PERTH,6005,North of River,Metro,170.0,-4.099999999999994,-6.0
2022-10-12,Shell Coles Express West Perth,Coles Express,ULP,199.9,30 Thomas St,WEST PERTH,6005,North of River,Metro,171.0,28.900000000000006,34.0
2022-10-13,Shell Coles Express West Perth,Coles Express,ULP,185.9,30 Thomas St,WEST PERTH,6005,North of River,Metro,171.9,14.0,-14.0
2022-10-14,Shell Coles Express West Perth,Coles Express,ULP,179.9,30 Thomas St,WEST PERTH,6005,North of River,Metro,173.1,6.800000000000011,-6.0
2022-10-15,Shell Coles Express West Perth,Coles Express,ULP,178.9,30 Thomas St,WEST PERTH,6005,North of River,Metro,173.1,5.800000000000011,-1.0
2022-10-16,Shell Coles Express West Perth,Coles Express,ULP,176.9,30 Thomas St,WEST PERTH,6005,North of River,Metro,173.1,3.8000000000000114,-2.0
2022-10-17,Shell Coles Express West Perth,Coles Express,ULP,173.9,30 Thomas St,WEST PERTH,6005,North of River,Metro,173.1,0.8000000000000114,-3.0
2022-10-18,Shell Coles Express West Perth,Coles Express,ULP,171.9,30 Thomas St,WEST PERTH,6005,North of River,Metro,174.0,-2.0999999999999943,-2.0
2022-10-19,Shell Coles Express West Perth,Coles Express,ULP,209.9,30 Thomas St,WEST PERTH,6005,North of River,Metro,174.0,35.900000000000006,38.0
2022-10-20,Shell Coles Express West Perth,Coles Express,ULP,203.9,30 Thomas St,WEST PERTH,6005,North of River,Metro,173.8,30.099999999999994,-6.0
2022-10-21,Shell Coles Express West Perth,Coles Express,ULP,199.9,30 Thomas St,WEST PERTH,6005,North of River,Metro,173.4,26.5,-4.0
2022-10-22,Shell Coles Express West Perth,Coles Express,ULP,183.9,30 Thomas St,WEST PERTH,6005,North of River,Metro,173.4,10.5,-16.0
2022-10-23,Shell Coles Express West Perth,Coles Express,ULP,178.9,30 Thomas St,WEST PERTH,6005,North of River,Metro,173.4,5.5,-5.0
2022-10-24,Shell Coles Express West Perth,Coles Express,ULP,176.9,30 Thomas St,WEST PERTH,6005,North of River,Metro,173.7,3.200000000000017,-2.0
2022-10-25,Shell Coles Express West Perth,Coles Express,ULP,168.9,30 Thomas St,WEST PERTH,6005,North of River,Metro,173.9,-5.0,-8.0
2022-10-26,Shell Coles Express West Perth,Coles Express,ULP,199.9,30 Thomas St,WEST PERTH,6005,North of River,Metro,173.7,26.200000000000017,31.0
2022-10-27,Shell Coles Express West Perth,Coles Express,ULP,189.9,30 Thomas St,WEST PERTH,6005,North of River,Metro,173.8,16.099999999999994,-10.0
2022-10-28,Shell Coles Express West Perth,Coles Express,ULP,183.9,30 Thomas St,WEST PERTH,6005,North of River,Metro,173.6,10.300000000000011,-6.0
2022-10-29,Shell Coles Express West Perth,Coles Express,ULP,178.9,30 Thomas St,WEST PERTH,6005,North of River,Metro,173.6,5.300000000000011,-5.0
2022-10-30,Shell Coles Express West Perth,Coles Express,ULP,176.9,30 Thomas St,WEST PERTH,6005,North of River,Metro,173.6,3.3000000000000114,-2.0
2022-10-31,Shell Coles Express West Perth,Coles Express,ULP,175.9,30 Thomas St,WEST PERTH,6005,North of River,Metro,172.7,3.200000000000017,-1.0
2022-11-01,Shell Coles Express West Perth,Coles Express,ULP,169.9,30 Thomas St,WEST PERTH,6005,North of River,Metro,172.0,-2.0999999999999943,-6.0
2022-11-02,Shell Coles Express West Perth,Coles Express,ULP,209.9,30 Thomas St,WEST PERTH,6005,North of River,Metro,171.6,38.30000000000001,40.0
2022-11-03,Shell Coles Express West Perth,Coles Express,ULP,199.9,30 Thomas St,WEST PERTH,6005,North of River,Metro,171.5,28.400000000000006,-10.0
2022-11-04,Shell Coles Express West Perth,Coles Express,ULP,189.9,30 Thomas St,WEST PERTH,6005,North of River,Metro,172.0,17.900000000000006,-10.0
2022-11-05,Shell Coles Express West Perth,Coles Express,ULP,183.9,30 Thomas St,WEST PERTH,6005,North of River,Metro,172.0,11.900000000000006,-6.0
2022-11-06,Shell Coles Express West Perth,Coles Express,ULP,178.9,30 Thomas St,WEST PERTH,6005,North of River,Metro,172.0,6.900000000000006,-5.0
2022-11-07,Shell Coles Express West Perth,Coles Express,ULP,175.9,30 Thomas St,WEST PERTH,6005,North of River,Metro,172.9,3.0,-3.0
2022-11-08,Shell Coles Express West Perth,Coles Express,ULP,169.9,30 Thomas St,WEST PERTH,6005,North of River,Metro,175.2,-5.299999999999983,-6.0
2022-11-09,Shell Coles Express West Perth,Coles Express,ULP,209.9,30 Thomas St,WEST PERTH,6005,North of River,Metro,177.6,32.30000000000001,40.0
2022-11-10,Shell Coles Express West Perth,Coles Express,ULP,199.9,30 Thomas St,WEST PERTH,6005,North of River,Metro,179.0,20.900000000000006,-10.0
2022-11-11,Shell Coles Express West Perth,Coles Express,ULP,189.9,30 Thomas St,WEST PERTH,6005,North of River,Metro,179.4,10.5,-10.0
2022-11-12,Shell Coles Express West Perth,Coles Express,ULP,186.9,30 Thomas St,WEST PERTH,6005,North of River,Metro,179.4,7.5,-3.0
2022-11-13,Shell Coles Express West Perth,Coles Express,ULP,183.9,30 Thomas St,WEST PERTH,6005,North of River,Metro,179.4,4.5,-3.0
2022-11-14,Shell Coles Express West Perth,Coles Express,ULP,181.9,30 Thomas St,WEST PERTH,6005,North of River,Metro,179.2,2.700000000000017,-2.0
2022-11-15,Shell Coles Express West Perth,Coles Express,ULP,176.9,30 Thomas St,WEST PERTH,6005,North of River,Metro,177.9,-1.0,-5.0
2022-11-16,Shell Coles Express West Perth,Coles Express,ULP,214.9,30 Thomas St,WEST PERTH,6005,North of River,Metro,177.1,37.80000000000001,38.0
2022-11-17,Shell Coles Express West Perth,Coles Express,ULP,199.9,30 Thomas St,WEST PERTH,6005,North of River,Metro,175.5,24.400000000000006,-15.0
2022-11-18,Shell Coles Express West Perth,Coles Express,ULP,189.9,30 Thomas St,WEST PERTH,6005,North of River,Metro,174.3,15.599999999999994,-10.0
2022-11-19,Shell Coles Express West Perth,Coles Express,ULP,179.9,30 Thomas St,WEST PERTH,6005,North of River,Metro,174.3,5.599999999999994,-10.0
2022-11-20,Shell Coles Express West Perth,Coles Express,ULP,178.9,30 Thomas St,WEST PERTH,6005,North of River,Metro,174.3,4.599999999999994,-1.0
2022-11-21,Shell Coles Express West Perth,Coles Express,ULP,175.9,30 Thomas St,WEST PERTH,6005,North of River,Metro,173.4,2.5,-3.0
2022-11-22,Shell Coles Express West Perth,Coles Express,ULP,169.9,30 Thomas St,WEST PERTH,6005,North of River,Metro,172.3,-2.4000000000000057,-6.0
2022-11-23,Shell Coles Express West Perth,Coles Express,ULP,199.9,30 Thomas St,WEST PERTH,6005,North of River,Metro,171.4,28.5,30.0
2022-11-24,Shell Coles Express West Perth,Coles Express,ULP,189.9,30 Thomas St,WEST PERTH,6005,North of River,Metro,170.9,19.0,-10.0
2022-11-25,Shell Coles Express West Perth,Coles Express,ULP,183.9,30 Thomas St,WEST PERTH,6005,North of River,Metro,170.4,13.5,-6.0
2022-11-26,Shell Coles Express West Perth,Coles Express,ULP,178.9,30 Thomas St,WEST PERTH,6005,North of River,Metro,170.4,8.5,-5.0
2022-11-27,Shell Coles Express West Perth,Coles Express,ULP,173.9,30 Thomas St,WEST PERTH,6005,North of River,Metro,170.4,3.5,-5.0
2022-11-28,Shell Coles Express West Perth,Coles Express,ULP,169.9,30 Thomas St,WEST PERTH,6005,North of River,Metro,169.5,0.4000000000000057,-4.0
2022-11-29,Shell Coles Express West Perth,Coles Express,ULP,165.9,30 Thomas St,WEST PERTH,6005,North of River,Metro,168.7,-2.799999999999983,-4.0
2022-11-30,Shell Coles Express West Perth,Coles Express,ULP,209.9,30 Thomas St,WEST PERTH,6005,North of River,Metro,167.1,42.80000000000001,44.0
2022-12-01,Shell Coles Express West Perth,Coles Express,ULP,199.9,30 Thomas St,WEST PERTH,6005,North of River,Metro,165.8,34.099999999999994,-10.0
2022-12-02,Shell Coles Express West Perth,Coles Express,ULP,185.9,30 Thomas St,WEST PERTH,6005,North of River,Metro,164.4,21.5,-14.0
2022-12-03,Shell Coles Express West Perth,Coles Express,ULP,169.9,30 Thomas St,WEST PERTH,6005,North of River,Metro,164.4,5.5,-16.0
2022-12-04,Shell Coles Express West Perth,Coles Express,ULP,167.9,30 Thomas St,WEST PERTH,6005,North of River,Metro,164.4,3.5,-2.0
2022-12-05,Shell Coles Express West Perth,Coles Express,ULP,165.9,30 Thomas St,WEST PERTH,6005,North of River,Metro,163.6,2.3000000000000114,-2.0
2022-12-06,Shell Coles Express West Perth,Coles Express,ULP,163.9,30 Thomas St,WEST PERTH,6005,North of River,Metro,162.8,1.0999999999999943,-2.0
2022-12-07,Shell Coles Express West Perth,Coles Express,ULP,199.9,30 Thomas St,WEST PERTH,6005,North of River,Metro,162.7,37.20000000000002,36.0
2022-12-08,Shell Coles Express West Perth,Coles Express,ULP,189.9,30 Thomas St,WEST PERTH,6005,North of River,Metro,162.3,27.599999999999994,-10.0
2022-12-09,Shell Coles Express West Perth,Coles Express,ULP,169.9,30 Thomas St,WEST PERTH,6005,North of River,Metro,161.8,8.099999999999994,-20.0
2022-12-10,Shell Coles Express West Perth,Coles Express,ULP,167.9,30 Thomas St,WEST PERTH,6005,North of River,Metro,161.8,6.099999999999994,-2.0
2022-12-11,Shell Coles Express West Perth,Coles Express,ULP,163.9,30 Thomas St,WEST PERTH,6005,North of River,Metro,161.8,2.0999999999999943,-4.0
2022-12-12,Shell Coles Express West Perth,Coles Express,ULP,161.9,30 Thomas St,WEST PERTH,6005,North of River,Metro,160.7,1.200000000000017,-2.0
2022-12-13,Shell Coles Express West Perth,Coles Express,ULP,155.9,30 Thomas St,WEST PERTH,6005,North of River,Metro,159.4,-3.5,-6.0
2022-12-14,Shell Coles Express West Perth,Coles Express,ULP,199.9,30 Thomas St,WEST PERTH,6005,North of River,Metro,157.7,42.20000000000002,44.0
2022-12-15,Shell Coles Express West Perth,Coles Express,ULP,183.9,30 Thomas St,WEST PERTH,6005,North of River,Metro,157.4,26.5,-16.0
2022-12-16,Shell Coles Express West Perth,Coles Express,ULP,173.9,30 Thomas St,WEST PERTH,6005,North of River,Metro,157.3,16.599999999999994,-10.0
2022-12-17,Shell Coles Express West Perth,Coles Express,ULP,163.9,30 Thomas St,WEST PERTH,6005,North of River,Metro,157.3,6.599999999999994,-10.0
2022-12-18,Shell Coles Express West Perth,Coles Express,ULP,159.9,30 Thomas St,WEST PERTH,6005,North of River,Metro,157.3,2.5999999999999943,-4.0
2022-12-19,Shell Coles Express West Perth,Coles Express,ULP,157.9,30 Thomas St,WEST PERTH,6005,North of River,Metro,157.5,0.4000000000000057,-2.0
2022-12-20,Shell Coles Express West Perth,Coles Express,ULP,153.9,30 Thomas St,WEST PERTH,6005,North of River,Metro,158.3,-4.400000000000006,-4.0
2022-12-21,Shell Coles Express West Perth,Coles Express,ULP,189.9,30 Thomas St,WEST PERTH,6005,North of River,Metro,158.8,31.099999999999994,36.0
2022-12-22,Shell Coles Express West Perth,Coles Express,ULP,183.9,30 Thomas St,WEST PERTH,6005,North of River,Metro,159.3,24.599999999999994,-6.0
2022-12-23,Shell Coles Express West Perth,Coles Express,ULP,165.9,30 Thomas St,WEST PERTH,6005,North of River,Metro,159.6,6.300000000000011,-18.0
2022-12-24,Shell Coles Express West Perth,Coles Express,ULP,163.9,30 Thomas St,WEST PERTH,6005,North of River,Metro,159.6,4.300000000000011,-2.0
2022-12-25,Shell Coles Express West Perth,Coles Express,ULP,163.9,30 Thomas St,WEST PERTH,6005,North of River,Metro,159.6,4.300000000000011,0.0
2022-12-26,Shell Coles Express West Perth,Coles Express,ULP,162.9,30 Thomas St,WEST PERTH,6005,North of River,Metro,160.0,2.9000000000000057,-1.0
2022-12-27,Shell Coles Express West Perth,Coles Express,ULP,161.9,30 Thomas St,WEST PERTH,6005,North of River,Metro,160.2,1.700000000000017,-1.0
2022-12-28,Shell Coles Express West Perth,Coles Express,ULP,195.9,30 Thomas St,WEST PERTH,6005,North of River,Metro,161.9,34.0,34.0
2022-12-29,Shell Coles Express West Perth,Coles Express,ULP,189.9,30 Thomas St,WEST PERTH,6005,North of River,Metro,162.3,27.599999999999994,-6.0
2022-12-30,Shell Coles Express West Perth,Coles Express,ULP,183.9,30 Thomas St,WEST PERTH,6005,North of River,Metro,164.1,19.80000000000001,-6.0
2022-12-31,Shell Coles Express West Perth,Coles Express,ULP,173.9,30 Thomas St,WEST PERTH,6005,North of River,Metro,148.1,25.80000000000001,-10.0
2022-01-01,United Northbridge,United,ULP,176.9,31 Fitzgerald St,NORTHBRIDGE,6003,North of River,Metro,148.1,28.80000000000001,
2022-01-02,United Northbridge,United,ULP,172.9,31 Fitzgerald St,NORTHBRIDGE,6003,North of River,Metro,148.1,24.80000000000001,-4.0
2022-01-03,United Northbridge,United,ULP,169.9,31 Fitzgerald St,NORTHBRIDGE,6003,North of River,Metro,149.2,20.700000000000017,-3.0
2022-01-04,United Northbridge,United,ULP,166.9,31 Fitzgerald St,NORTHBRIDGE,6003,North of River,Metro,149.4,17.5,-3.0
2022-01-05,United Northbridge,United,ULP,164.9,31 Fitzgerald St,NORTHBRIDGE,6003,North of River,Metro,150.0,14.900000000000006,-2.0
2022-01-06,United Northbridge,United,ULP,160.9,31 Fitzgerald St,NORTHBRIDGE,6003,North of River,Metro,150.4,10.5,-4.0
2022-01-07,United Northbridge,United,ULP,159.9,31 Fitzgerald St,NORTHBRIDGE,6003,North of River,Metro,150.7,9.200000000000017,-1.0
2022-01-08,United Northbridge,United,ULP,156.5,31 Fitzgerald St,NORTHBRIDGE,6003,North of River,Metro,150.7,5.800000000000011,-3.4000000000000057
2022-01-09,United Northbridge,United,ULP,154.5,31 Fitzgerald St,NORTHBRIDGE,6003,North of River,Metro,150.7,3.8000000000000114,-2.0
2022-01-10,United Northbridge,United,ULP,151.9,31 Fitzgerald St,NORTHBRIDGE,6003,North of River,Metro,151.0,0.9000000000000057,-2.5999999999999943
2022-01-11,United Northbridge,United,ULP,149.9,31 Fitzgerald St,NORTHBRIDGE,6003,North of River,Metro,151.4,-1.5,-2.0
2022-01-12,United Northbridge,United,ULP,149.9,31 Fitzgerald St,NORTHBRIDGE,6003,North of River,Metro,151.8,-1.9000000000000057,0.0
2022-01-13,United Northbridge,United,ULP,187.9,31 Fitzgerald St,NORTHBRIDGE,6003,North of River,Metro,152.1,35.80000000000001,38.0
2022-01-14,United Northbridge,United,ULP,179.9,31 Fitzgerald St,NORTHBRIDGE,6003,North of River,Metro,152.6,27.30000000000001,-8.0
2022-01-15,United Northbridge,United,ULP,178.9,31 Fitzgerald St,NORTHBRIDGE,6003,North of River,Metro,152.6,26.30000000000001,-1.0
2022-01-16,United Northbridge,United,ULP,174.9,31 Fitzgerald St,NORTHBRIDGE,6003,North of River,Metro,152.6,22.30000000000001,-4.0
2022-01-17,United Northbridge,United,ULP,172.9,31 Fitzgerald St,NORTHBRIDGE,6003,North of River,Metro,153.0,19.900000000000006,-2.0
2022-01-18,United Northbridge,United,ULP,168.9,31 Fitzgerald St,NORTHBRIDGE,6003,North of River,Metro,153.4,15.5,-4.0
2022-01-19,United Northbridge,United,ULP,168.9,31 Fitzgerald St,NORTHBRIDGE,6003,North of River,Metro,154.3,14.599999999999994,0.0
2022-01-20,United Northbridge,United,ULP,162.5,31 Fitzgerald St,NORTHBRIDGE,6003,North of River,Metro,155.0,7.5,-6.400000000000006
2022-01-21,United Northbridge,United,ULP,159.9,31 Fitzgerald St,NORTHBRIDGE,6003,North of River,Metro,155.9,4.0,-2.5999999999999943
2022-01-22,United Northbridge,United,ULP,157.9,31 Fitzgerald St,NORTHBRIDGE,6003,North of River,Metro,155.9,2.0,-2.0
2022-01-23,United Northbridge,United,ULP,155.9,31 Fitzgerald St,NORTHBRIDGE,6003,North of River,Metro,155.9,0.0,-2.0
2022-01-24,United Northbridge,United,ULP,154.9,31 Fitzgerald St,NORTHBRIDGE,6003,North of River,Metro,156.7,-1.799999999999983,-1.0
2022-01-25,United Northbridge,United,ULP,153.9,31 Fitzgerald St,NORTHBRIDGE,6003,North of River,Metro,157.0,-3.0999999999999943,-1.0
2022-01-26,United Northbridge,United,ULP,153.9,31 Fitzgerald St,NORTHBRIDGE,6003,North of River,Metro,157.4,-3.5,0.0
2022-01-27,United Northbridge,United,ULP,181.9,31 Fitzgerald St,NORTHBRIDGE,6003,North of River,Metro,157.6,24.30000000000001,28.0
2022-01-28,United Northbridge,United,ULP,179.9,31 Fitzgerald St,NORTHBRIDGE,6003,North of River,Metro,158.5,21.400000000000006,-2.0
2022-01-29,United Northbridge,United,ULP,178.9,31 Fitzgerald St,NORTHBRIDGE,6003,North of River,Metro,158.5,20.400000000000006,-1.0
2022-01-30,United Northbridge,United,ULP,175.9,31 Fitzgerald St,NORTHBRIDGE,6003,North of River,Metro,158.5,17.400000000000006,-3.0
2022-01-31,United Northbridge,United,ULP,169.9,31 Fitzgerald St,NORTHBRIDGE,6003,North of River,Metro,160.0,9.900000000000006,-6.0
2022-02-01,United Northbridge,United,ULP,168.9,31 Fitzgerald St,NORTHBRIDGE,6003,North of River,Metro,162.1,6.800000000000011,-1.0
2022-02-02,United Northbridge,United,ULP,167.9,31 Fitzgerald St,NORTHBRIDGE,6003,North of River,Metro,163.3,4.599999999999994,-1.0
2022-02-03,United Northbridge,United,ULP,167.9,31 Fitzgerald St,NORTHBRIDGE,6003,North of River,Metro,164.1,3.8000000000000114,0.0
2022-02-04,United Northbridge,United,ULP,165.9,31 Fitzgerald St,NORTHBRIDGE,6003,North of River,Metro,164.7,1.200000000000017,-2.0
2022-02-05,United Northbridge,United,ULP,164.9,31 Fitzgerald St,NORTHBRIDGE,6003,North of River,Metro,164.7,0.20000000000001705,-1.0
2022-02-06,United Northbridge,United,ULP,163.9,31 Fitzgerald St,NORTHBRIDGE,6003,North of River,Metro,164.7,-0.799999999999983,-1.0
2022-02-07,United Northbridge,United,ULP,163.9,31 Fitzgerald St,NORTHBRIDGE,6003,North of River,Metro,165.3,-1.4000000000000057,0.0
2022-02-08,United Northbridge,United,ULP,162.9,31 Fitzgerald St,NORTHBRIDGE,6003,North of River,Metro,166.1,-3.1999999999999886,-1.0
2022-02-09,United Northbridge,United,ULP,162.9,31 Fitzgerald St,NORTHBRIDGE,6003,North of River,Metro,166.5,-3.5999999999999943,0.0
2022-02-10,United Northbridge,United,ULP,188.9,31 Fitzgerald St,NORTHBRIDGE,6003,North of River,Metro,166.6,22.30000000000001,26.0
2022-02-11,United Northbridge,United,ULP,186.9,31 Fitzgerald St,NORTHBRIDGE,6003,North of River,Metro,166.8,20.099999999999994,-2.0
2022-02-12,United Northbridge,United,ULP,185.9,31 Fitzgerald St,NORTHBRIDGE,6003,North of River,Metro,166.8,19.099999999999994,-1.0
2022-02-13,United Northbridge,United,ULP,183.7,31 Fitzgerald St,NORTHBRIDGE,6003,North of River,Metro,166.8,16.899999999999977,-2.200000000000017
2022-02-14,United Northbridge,United,ULP,177.7,31 Fitzgerald St,NORTHBRIDGE,6003,North of River,Metro,167.2,10.5,-6.0
2022-02-15,United Northbridge,United,ULP,177.7,31 Fitzgerald St,NORTHBRIDGE,6003,North of River,Metro,167.8,9.899999999999977,0.0
2022-02-16,United Northbridge,United,ULP,176.9,31 Fitzgerald St,NORTHBRIDGE,6003,North of River,Metro,168.7,8.200000000000017,-0.799999999999983
2022-02-17,United Northbridge,United,ULP,175.9,31 Fitzgerald St,NORTHBRIDGE,6003,North of River,Metro,169.6,6.300000000000011,-1.0
2022-02-18,United Northbridge,United,ULP,173.9,31 Fitzgerald St,NORTHBRIDGE,6003,North of River,Metro,170.2,3.700000000000017,-2.0
2022-02-19,United Northbridge,United,ULP,171.9,31 Fitzgerald St,NORTHBRIDGE,6003,North of River,Metro,170.2,1.700000000000017,-2.0
2022-02-20,United Northbridge,United,ULP,171.9,31 Fitzgerald St,NORTHBRIDGE,6003,North of River,Metro,170.2,1.700000000000017,0.0
2022-02-21,United Northbridge,United,ULP,168.9,31 Fitzgerald St,NORTHBRIDGE,6003,North of River,Metro,170.0,-1.0999999999999943,-3.0
2022-02-22,United Northbridge,United,ULP,168.9,31 Fitzgerald St,NORTHBRIDGE,6003,North of River,Metro,169.8,-0.9000000000000057,0.0
2022-02-23,United Northbridge,United,ULP,195.9,31 Fitzgerald St,NORTHBRIDGE,6003,North of River,Metro,169.4,26.5,27.0
2022-02-24,United Northbridge,United,ULP,193.9,31 Fitzgerald St,NORTHBRIDGE,6003,North of River,Metro,169.6,24.30000000000001,-2.0
2022-02-25,United Northbridge,United,ULP,191.9,31 Fitzgerald St,NORTHBRIDGE,6003,North of River,Metro,169.6,22.30000000000001,-2.0
2022-02-26,United Northbridge,United,ULP,191.9,31 Fitzgerald St,NORTHBRIDGE,6003,North of River,Metro,169.6,22.30000000000001,0.0
2022-02-27,United Northbridge,United,ULP,189.9,31 Fitzgerald St,NORTHBRIDGE,6003,North of River,Metro,169.6,20.30000000000001,-2.0
2022-02-28,United Northbridge,United,ULP,184.9,31 Fitzgerald St,NORTHBRIDGE,6003,North of River,Metro,171.0,13.900000000000006,-5.0
2022-03-01,United Northbridge,United,ULP,179.9,31 Fitzgerald St,NORTHBRIDGE,6003,North of River,Metro,172.4,7.5,-5.0
2022-03-02,United Northbridge,United,ULP,177.9,31 Fitzgerald St,NORTHBRIDGE,6003,North of River,Metro,173.3,4.599999999999994,-2.0
2022-03-03,United Northbridge,United,ULP,175.9,31 Fitzgerald St,NORTHBRIDGE,6003,North of River,Metro,174.4,1.5,-2.0
2022-03-04,United Northbridge,United,ULP,179.9,31 Fitzgerald St,NORTHBRIDGE,6003,North of River,Metro,177.7,2.200000000000017,4.0
2022-03-05,United Northbridge,United,ULP,178.9,31 Fitzgerald St,NORTHBRIDGE,6003,North of River,Metro,177.7,1.200000000000017,-1.0
2022-03-06,United Northbridge,United,ULP,178.9,31 Fitzgerald St,NORTHBRIDGE,6003,North of River,Metro,177.7,1.200000000000017,0.0
2022-03-07,United Northbridge,United,ULP,176.9,31 Fitzgerald St,NORTHBRIDGE,6003,North of River,Metro,178.8,-1.9000000000000057,-2.0
2022-03-08,United Northbridge,United,ULP,176.9,31 Fitzgerald St,NORTHBRIDGE,6003,North of River,Metro,183.5,-6.599999999999994,0.0
2022-03-09,United Northbridge,United,ULP,199.9,31 Fitzgerald St,NORTHBRIDGE,6003,North of River,Metro,187.0,12.900000000000006,23.0
2022-03-10,United Northbridge,United,ULP,209.9,31 Fitzgerald St,NORTHBRIDGE,6003,North of River,Metro,192.0,17.900000000000006,10.0
2022-03-11,United Northbridge,United,ULP,209.9,31 Fitzgerald St,NORTHBRIDGE,6003,North of River,Metro,196.4,13.5,0.0
2022-03-12,United Northbridge,United,ULP,209.9,31 Fitzgerald St,NORTHBRIDGE,6003,North of River,Metro,196.4,13.5,0.0
2022-03-13,United Northbridge,United,ULP,207.9,31 Fitzgerald St,NORTHBRIDGE,6003,North of River,Metro,196.4,11.5,-2.0
2022-03-14,United Northbridge,United,ULP,206.9,31 Fitzgerald St,NORTHBRIDGE,6003,North of River,Metro,198.0,8.900000000000006,-1.0
2022-03-15,United Northbridge,United,ULP,206.9,31 Fitzgerald St,NORTHBRIDGE,6003,North of River,Metro,197.8,9.099999999999994,0.0
2022-03-16,United Northbridge,United,ULP,201.9,31 Fitzgerald St,NORTHBRIDGE,6003,North of River,Metro,195.8,6.099999999999994,-5.0
2022-03-17,United Northbridge,United,ULP,199.7,31 Fitzgerald St,NORTHBRIDGE,6003,North of River,Metro,193.5,6.199999999999989,-2.200000000000017
2022-03-18,United Northbridge,United,ULP,199.7,31 Fitzgerald St,NORTHBRIDGE,6003,North of River,Metro,188.0,11.699999999999989,0.0
2022-03-19,United Northbridge,United,ULP,197.6,31 Fitzgerald St,NORTHBRIDGE,6003,North of River,Metro,188.0,9.599999999999994,-2.0999999999999943
2022-03-20,United Northbridge,United,ULP,196.9,31 Fitzgerald St,NORTHBRIDGE,6003,North of River,Metro,188.0,8.900000000000006,-0.6999999999999886
2022-03-21,United Northbridge,United,ULP,194.9,31 Fitzgerald St,NORTHBRIDGE,6003,North of River,Metro,186.7,8.200000000000017,-2.0
2022-03-22,United Northbridge,United,ULP,189.9,31 Fitzgerald St,NORTHBRIDGE,6003,North of River,Metro,185.1,4.800000000000011,-5.0
2022-03-23,United Northbridge,United,ULP,184.9,31 Fitzgerald St,NORTHBRIDGE,6003,North of River,Metro,185.1,-0.19999999999998863,-5.0
2022-03-24,United Northbridge,United,ULP,189.9,31 Fitzgerald St,NORTHBRIDGE,6003,North of River,Metro,186.3,3.5999999999999943,5.0
2022-03-25,United Northbridge,United,ULP,189.9,31 Fitzgerald St,NORTHBRIDGE,6003,North of River,Metro,187.2,2.700000000000017,0.0
2022-03-26,United Northbridge,United,ULP,189.9,31 Fitzgerald St,NORTHBRIDGE,6003,North of River,Metro,187.2,2.700000000000017,0.0
2022-03-27,United Northbridge,United,ULP,189.9,31 Fitzgerald St,NORTHBRIDGE,6003,North of River,Metro,187.2,2.700000000000017,0.0
2022-03-28,United Northbridge,United,ULP,186.9,31 Fitzgerald St,NORTHBRIDGE,6003,North of River,Metro,188.2,-1.299999999999983,-3.0
2022-03-29,United Northbridge,United,ULP,189.9,31 Fitzgerald St,NORTHBRIDGE,6003,North of River,Metro,187.8,2.0999999999999943,3.0
2022-03-30,United Northbridge,United,ULP,196.9,31 Fitzgerald St,NORTHBRIDGE,6003,North of River,Metro,174.9,22.0,7.0
2022-03-31,United Northbridge,United,ULP,192.9,31 Fitzgerald St,NORTHBRIDGE,6003,North of River,Metro,161.4,31.5,-4.0
2022-04-01,United Northbridge,United,ULP,185.9,31 Fitzgerald St,NORTHBRIDGE,6003,North of River,Metro,160.0,25.900000000000006,-7.0
2022-04-02,United Northbridge,United,ULP,179.9,31 Fitzgerald St,NORTHBRIDGE,6003,North of River,Metro,160.0,19.900000000000006,-6.0
2022-04-03,United Northbridge,United,ULP,169.9,31 Fitzgerald St,NORTHBRIDGE,6003,North of River,Metro,160.0,9.900000000000006,-10.0
2022-04-04,United Northbridge,United,ULP,163.9,31 Fitzgerald St,NORTHBRIDGE,6003,North of River,Metro,158.7,5.200000000000017,-6.0
2022-04-05,United Northbridge,United,ULP,161.5,31 Fitzgerald St,NORTHBRIDGE,6003,North of River,Metro,156.9,4.599999999999994,-2.4000000000000057
2022-04-06,United Northbridge,United,ULP,161.5,31 Fitzgerald St,NORTHBRIDGE,6003,North of River,Metro,155.8,5.699999999999989,0.0
2022-04-07,United Northbridge,United,ULP,169.9,31 Fitzgerald St,NORTHBRIDGE,6003,North of River,Metro,155.2,14.700000000000017,8.400000000000006
2022-04-08,United Northbridge,United,ULP,169.9,31 Fitzgerald St,NORTHBRIDGE,6003,North of River,Metro,154.6,15.300000000000011,0.0
2022-04-09,United Northbridge,United,ULP,165.9,31 Fitzgerald St,NORTHBRIDGE,6003,North of River,Metro,154.6,11.300000000000011,-4.0
2022-04-10,United Northbridge,United,ULP,165.9,31 Fitzgerald St,NORTHBRIDGE,6003,North of River,Metro,154.6,11.300000000000011,0.0
2022-04-11,United Northbridge,United,ULP,165.9,31 Fitzgerald St,NORTHBRIDGE,6003,North of River,Metro,153.6,12.300000000000011,0.0
2022-04-12,United Northbridge,United,ULP,159.3,31 Fitzgerald St,NORTHBRIDGE,6003,North of River,Metro,153.3,6.0,-6.599999999999994
2022-04-13,United Northbridge,United,ULP,165.9,31 Fitzgerald St,NORTHBRIDGE,6003,North of River,Metro,152.8,13.099999999999994,6.599999999999994
2022-04-14,United Northbridge,United,ULP,158.5,31 Fitzgerald St,NORTHBRIDGE,6003,North of River,Metro,152.3,6.199999999999989,-7.400000000000006
2022-04-15,United Northbridge,United,ULP,152.5,31 Fitzgerald St,NORTHBRIDGE,6003,North of River,Metro,152.3,0.19999999999998863,-6.0
2022-04-16,United Northbridge,United,ULP,149.5,31 Fitzgerald St,NORTHBRIDGE,6003,North of River,Metro,152.3,-2.8000000000000114,-3.0
2022-04-17,United Northbridge,United,ULP,149.5,31 Fitzgerald St,NORTHBRIDGE,6003,North of River,Metro,152.3,-2.8000000000000114,0.0
2022-04-18,United Northbridge,United,ULP,148.5,31 Fitzgerald St,NORTHBRIDGE,6003,North of River,Metro,152.7,-4.199999999999989,-1.0
2022-04-19,United Northbridge,United,ULP,148.5,31 Fitzgerald St,NORTHBRIDGE,6003,North of River,Metro,154.3,-5.800000000000011,0.0
2022-04-20,United Northbridge,United,ULP,148.5,31 Fitzgerald St,NORTHBRIDGE,6003,North of River,Metro,157.5,-9.0,0.0
2022-04-21,United Northbridge,United,ULP,183.5,31 Fitzgerald St,NORTHBRIDGE,6003,North of River,Metro,159.9,23.599999999999994,35.0
2022-04-22,United Northbridge,United,ULP,175.9,31 Fitzgerald St,NORTHBRIDGE,6003,North of River,Metro,161.4,14.5,-7.599999999999994
2022-04-23,United Northbridge,United,ULP,167.5,31 Fitzgerald St,NORTHBRIDGE,6003,North of River,Metro,161.4,6.099999999999994,-8.400000000000006
2022-04-24,United Northbridge,United,ULP,164.3,31 Fitzgerald St,NORTHBRIDGE,6003,North of River,Metro,161.4,2.9000000000000057,-3.1999999999999886
2022-04-25,United Northbridge,United,ULP,164.3,31 Fitzgerald St,NORTHBRIDGE,6003,North of River,Metro,162.0,2.3000000000000114,0.0
2022-04-26,United Northbridge,United,ULP,164.3,31 Fitzgerald St,NORTHBRIDGE,6003,North of River,Metro,162.2,2.1000000000000227,0.0
2022-04-27,United Northbridge,United,ULP,161.3,31 Fitzgerald St,NORTHBRIDGE,6003,North of River,Metro,162.2,-0.8999999999999773,-3.0
2022-04-28,United Northbridge,United,ULP,159.7,31 Fitzgerald St,NORTHBRIDGE,6003,North of River,Metro,162.7,-3.0,-1.6000000000000227
2022-04-29,United Northbridge,United,ULP,159.7,31 Fitzgerald St,NORTHBRIDGE,6003,North of River,Metro,164.0,-4.300000000000011,0.0
2022-04-30,United Northbridge,United,ULP,159.7,31 Fitzgerald St,NORTHBRIDGE,6003,North of River,Metro,164.0,-4.300000000000011,0.0
2022-05-01,United Northbridge,United,ULP,159.7,31 Fitzgerald St,NORTHBRIDGE,6003,North of River,Metro,164.0,-4.300000000000011,0.0
2022-05-02,United Northbridge,United,ULP,159.7,31 Fitzgerald St,NORTHBRIDGE,6003,North of River,Metro,165.2,-5.5,0.0
2022-05-03,United Northbridge,United,ULP,159.7,31 Fitzgerald St,NORTHBRIDGE,6003,North of River,Metro,166.8,-7.100000000000023,0.0
2022-05-04,United Northbridge,United,ULP,159.7,31 Fitzgerald St,NORTHBRIDGE,6003,North of River,Metro,167.2,-7.5,0.0
2022-05-05,United Northbridge,United,ULP,159.9,31 Fitzgerald St,NORTHBRIDGE,6003,North of River,Metro,169.9,-10.0,0.20000000000001705
2022-05-06,United Northbridge,United,ULP,179.9,31 Fitzgerald St,NORTHBRIDGE,6003,North of River,Metro,173.3,6.599999999999994,20.0
2022-05-07,United Northbridge,United,ULP,177.3,31 Fitzgerald St,NORTHBRIDGE,6003,North of River,Metro,173.3,4.0,-2.5999999999999943
2022-05-08,United Northbridge,United,ULP,171.5,31 Fitzgerald St,NORTHBRIDGE,6003,North of River,Metro,173.3,-1.8000000000000114,-5.800000000000011
2022-05-09,United Northbridge,United,ULP,171.5,31 Fitzgerald St,NORTHBRIDGE,6003,North of River,Metro,175.1,-3.5999999999999943,0.0
2022-05-10,United Northbridge,United,ULP,169.9,31 Fitzgerald St,NORTHBRIDGE,6003,North of River,Metro,177.3,-7.400000000000006,-1.5999999999999943
2022-05-11,United Northbridge,United,ULP,169.9,31 Fitzgerald St,NORTHBRIDGE,6003,North of River,Metro,178.4,-8.5,0.0
2022-05-12,United Northbridge,United,ULP,173.5,31 Fitzgerald St,NORTHBRIDGE,6003,North of River,Metro,178.8,-5.300000000000011,3.5999999999999943
2022-05-13,United Northbridge,United,ULP,174.5,31 Fitzgerald St,NORTHBRIDGE,6003,North of River,Metro,178.9,-4.400000000000006,1.0
2022-05-14,United Northbridge,United,ULP,174.5,31 Fitzgerald St,NORTHBRIDGE,6003,North of River,Metro,178.9,-4.400000000000006,0.0
2022-05-15,United Northbridge,United,ULP,174.5,31 Fitzgerald St,NORTHBRIDGE,6003,North of River,Metro,178.9,-4.400000000000006,0.0
2022-05-16,United Northbridge,United,ULP,174.5,31 Fitzgerald St,NORTHBRIDGE,6003,North of River,Metro,179.4,-4.900000000000006,0.0
2022-05-17,United Northbridge,United,ULP,174.5,31 Fitzgerald St,NORTHBRIDGE,6003,North of River,Metro,180.2,-5.699999999999989,0.0
2022-05-18,United Northbridge,United,ULP,187.9,31 Fitzgerald St,NORTHBRIDGE,6003,North of River,Metro,181.2,6.700000000000017,13.400000000000006
2022-05-19,United Northbridge,United,ULP,205.7,31 Fitzgerald St,NORTHBRIDGE,6003,North of River,Metro,184.0,21.69999999999999,17.799999999999983
2022-05-20,United Northbridge,United,ULP,203.5,31 Fitzgerald St,NORTHBRIDGE,6003,North of River,Metro,186.8,16.69999999999999,-2.1999999999999886
2022-05-21,United Northbridge,United,ULP,203.1,31 Fitzgerald St,NORTHBRIDGE,6003,North of River,Metro,186.8,16.299999999999983,-0.4000000000000057
2022-05-22,United Northbridge,United,ULP,199.3,31 Fitzgerald St,NORTHBRIDGE,6003,North of River,Metro,186.8,12.5,-3.799999999999983
2022-05-23,United Northbridge,United,ULP,199.3,31 Fitzgerald St,NORTHBRIDGE,6003,North of River,Metro,188.6,10.700000000000017,0.0
2022-05-24,United Northbridge,United,ULP,189.1,31 Fitzgerald St,NORTHBRIDGE,6003,North of River,Metro,189.8,-0.700000000000017,-10.200000000000017
2022-05-25,United Northbridge,United,ULP,184.9,31 Fitzgerald St,NORTHBRIDGE,6003,North of River,Metro,189.8,-4.900000000000006,-4.199999999999989
2022-05-26,United Northbridge,United,ULP,186.9,31 Fitzgerald St,NORTHBRIDGE,6003,North of River,Metro,188.7,-1.799999999999983,2.0
2022-05-27,United Northbridge,United,ULP,186.5,31 Fitzgerald St,NORTHBRIDGE,6003,North of River,Metro,187.9,-1.4000000000000057,-0.4000000000000057
2022-05-28,United Northbridge,United,ULP,186.3,31 Fitzgerald St,NORTHBRIDGE,6003,North of River,Metro,187.9,-1.5999999999999943,-0.19999999999998863
2022-05-29,United Northbridge,United,ULP,186.3,31 Fitzgerald St,NORTHBRIDGE,6003,North of River,Metro,187.9,-1.5999999999999943,0.0
2022-05-30,United Northbridge,United,ULP,186.3,31 Fitzgerald St,NORTHBRIDGE,6003,North of River,Metro,187.6,-1.299999999999983,0.0
2022-05-31,United Northbridge,United,ULP,184.5,31 Fitzgerald St,NORTHBRIDGE,6003,North of River,Metro,187.5,-3.0,-1.8000000000000114
2022-06-01,United Northbridge,United,ULP,184.5,31 Fitzgerald St,NORTHBRIDGE,6003,North of River,Metro,188.8,-4.300000000000011,0.0
2022-06-02,United Northbridge,United,ULP,209.7,31 Fitzgerald St,NORTHBRIDGE,6003,North of River,Metro,189.8,19.899999999999977,25.19999999999999
2022-06-03,United Northbridge,United,ULP,203.9,31 Fitzgerald St,NORTHBRIDGE,6003,North of River,Metro,189.9,14.0,-5.799999999999983
2022-06-04,United Northbridge,United,ULP,198.5,31 Fitzgerald St,NORTHBRIDGE,6003,North of River,Metro,189.9,8.599999999999994,-5.400000000000006
2022-06-05,United Northbridge,United,ULP,198.5,31 Fitzgerald St,NORTHBRIDGE,6003,North of River,Metro,189.9,8.599999999999994,0.0
2022-06-06,United Northbridge,United,ULP,198.5,31 Fitzgerald St,NORTHBRIDGE,6003,North of River,Metro,189.7,8.800000000000011,0.0
2022-06-07,United Northbridge,United,ULP,195.9,31 Fitzgerald St,NORTHBRIDGE,6003,North of River,Metro,189.2,6.700000000000017,-2.5999999999999943
2022-06-08,United Northbridge,United,ULP,189.3,31 Fitzgerald St,NORTHBRIDGE,6003,North of River,Metro,189.2,0.10000000000002274,-6.599999999999994
2022-06-09,United Northbridge,United,ULP,189.3,31 Fitzgerald St,NORTHBRIDGE,6003,North of River,Metro,189.1,0.20000000000001705,0.0
2022-06-10,United Northbridge,United,ULP,189.3,31 Fitzgerald St,NORTHBRIDGE,6003,North of River,Metro,189.5,-0.19999999999998863,0.0
2022-06-11,United Northbridge,United,ULP,189.3,31 Fitzgerald St,NORTHBRIDGE,6003,North of River,Metro,189.5,-0.19999999999998863,0.0
2022-06-12,United Northbridge,United,ULP,189.3,31 Fitzgerald St,NORTHBRIDGE,6003,North of River,Metro,189.5,-0.19999999999998863,0.0
2022-06-13,United Northbridge,United,ULP,189.3,31 Fitzgerald St,NORTHBRIDGE,6003,North of River,Metro,190.5,-1.1999999999999886,0.0
2022-06-14,United Northbridge,United,ULP,186.3,31 Fitzgerald St,NORTHBRIDGE,6003,North of River,Metro,192.7,-6.399999999999977,-3.0
2022-06-15,United Northbridge,United,ULP,187.5,31 Fitzgerald St,NORTHBRIDGE,6003,North of River,Metro,193.8,-6.300000000000011,1.1999999999999886
2022-06-16,United Northbridge,United,ULP,209.7,31 Fitzgerald St,NORTHBRIDGE,6003,North of River,Metro,195.9,13.799999999999983,22.19999999999999
2022-06-17,United Northbridge,United,ULP,209.7,31 Fitzgerald St,NORTHBRIDGE,6003,North of River,Metro,197.8,11.899999999999977,0.0
2022-06-18,United Northbridge,United,ULP,207.9,31 Fitzgerald St,NORTHBRIDGE,6003,North of River,Metro,197.8,10.099999999999994,-1.799999999999983
2022-06-19,United Northbridge,United,ULP,207.9,31 Fitzgerald St,NORTHBRIDGE,6003,North of River,Metro,197.8,10.099999999999994,0.0
2022-06-20,United Northbridge,United,ULP,207.9,31 Fitzgerald St,NORTHBRIDGE,6003,North of River,Metro,198.6,9.300000000000011,0.0
2022-06-21,United Northbridge,United,ULP,199.3,31 Fitzgerald St,NORTHBRIDGE,6003,North of River,Metro,198.7,0.6000000000000227,-8.599999999999994
2022-06-22,United Northbridge,United,ULP,198.3,31 Fitzgerald St,NORTHBRIDGE,6003,North of River,Metro,198.8,-0.5,-1.0
2022-06-23,United Northbridge,United,ULP,198.3,31 Fitzgerald St,NORTHBRIDGE,6003,North of River,Metro,199.1,-0.799999999999983,0.0
2022-06-24,United Northbridge,United,ULP,198.3,31 Fitzgerald St,NORTHBRIDGE,6003,North of River,Metro,198.7,-0.39999999999997726,0.0
2022-06-25,United Northbridge,United,ULP,198.3,31 Fitzgerald St,NORTHBRIDGE,6003,North of River,Metro,198.7,-0.39999999999997726,0.0
2022-06-26,United Northbridge,United,ULP,198.3,31 Fitzgerald St,NORTHBRIDGE,6003,North of River,Metro,198.7,-0.39999999999997726,0.0
2022-06-27,United Northbridge,United,ULP,198.3,31 Fitzgerald St,NORTHBRIDGE,6003,North of River,Metro,197.9,0.4000000000000057,0.0
2022-06-28,United Northbridge,United,ULP,195.3,31 Fitzgerald St,NORTHBRIDGE,6003,North of River,Metro,198.3,-3.0,-3.0
2022-06-29,United Northbridge,United,ULP,195.3,31 Fitzgerald St,NORTHBRIDGE,6003,North of River,Metro,198.6,-3.299999999999983,0.0
2022-06-30,United Northbridge,United,ULP,209.7,31 Fitzgerald St,NORTHBRIDGE,6003,North of River,Metro,198.2,11.5,14.399999999999977
2022-07-01,United Northbridge,United,ULP,208.5,31 Fitzgerald St,NORTHBRIDGE,6003,North of River,Metro,198.6,9.900000000000006,-1.1999999999999886
2022-07-02,United Northbridge,United,ULP,207.3,31 Fitzgerald St,NORTHBRIDGE,6003,North of River,Metro,198.6,8.700000000000017,-1.1999999999999886
2022-07-03,United Northbridge,United,ULP,205.3,31 Fitzgerald St,NORTHBRIDGE,6003,North of River,Metro,198.6,6.700000000000017,-2.0
2022-07-04,United Northbridge,United,ULP,205.3,31 Fitzgerald St,NORTHBRIDGE,6003,North of River,Metro,197.8,7.5,0.0
2022-07-05,United Northbridge,United,ULP,198.3,31 Fitzgerald St,NORTHBRIDGE,6003,North of River,Metro,196.3,2.0,-7.0
2022-07-06,United Northbridge,United,ULP,196.3,31 Fitzgerald St,NORTHBRIDGE,6003,North of River,Metro,195.3,1.0,-2.0
2022-07-07,United Northbridge,United,ULP,198.7,31 Fitzgerald St,NORTHBRIDGE,6003,North of River,Metro,193.0,5.699999999999989,2.3999999999999773
2022-07-08,United Northbridge,United,ULP,198.7,31 Fitzgerald St,NORTHBRIDGE,6003,North of River,Metro,189.8,8.899999999999977,0.0
2022-07-09,United Northbridge,United,ULP,198.7,31 Fitzgerald St,NORTHBRIDGE,6003,North of River,Metro,189.8,8.899999999999977,0.0
2022-07-10,United Northbridge,United,ULP,198.7,31 Fitzgerald St,NORTHBRIDGE,6003,North of River,Metro,189.8,8.899999999999977,0.0
2022-07-11,United Northbridge,United,ULP,193.5,31 Fitzgerald St,NORTHBRIDGE,6003,North of River,Metro,183.6,9.900000000000006,-5.199999999999989
2022-07-12,United Northbridge,United,ULP,188.3,31 Fitzgerald St,NORTHBRIDGE,6003,North of River,Metro,180.5,7.800000000000011,-5.199999999999989
2022-07-13,United Northbridge,United,ULP,188.3,31 Fitzgerald St,NORTHBRIDGE,6003,North of River,Metro,177.1,11.200000000000017,0.0
2022-07-14,United Northbridge,United,ULP,205.5,31 Fitzgerald St,NORTHBRIDGE,6003,North of River,Metro,172.5,33.0,17.19999999999999
2022-07-15,United Northbridge,United,ULP,197.5,31 Fitzgerald St,NORTHBRIDGE,6003,North of River,Metro,169.7,27.80000000000001,-8.0
2022-07-16,United Northbridge,United,ULP,195.5,31 Fitzgerald St,NORTHBRIDGE,6003,North of River,Metro,169.7,25.80000000000001,-2.0
2022-07-17,United Northbridge,United,ULP,187.5,31 Fitzgerald St,NORTHBRIDGE,6003,North of River,Metro,169.7,17.80000000000001,-8.0
2022-07-18,United Northbridge,United,ULP,187.5,31 Fitzgerald St,NORTHBRIDGE,6003,North of River,Metro,166.0,21.5,0.0
2022-07-19,United Northbridge,United,ULP,185.5,31 Fitzgerald St,NORTHBRIDGE,6003,North of River,Metro,163.3,22.19999999999999,-2.0
2022-07-20,United Northbridge,United,ULP,169.9,31 Fitzgerald St,NORTHBRIDGE,6003,North of River,Metro,162.4,7.5,-15.599999999999994
2022-07-21,United Northbridge,United,ULP,183.9,31 Fitzgerald St,NORTHBRIDGE,6003,North of River,Metro,161.2,22.700000000000017,14.0
2022-07-22,United Northbridge,United,ULP,177.9,31 Fitzgerald St,NORTHBRIDGE,6003,North of River,Metro,160.7,17.200000000000017,-6.0
2022-07-23,United Northbridge,United,ULP,173.5,31 Fitzgerald St,NORTHBRIDGE,6003,North of River,Metro,160.7,12.800000000000011,-4.400000000000006
2022-07-24,United Northbridge,United,ULP,169.9,31 Fitzgerald St,NORTHBRIDGE,6003,North of River,Metro,160.7,9.200000000000017,-3.5999999999999943
2022-07-25,United Northbridge,United,ULP,167.7,31 Fitzgerald St,NORTHBRIDGE,6003,North of River,Metro,159.2,8.5,-2.200000000000017
2022-07-26,United Northbridge,United,ULP,163.5,31 Fitzgerald St,NORTHBRIDGE,6003,North of River,Metro,157.9,5.599999999999994,-4.199999999999989
2022-07-27,United Northbridge,United,ULP,163.5,31 Fitzgerald St,NORTHBRIDGE,6003,North of River,Metro,156.2,7.300000000000011,0.0
2022-07-28,United Northbridge,United,ULP,163.5,31 Fitzgerald St,NORTHBRIDGE,6003,North of River,Metro,156.2,7.300000000000011,0.0
2022-07-29,United Northbridge,United,ULP,165.5,31 Fitzgerald St,NORTHBRIDGE,6003,North of River,Metro,156.0,9.5,2.0
2022-07-30,United Northbridge,United,ULP,165.5,31 Fitzgerald St,NORTHBRIDGE,6003,North of River,Metro,156.0,9.5,0.0
2022-07-31,United Northbridge,United,ULP,165.5,31 Fitzgerald St,NORTHBRIDGE,6003,North of River,Metro,156.0,9.5,0.0
2022-08-01,United Northbridge,United,ULP,165.5,31 Fitzgerald St,NORTHBRIDGE,6003,North of River,Metro,156.9,8.599999999999994,0.0
2022-08-02,United Northbridge,United,ULP,159.3,31 Fitzgerald St,NORTHBRIDGE,6003,North of River,Metro,159.2,0.10000000000002274,-6.199999999999989
2022-08-03,United Northbridge,United,ULP,159.3,31 Fitzgerald St,NORTHBRIDGE,6003,North of River,Metro,160.2,-0.8999999999999773,0.0
2022-08-04,United Northbridge,United,ULP,163.9,31 Fitzgerald St,NORTHBRIDGE,6003,North of River,Metro,159.3,4.599999999999994,4.599999999999994
2022-08-05,United Northbridge,United,ULP,163.9,31 Fitzgerald St,NORTHBRIDGE,6003,North of River,Metro,158.7,5.200000000000017,0.0
2022-08-06,United Northbridge,United,ULP,163.9,31 Fitzgerald St,NORTHBRIDGE,6003,North of River,Metro,158.7,5.200000000000017,0.0
2022-08-07,United Northbridge,United,ULP,163.9,31 Fitzgerald St,NORTHBRIDGE,6003,North of River,Metro,158.7,5.200000000000017,0.0
2022-08-08,United Northbridge,United,ULP,156.5,31 Fitzgerald St,NORTHBRIDGE,6003,North of River,Metro,157.6,-1.0999999999999943,-7.400000000000006
2022-08-09,United Northbridge,United,ULP,156.5,31 Fitzgerald St,NORTHBRIDGE,6003,North of River,Metro,155.0,1.5,0.0
2022-08-10,United Northbridge,United,ULP,156.5,31 Fitzgerald St,NORTHBRIDGE,6003,North of River,Metro,153.1,3.4000000000000057,0.0
2022-08-11,United Northbridge,United,ULP,179.9,31 Fitzgerald St,NORTHBRIDGE,6003,North of River,Metro,152.1,27.80000000000001,23.400000000000006
2022-08-12,United Northbridge,United,ULP,171.9,31 Fitzgerald St,NORTHBRIDGE,6003,North of River,Metro,150.4,21.5,-8.0
2022-08-13,United Northbridge,United,ULP,163.9,31 Fitzgerald St,NORTHBRIDGE,6003,North of River,Metro,150.4,13.5,-8.0
2022-08-14,United Northbridge,United,ULP,163.9,31 Fitzgerald St,NORTHBRIDGE,6003,North of River,Metro,150.4,13.5,0.0
2022-08-15,United Northbridge,United,ULP,153.7,31 Fitzgerald St,NORTHBRIDGE,6003,North of River,Metro,150.2,3.5,-10.200000000000017
2022-08-16,United Northbridge,United,ULP,151.7,31 Fitzgerald St,NORTHBRIDGE,6003,North of River,Metro,151.3,0.39999999999997726,-2.0
2022-08-17,United Northbridge,United,ULP,151.7,31 Fitzgerald St,NORTHBRIDGE,6003,North of River,Metro,151.3,0.39999999999997726,0.0
2022-08-18,United Northbridge,United,ULP,159.9,31 Fitzgerald St,NORTHBRIDGE,6003,North of River,Metro,151.1,8.800000000000011,8.200000000000017
2022-08-19,United Northbridge,United,ULP,151.9,31 Fitzgerald St,NORTHBRIDGE,6003,North of River,Metro,151.3,0.5999999999999943,-8.0
2022-08-20,United Northbridge,United,ULP,151.5,31 Fitzgerald St,NORTHBRIDGE,6003,North of River,Metro,151.3,0.19999999999998863,-0.4000000000000057
2022-08-21,United Northbridge,United,ULP,151.5,31 Fitzgerald St,NORTHBRIDGE,6003,North of River,Metro,151.3,0.19999999999998863,0.0
2022-08-22,United Northbridge,United,ULP,151.5,31 Fitzgerald St,NORTHBRIDGE,6003,North of River,Metro,151.9,-0.4000000000000057,0.0
2022-08-23,United Northbridge,United,ULP,151.3,31 Fitzgerald St,NORTHBRIDGE,6003,North of River,Metro,152.5,-1.1999999999999886,-0.19999999999998863
2022-08-24,United Northbridge,United,ULP,151.3,31 Fitzgerald St,NORTHBRIDGE,6003,North of River,Metro,153.5,-2.1999999999999886,0.0
2022-08-25,United Northbridge,United,ULP,161.5,31 Fitzgerald St,NORTHBRIDGE,6003,North of River,Metro,154.8,6.699999999999989,10.199999999999989
2022-08-26,United Northbridge,United,ULP,161.5,31 Fitzgerald St,NORTHBRIDGE,6003,North of River,Metro,156.2,5.300000000000011,0.0
2022-08-27,United Northbridge,United,ULP,163.7,31 Fitzgerald St,NORTHBRIDGE,6003,North of River,Metro,156.2,7.5,2.1999999999999886
2022-08-28,United Northbridge,United,ULP,163.7,31 Fitzgerald St,NORTHBRIDGE,6003,North of River,Metro,156.2,7.5,0.0
2022-08-29,United Northbridge,United,ULP,163.7,31 Fitzgerald St,NORTHBRIDGE,6003,North of River,Metro,156.8,6.899999999999977,0.0
2022-08-30,United Northbridge,United,ULP,163.7,31 Fitzgerald St,NORTHBRIDGE,6003,North of River,Metro,156.8,6.899999999999977,0.0
2022-08-31,United Northbridge,United,ULP,149.9,31 Fitzgerald St,NORTHBRIDGE,6003,North of River,Metro,156.7,-6.799999999999983,-13.799999999999983
2022-09-01,United Northbridge,United,ULP,156.7,31 Fitzgerald St,NORTHBRIDGE,6003,North of River,Metro,156.2,0.5,6.799999999999983
2022-09-02,United Northbridge,United,ULP,156.7,31 Fitzgerald St,NORTHBRIDGE,6003,North of River,Metro,153.9,2.799999999999983,0.0
2022-09-03,United Northbridge,United,ULP,156.7,31 Fitzgerald St,NORTHBRIDGE,6003,North of River,Metro,153.9,2.799999999999983,0.0
2022-09-04,United Northbridge,United,ULP,156.7,31 Fitzgerald St,NORTHBRIDGE,6003,North of River,Metro,153.9,2.799999999999983,0.0
2022-09-05,United Northbridge,United,ULP,156.7,31 Fitzgerald St,NORTHBRIDGE,6003,North of River,Metro,150.8,5.899999999999977,0.0
2022-09-06,United Northbridge,United,ULP,151.7,31 Fitzgerald St,NORTHBRIDGE,6003,North of River,Metro,149.7,2.0,-5.0
2022-09-07,United Northbridge,United,ULP,153.7,31 Fitzgerald St,NORTHBRIDGE,6003,North of River,Metro,149.0,4.699999999999989,2.0
2022-09-08,United Northbridge,United,ULP,153.7,31 Fitzgerald St,NORTHBRIDGE,6003,North of River,Metro,148.5,5.199999999999989,0.0
2022-09-09,United Northbridge,United,ULP,169.9,31 Fitzgerald St,NORTHBRIDGE,6003,North of River,Metro,149.2,20.700000000000017,16.200000000000017
2022-09-10,United Northbridge,United,ULP,169.9,31 Fitzgerald St,NORTHBRIDGE,6003,North of River,Metro,149.2,20.700000000000017,0.0
2022-09-11,United Northbridge,United,ULP,169.9,31 Fitzgerald St,NORTHBRIDGE,6003,North of River,Metro,149.2,20.700000000000017,0.0
2022-09-12,United Northbridge,United,ULP,169.9,31 Fitzgerald St,NORTHBRIDGE,6003,North of River,Metro,149.2,20.700000000000017,0.0
2022-09-13,United Northbridge,United,ULP,149.9,31 Fitzgerald St,NORTHBRIDGE,6003,North of River,Metro,149.4,0.5,-20.0
2022-09-14,United Northbridge,United,ULP,149.9,31 Fitzgerald St,NORTHBRIDGE,6003,North of River,Metro,150.0,-0.09999999999999432,0.0
2022-09-15,United Northbridge,United,ULP,159.9,31 Fitzgerald St,NORTHBRIDGE,6003,North of River,Metro,150.1,9.800000000000011,10.0
2022-09-16,United Northbridge,United,ULP,159.9,31 Fitzgerald St,NORTHBRIDGE,6003,North of River,Metro,150.0,9.900000000000006,0.0
2022-09-17,United Northbridge,United,ULP,159.9,31 Fitzgerald St,NORTHBRIDGE,6003,North of River,Metro,150.0,9.900000000000006,0.0
2022-09-18,United Northbridge,United,ULP,159.9,31 Fitzgerald St,NORTHBRIDGE,6003,North of River,Metro,150.0,9.900000000000006,0.0
2022-09-19,United Northbridge,United,ULP,159.9,31 Fitzgerald St,NORTHBRIDGE,6003,North of River,Metro,150.3,9.599999999999994,0.0
2022-09-20,United Northbridge,United,ULP,157.9,31 Fitzgerald St,NORTHBRIDGE,6003,North of River,Metro,148.6,9.300000000000011,-2.0
2022-09-21,United Northbridge,United,ULP,145.9,31 Fitzgerald St,NORTHBRIDGE,6003,North of River,Metro,146.8,-0.9000000000000057,-12.0
2022-09-22,United Northbridge,United,ULP,174.9,31 Fitzgerald St,NORTHBRIDGE,6003,North of River,Metro,145.8,29.099999999999994,29.0
2022-09-23,United Northbridge,United,ULP,179.7,31 Fitzgerald St,NORTHBRIDGE,6003,North of River,Metro,145.2,34.5,4.799999999999983
2022-09-24,United Northbridge,United,ULP,179.7,31 Fitzgerald St,NORTHBRIDGE,6003,North of River,Metro,145.2,34.5,0.0
2022-09-25,United Northbridge,United,ULP,153.9,31 Fitzgerald St,NORTHBRIDGE,6003,North of River,Metro,145.2,8.700000000000017,-25.799999999999983
2022-09-26,United Northbridge,United,ULP,153.9,31 Fitzgerald St,NORTHBRIDGE,6003,North of River,Metro,144.0,9.900000000000006,0.0
2022-09-27,United Northbridge,United,ULP,146.9,31 Fitzgerald St,NORTHBRIDGE,6003,North of River,Metro,143.6,3.3000000000000114,-7.0
2022-09-28,United Northbridge,United,ULP,155.9,31 Fitzgerald St,NORTHBRIDGE,6003,North of River,Metro,149.4,6.5,9.0
2022-09-29,United Northbridge,United,ULP,155.9,31 Fitzgerald St,NORTHBRIDGE,6003,North of River,Metro,168.0,-12.099999999999994,0.0
2022-09-30,United Northbridge,United,ULP,165.9,31 Fitzgerald St,NORTHBRIDGE,6003,North of River,Metro,168.0,-2.0999999999999943,10.0
2022-10-01,United Northbridge,United,ULP,163.7,31 Fitzgerald St,NORTHBRIDGE,6003,North of River,Metro,168.0,-4.300000000000011,-2.200000000000017
2022-10-02,United Northbridge,United,ULP,163.7,31 Fitzgerald St,NORTHBRIDGE,6003,North of River,Metro,168.0,-4.300000000000011,0.0
2022-10-03,United Northbridge,United,ULP,163.7,31 Fitzgerald St,NORTHBRIDGE,6003,North of River,Metro,167.2,-3.5,0.0
2022-10-04,United Northbridge,United,ULP,167.9,31 Fitzgerald St,NORTHBRIDGE,6003,North of River,Metro,167.8,0.09999999999999432,4.200000000000017
2022-10-05,United Northbridge,United,ULP,165.9,31 Fitzgerald St,NORTHBRIDGE,6003,North of River,Metro,168.4,-2.5,-2.0
2022-10-06,United Northbridge,United,ULP,189.9,31 Fitzgerald St,NORTHBRIDGE,6003,North of River,Metro,168.2,21.700000000000017,24.0
2022-10-07,United Northbridge,United,ULP,189.9,31 Fitzgerald St,NORTHBRIDGE,6003,North of River,Metro,168.8,21.099999999999994,0.0
2022-10-08,United Northbridge,United,ULP,183.5,31 Fitzgerald St,NORTHBRIDGE,6003,North of River,Metro,168.8,14.699999999999989,-6.400000000000006
2022-10-09,United Northbridge,United,ULP,183.5,31 Fitzgerald St,NORTHBRIDGE,6003,North of River,Metro,168.8,14.699999999999989,0.0
2022-10-10,United Northbridge,United,ULP,171.9,31 Fitzgerald St,NORTHBRIDGE,6003,North of River,Metro,169.2,2.700000000000017,-11.599999999999994
2022-10-11,United Northbridge,United,ULP,170.5,31 Fitzgerald St,NORTHBRIDGE,6003,North of River,Metro,170.0,0.5,-1.4000000000000057
2022-10-12,United Northbridge,United,ULP,170.5,31 Fitzgerald St,NORTHBRIDGE,6003,North of River,Metro,171.0,-0.5,0.0
2022-10-13,United Northbridge,United,ULP,181.9,31 Fitzgerald St,NORTHBRIDGE,6003,North of River,Metro,171.9,10.0,11.400000000000006
2022-10-14,United Northbridge,United,ULP,171.9,31 Fitzgerald St,NORTHBRIDGE,6003,North of River,Metro,173.1,-1.1999999999999886,-10.0
2022-10-15,United Northbridge,United,ULP,177.9,31 Fitzgerald St,NORTHBRIDGE,6003,North of River,Metro,173.1,4.800000000000011,6.0
2022-10-16,United Northbridge,United,ULP,177.9,31 Fitzgerald St,NORTHBRIDGE,6003,North of River,Metro,173.1,4.800000000000011,0.0
2022-10-17,United Northbridge,United,ULP,175.5,31 Fitzgerald St,NORTHBRIDGE,6003,North of River,Metro,173.1,2.4000000000000057,-2.4000000000000057
2022-10-18,United Northbridge,United,ULP,171.5,31 Fitzgerald St,NORTHBRIDGE,6003,North of River,Metro,174.0,-2.5,-4.0
2022-10-19,United Northbridge,United,ULP,171.5,31 Fitzgerald St,NORTHBRIDGE,6003,North of River,Metro,174.0,-2.5,0.0
2022-10-20,United Northbridge,United,ULP,178.9,31 Fitzgerald St,NORTHBRIDGE,6003,North of River,Metro,173.8,5.099999999999994,7.400000000000006
2022-10-21,United Northbridge,United,ULP,178.9,31 Fitzgerald St,NORTHBRIDGE,6003,North of River,Metro,173.4,5.5,0.0
2022-10-22,United Northbridge,United,ULP,186.9,31 Fitzgerald St,NORTHBRIDGE,6003,North of River,Metro,173.4,13.5,8.0
2022-10-23,United Northbridge,United,ULP,186.9,31 Fitzgerald St,NORTHBRIDGE,6003,North of River,Metro,173.4,13.5,0.0
2022-10-24,United Northbridge,United,ULP,186.9,31 Fitzgerald St,NORTHBRIDGE,6003,North of River,Metro,173.7,13.200000000000017,0.0
2022-10-25,United Northbridge,United,ULP,175.9,31 Fitzgerald St,NORTHBRIDGE,6003,North of River,Metro,173.9,2.0,-11.0
2022-10-26,United Northbridge,United,ULP,173.5,31 Fitzgerald St,NORTHBRIDGE,6003,North of River,Metro,173.7,-0.19999999999998863,-2.4000000000000057
2022-10-27,United Northbridge,United,ULP,181.9,31 Fitzgerald St,NORTHBRIDGE,6003,North of River,Metro,173.8,8.099999999999994,8.400000000000006
2022-10-28,United Northbridge,United,ULP,185.9,31 Fitzgerald St,NORTHBRIDGE,6003,North of River,Metro,173.6,12.300000000000011,4.0
2022-10-29,United Northbridge,United,ULP,183.5,31 Fitzgerald St,NORTHBRIDGE,6003,North of River,Metro,173.6,9.900000000000006,-2.4000000000000057
2022-10-30,United Northbridge,United,ULP,183.5,31 Fitzgerald St,NORTHBRIDGE,6003,North of River,Metro,173.6,9.900000000000006,0.0
2022-10-31,United Northbridge,United,ULP,175.5,31 Fitzgerald St,NORTHBRIDGE,6003,North of River,Metro,172.7,2.8000000000000114,-8.0
2022-11-01,United Northbridge,United,ULP,173.5,31 Fitzgerald St,NORTHBRIDGE,6003,North of River,Metro,172.0,1.5,-2.0
2022-11-02,United Northbridge,United,ULP,171.5,31 Fitzgerald St,NORTHBRIDGE,6003,North of River,Metro,171.6,-0.09999999999999432,-2.0
2022-11-03,United Northbridge,United,ULP,189.9,31 Fitzgerald St,NORTHBRIDGE,6003,North of River,Metro,171.5,18.400000000000006,18.400000000000006
2022-11-04,United Northbridge,United,ULP,189.9,31 Fitzgerald St,NORTHBRIDGE,6003,North of River,Metro,172.0,17.900000000000006,0.0
2022-11-05,United Northbridge,United,ULP,187.9,31 Fitzgerald St,NORTHBRIDGE,6003,North of River,Metro,172.0,15.900000000000006,-2.0
2022-11-06,United Northbridge,United,ULP,187.9,31 Fitzgerald St,NORTHBRIDGE,6003,North of River,Metro,172.0,15.900000000000006,0.0
2022-11-07,United Northbridge,United,ULP,179.9,31 Fitzgerald St,NORTHBRIDGE,6003,North of River,Metro,172.9,7.0,-8.0
2022-11-08,United Northbridge,United,ULP,173.9,31 Fitzgerald St,NORTHBRIDGE,6003,North of River,Metro,175.2,-1.299999999999983,-6.0
2022-11-09,United Northbridge,United,ULP,171.9,31 Fitzgerald St,NORTHBRIDGE,6003,North of River,Metro,177.6,-5.699999999999989,-2.0
2022-11-10,United Northbridge,United,ULP,181.9,31 Fitzgerald St,NORTHBRIDGE,6003,North of River,Metro,179.0,2.9000000000000057,10.0
2022-11-11,United Northbridge,United,ULP,179.9,31 Fitzgerald St,NORTHBRIDGE,6003,North of River,Metro,179.4,0.5,-2.0
2022-11-12,United Northbridge,United,ULP,179.9,31 Fitzgerald St,NORTHBRIDGE,6003,North of River,Metro,179.4,0.5,0.0
2022-11-13,United Northbridge,United,ULP,179.9,31 Fitzgerald St,NORTHBRIDGE,6003,North of River,Metro,179.4,0.5,0.0
2022-11-14,United Northbridge,United,ULP,179.9,31 Fitzgerald St,NORTHBRIDGE,6003,North of River,Metro,179.2,0.700000000000017,0.0
2022-11-15,United Northbridge,United,ULP,179.9,31 Fitzgerald St,NORTHBRIDGE,6003,North of River,Metro,177.9,2.0,0.0
2022-11-16,United Northbridge,United,ULP,177.9,31 Fitzgerald St,NORTHBRIDGE,6003,North of River,Metro,177.1,0.8000000000000114,-2.0
2022-11-17,United Northbridge,United,ULP,193.9,31 Fitzgerald St,NORTHBRIDGE,6003,North of River,Metro,175.5,18.400000000000006,16.0
2022-11-18,United Northbridge,United,ULP,193.9,31 Fitzgerald St,NORTHBRIDGE,6003,North of River,Metro,174.3,19.599999999999994,0.0
2022-11-19,United Northbridge,United,ULP,187.9,31 Fitzgerald St,NORTHBRIDGE,6003,North of River,Metro,174.3,13.599999999999994,-6.0
2022-11-20,United Northbridge,United,ULP,178.5,31 Fitzgerald St,NORTHBRIDGE,6003,North of River,Metro,174.3,4.199999999999989,-9.400000000000006
2022-11-21,United Northbridge,United,ULP,178.5,31 Fitzgerald St,NORTHBRIDGE,6003,North of River,Metro,173.4,5.099999999999994,0.0
2022-11-22,United Northbridge,United,ULP,175.5,31 Fitzgerald St,NORTHBRIDGE,6003,North of River,Metro,172.3,3.1999999999999886,-3.0
2022-11-23,United Northbridge,United,ULP,173.5,31 Fitzgerald St,NORTHBRIDGE,6003,North of River,Metro,171.4,2.0999999999999943,-2.0
2022-11-24,United Northbridge,United,ULP,183.9,31 Fitzgerald St,NORTHBRIDGE,6003,North of River,Metro,170.9,13.0,10.400000000000006
2022-11-25,United Northbridge,United,ULP,186.9,31 Fitzgerald St,NORTHBRIDGE,6003,North of River,Metro,170.4,16.5,3.0
2022-11-26,United Northbridge,United,ULP,184.9,31 Fitzgerald St,NORTHBRIDGE,6003,North of River,Metro,170.4,14.5,-2.0
2022-11-27,United Northbridge,United,ULP,184.9,31 Fitzgerald St,NORTHBRIDGE,6003,North of River,Metro,170.4,14.5,0.0
2022-11-28,United Northbridge,United,ULP,177.9,31 Fitzgerald St,NORTHBRIDGE,6003,North of River,Metro,169.5,8.400000000000006,-7.0
2022-11-29,United Northbridge,United,ULP,171.9,31 Fitzgerald St,NORTHBRIDGE,6003,North of River,Metro,168.7,3.200000000000017,-6.0
2022-11-30,United Northbridge,United,ULP,163.9,31 Fitzgerald St,NORTHBRIDGE,6003,North of River,Metro,167.1,-3.1999999999999886,-8.0
2022-12-01,United Northbridge,United,ULP,195.9,31 Fitzgerald St,NORTHBRIDGE,6003,North of River,Metro,165.8,30.099999999999994,32.0
2022-12-02,United Northbridge,United,ULP,189.9,31 Fitzgerald St,NORTHBRIDGE,6003,North of River,Metro,164.4,25.5,-6.0
2022-12-03,United Northbridge,United,ULP,175.9,31 Fitzgerald St,NORTHBRIDGE,6003,North of River,Metro,164.4,11.5,-14.0
2022-12-04,United Northbridge,United,ULP,168.9,31 Fitzgerald St,NORTHBRIDGE,6003,North of River,Metro,164.4,4.5,-7.0
2022-12-05,United Northbridge,United,ULP,167.9,31 Fitzgerald St,NORTHBRIDGE,6003,North of River,Metro,163.6,4.300000000000011,-1.0
2022-12-06,United Northbridge,United,ULP,163.9,31 Fitzgerald St,NORTHBRIDGE,6003,North of River,Metro,162.8,1.0999999999999943,-4.0
2022-12-07,United Northbridge,United,ULP,189.9,31 Fitzgerald St,NORTHBRIDGE,6003,North of River,Metro,162.7,27.200000000000017,26.0
2022-12-08,United Northbridge,United,ULP,179.9,31 Fitzgerald St,NORTHBRIDGE,6003,North of River,Metro,162.3,17.599999999999994,-10.0
2022-12-09,United Northbridge,United,ULP,174.9,31 Fitzgerald St,NORTHBRIDGE,6003,North of River,Metro,161.8,13.099999999999994,-5.0
2022-12-10,United Northbridge,United,ULP,167.9,31 Fitzgerald St,NORTHBRIDGE,6003,North of River,Metro,161.8,6.099999999999994,-7.0
2022-12-11,United Northbridge,United,ULP,164.9,31 Fitzgerald St,NORTHBRIDGE,6003,North of River,Metro,161.8,3.0999999999999943,-3.0
2022-12-12,United Northbridge,United,ULP,162.9,31 Fitzgerald St,NORTHBRIDGE,6003,North of River,Metro,160.7,2.200000000000017,-2.0
2022-12-13,United Northbridge,United,ULP,159.7,31 Fitzgerald St,NORTHBRIDGE,6003,North of River,Metro,159.4,0.29999999999998295,-3.200000000000017
2022-12-14,United Northbridge,United,ULP,153.7,31 Fitzgerald St,NORTHBRIDGE,6003,North of River,Metro,157.7,-4.0,-6.0
2022-12-15,United Northbridge,United,ULP,187.9,31 Fitzgerald St,NORTHBRIDGE,6003,North of River,Metro,157.4,30.5,34.20000000000002
2022-12-16,United Northbridge,United,ULP,181.9,31 Fitzgerald St,NORTHBRIDGE,6003,North of River,Metro,157.3,24.599999999999994,-6.0
2022-12-17,United Northbridge,United,ULP,165.9,31 Fitzgerald St,NORTHBRIDGE,6003,North of River,Metro,157.3,8.599999999999994,-16.0
2022-12-18,United Northbridge,United,ULP,157.9,31 Fitzgerald St,NORTHBRIDGE,6003,North of River,Metro,157.3,0.5999999999999943,-8.0
2022-12-19,United Northbridge,United,ULP,156.9,31 Fitzgerald St,NORTHBRIDGE,6003,North of River,Metro,157.5,-0.5999999999999943,-1.0
2022-12-20,United Northbridge,United,ULP,155.5,31 Fitzgerald St,NORTHBRIDGE,6003,North of River,Metro,158.3,-2.8000000000000114,-1.4000000000000057
2022-12-21,United Northbridge,United,ULP,189.9,31 Fitzgerald St,NORTHBRIDGE,6003,North of River,Metro,158.8,31.099999999999994,34.400000000000006
2022-12-22,United Northbridge,United,ULP,184.9,31 Fitzgerald St,NORTHBRIDGE,6003,North of River,Metro,159.3,25.599999999999994,-5.0
2022-12-23,United Northbridge,United,ULP,169.9,31 Fitzgerald St,NORTHBRIDGE,6003,North of River,Metro,159.6,10.300000000000011,-15.0
2022-12-24,United Northbridge,United,ULP,159.9,31 Fitzgerald St,NORTHBRIDGE,6003,North of River,Metro,159.6,0.30000000000001137,-10.0
2022-12-25,United Northbridge,United,ULP,159.9,31 Fitzgerald St,NORTHBRIDGE,6003,North of River,Metro,159.6,0.30000000000001137,0.0
2022-12-26,United Northbridge,United,ULP,158.5,31 Fitzgerald St,NORTHBRIDGE,6003,North of River,Metro,160.0,-1.5,-1.4000000000000057
2022-12-27,United Northbridge,United,ULP,158.5,31 Fitzgerald St,NORTHBRIDGE,6003,North of River,Metro,160.2,-1.6999999999999886,0.0
2022-12-28,United Northbridge,United,ULP,195.9,31 Fitzgerald St,NORTHBRIDGE,6003,North of River,Metro,161.9,34.0,37.400000000000006
2022-12-29,United Northbridge,United,ULP,179.9,31 Fitzgerald St,NORTHBRIDGE,6003,North of River,Metro,162.3,17.599999999999994,-16.0
2022-12-30,United Northbridge,United,ULP,165.5,31 Fitzgerald St,NORTHBRIDGE,6003,North of River,Metro,164.1,1.4000000000000057,-14.400000000000006
2022-12-31,United Northbridge,United,ULP,163.5,31 Fitzgerald St,NORTHBRIDGE,6003,North of River,Metro,148.1,15.400000000000006,-2.0
2022-01-01,Vibe Charles St,Vibe,ULP,163.3,427 Charles St,NORTH PERTH,6006,North of River,Metro,148.1,15.200000000000017,
2022-01-02,Vibe Charles St,Vibe,ULP,162.3,427 Charles St,NORTH PERTH,6006,North of River,Metro,148.1,14.200000000000017,-1.0
2022-01-03,Vibe Charles St,Vibe,ULP,162.3,427 Charles St,NORTH PERTH,6006,North of River,Metro,149.2,13.100000000000023,0.0
2022-01-04,Vibe Charles St,Vibe,ULP,160.5,427 Charles St,NORTH PERTH,6006,North of River,Metro,149.4,11.099999999999994,-1.8000000000000114
2022-01-05,Vibe Charles St,Vibe,ULP,159.3,427 Charles St,NORTH PERTH,6006,North of River,Metro,150.0,9.300000000000011,-1.1999999999999886
2022-01-06,Vibe Charles St,Vibe,ULP,158.3,427 Charles St,NORTH PERTH,6006,North of River,Metro,150.4,7.900000000000006,-1.0
2022-01-07,Vibe Charles St,Vibe,ULP,156.3,427 Charles St,NORTH PERTH,6006,North of River,Metro,150.7,5.600000000000023,-2.0
2022-01-08,Vibe Charles St,Vibe,ULP,154.3,427 Charles St,NORTH PERTH,6006,North of River,Metro,150.7,3.6000000000000227,-2.0
2022-01-09,Vibe Charles St,Vibe,ULP,152.5,427 Charles St,NORTH PERTH,6006,North of River,Metro,150.7,1.8000000000000114,-1.8000000000000114
2022-01-10,Vibe Charles St,Vibe,ULP,149.3,427 Charles St,NORTH PERTH,6006,North of River,Metro,151.0,-1.6999999999999886,-3.1999999999999886
2022-01-11,Vibe Charles St,Vibe,ULP,147.5,427 Charles St,NORTH PERTH,6006,North of River,Metro,151.4,-3.9000000000000057,-1.8000000000000114
2022-01-12,Vibe Charles St,Vibe,ULP,147.5,427 Charles St,NORTH PERTH,6006,North of River,Metro,151.8,-4.300000000000011,0.0
2022-01-13,Vibe Charles St,Vibe,ULP,153.5,427 Charles St,NORTH PERTH,6006,North of River,Metro,152.1,1.4000000000000057,6.0
2022-01-14,Vibe Charles St,Vibe,ULP,153.3,427 Charles St,NORTH PERTH,6006,North of River,Metro,152.6,0.700000000000017,-0.19999999999998863
2022-01-15,Vibe Charles St,Vibe,ULP,153.3,427 Charles St,NORTH PERTH,6006,North of River,Metro,152.6,0.700000000000017,0.0
2022-01-16,Vibe Charles St,Vibe,ULP,152.5,427 Charles St,NORTH PERTH,6006,North of River,Metro,152.6,-0.09999999999999432,-0.8000000000000114
2022-01-17,Vibe Charles St,Vibe,ULP,153.3,427 Charles St,NORTH PERTH,6006,North of River,Metro,153.0,0.30000000000001137,0.8000000000000114
2022-01-18,Vibe Charles St,Vibe,ULP,152.3,427 Charles St,NORTH PERTH,6006,North of River,Metro,153.4,-1.0999999999999943,-1.0
2022-01-19,Vibe Charles St,Vibe,ULP,152.3,427 Charles St,NORTH PERTH,6006,North of River,Metro,154.3,-2.0,0.0
2022-01-20,Vibe Charles St,Vibe,ULP,153.7,427 Charles St,NORTH PERTH,6006,North of River,Metro,155.0,-1.3000000000000114,1.3999999999999773
2022-01-21,Vibe Charles St,Vibe,ULP,153.3,427 Charles St,NORTH PERTH,6006,North of River,Metro,155.9,-2.5999999999999943,-0.39999999999997726
2022-01-22,Vibe Charles St,Vibe,ULP,153.3,427 Charles St,NORTH PERTH,6006,North of River,Metro,155.9,-2.5999999999999943,0.0
2022-01-23,Vibe Charles St,Vibe,ULP,153.3,427 Charles St,NORTH PERTH,6006,North of River,Metro,155.9,-2.5999999999999943,0.0
2022-01-24,Vibe Charles St,Vibe,ULP,153.3,427 Charles St,NORTH PERTH,6006,North of River,Metro,156.7,-3.3999999999999773,0.0
2022-01-25,Vibe Charles St,Vibe,ULP,153.3,427 Charles St,NORTH PERTH,6006,North of River,Metro,157.0,-3.6999999999999886,0.0
2022-01-26,Vibe Charles St,Vibe,ULP,153.3,427 Charles St,NORTH PERTH,6006,North of River,Metro,157.4,-4.099999999999994,0.0
2022-01-27,Vibe Charles St,Vibe,ULP,163.3,427 Charles St,NORTH PERTH,6006,North of River,Metro,157.6,5.700000000000017,10.0
2022-01-28,Vibe Charles St,Vibe,ULP,163.3,427 Charles St,NORTH PERTH,6006,North of River,Metro,158.5,4.800000000000011,0.0
2022-01-29,Vibe Charles St,Vibe,ULP,163.2,427 Charles St,NORTH PERTH,6006,North of River,Metro,158.5,4.699999999999989,-0.10000000000002274
2022-01-30,Vibe Charles St,Vibe,ULP,163.2,427 Charles St,NORTH PERTH,6006,North of River,Metro,158.5,4.699999999999989,0.0
2022-01-31,Vibe Charles St,Vibe,ULP,163.2,427 Charles St,NORTH PERTH,6006,North of River,Metro,160.0,3.1999999999999886,0.0
2022-02-01,Vibe Charles St,Vibe,ULP,161.1,427 Charles St,NORTH PERTH,6006,North of River,Metro,162.1,-1.0,-2.0999999999999943
2022-02-02,Vibe Charles St,Vibe,ULP,161.1,427 Charles St,NORTH PERTH,6006,North of River,Metro,163.3,-2.200000000000017,0.0
2022-02-03,Vibe Charles St,Vibe,ULP,167.5,427 Charles St,NORTH PERTH,6006,North of River,Metro,164.1,3.4000000000000057,6.400000000000006
2022-02-04,Vibe Charles St,Vibe,ULP,167.5,427 Charles St,NORTH PERTH,6006,North of River,Metro,164.7,2.8000000000000114,0.0
2022-02-05,Vibe Charles St,Vibe,ULP,166.5,427 Charles St,NORTH PERTH,6006,North of River,Metro,164.7,1.8000000000000114,-1.0
2022-02-06,Vibe Charles St,Vibe,ULP,164.5,427 Charles St,NORTH PERTH,6006,North of River,Metro,164.7,-0.19999999999998863,-2.0
2022-02-07,Vibe Charles St,Vibe,ULP,163.5,427 Charles St,NORTH PERTH,6006,North of River,Metro,165.3,-1.8000000000000114,-1.0
2022-02-08,Vibe Charles St,Vibe,ULP,162.5,427 Charles St,NORTH PERTH,6006,North of River,Metro,166.1,-3.5999999999999943,-1.0
2022-02-09,Vibe Charles St,Vibe,ULP,183.9,427 Charles St,NORTH PERTH,6006,North of River,Metro,166.5,17.400000000000006,21.400000000000006
2022-02-10,Vibe Charles St,Vibe,ULP,173.5,427 Charles St,NORTH PERTH,6006,North of River,Metro,166.6,6.900000000000006,-10.400000000000006
2022-02-11,Vibe Charles St,Vibe,ULP,182.5,427 Charles St,NORTH PERTH,6006,North of River,Metro,166.8,15.699999999999989,9.0
2022-02-12,Vibe Charles St,Vibe,ULP,182.5,427 Charles St,NORTH PERTH,6006,North of River,Metro,166.8,15.699999999999989,0.0
2022-02-13,Vibe Charles St,Vibe,ULP,181.5,427 Charles St,NORTH PERTH,6006,North of River,Metro,166.8,14.699999999999989,-1.0
2022-02-14,Vibe Charles St,Vibe,ULP,181.5,427 Charles St,NORTH PERTH,6006,North of River,Metro,167.2,14.300000000000011,0.0
2022-02-15,Vibe Charles St,Vibe,ULP,177.3,427 Charles St,NORTH PERTH,6006,North of River,Metro,167.8,9.5,-4.199999999999989
2022-02-16,Vibe Charles St,Vibe,ULP,175.5,427 Charles St,NORTH PERTH,6006,North of River,Metro,168.7,6.800000000000011,-1.8000000000000114
2022-02-17,Vibe Charles St,Vibe,ULP,174.5,427 Charles St,NORTH PERTH,6006,North of River,Metro,169.6,4.900000000000006,-1.0
2022-02-18,Vibe Charles St,Vibe,ULP,172.5,427 Charles St,NORTH PERTH,6006,North of River,Metro,170.2,2.3000000000000114,-2.0
2022-02-19,Vibe Charles St,Vibe,ULP,171.5,427 Charles St,NORTH PERTH,6006,North of River,Metro,170.2,1.3000000000000114,-1.0
2022-02-20,Vibe Charles St,Vibe,ULP,169.5,427 Charles St,NORTH PERTH,6006,North of River,Metro,170.2,-0.6999999999999886,-2.0
2022-02-21,Vibe Charles St,Vibe,ULP,168.5,427 Charles St,NORTH PERTH,6006,North of River,Metro,170.0,-1.5,-1.0
2022-02-22,Vibe Charles St,Vibe,ULP,167.3,427 Charles St,NORTH PERTH,6006,North of River,Metro,169.8,-2.5,-1.1999999999999886
2022-02-23,Vibe Charles St,Vibe,ULP,183.7,427 Charles St,NORTH PERTH,6006,North of River,Metro,169.4,14.299999999999983,16.399999999999977
2022-02-24,Vibe Charles St,Vibe,ULP,189.5,427 Charles St,NORTH PERTH,6006,North of River,Metro,169.6,19.900000000000006,5.800000000000011
2022-02-25,Vibe Charles St,Vibe,ULP,189.5,427 Charles St,NORTH PERTH,6006,North of River,Metro,169.6,19.900000000000006,0.0
2022-02-26,Vibe Charles St,Vibe,ULP,189.5,427 Charles St,NORTH PERTH,6006,North of River,Metro,169.6,19.900000000000006,0.0
2022-02-27,Vibe Charles St,Vibe,ULP,189.5,427 Charles St,NORTH PERTH,6006,North of River,Metro,169.6,19.900000000000006,0.0
2022-02-28,Vibe Charles St,Vibe,ULP,183.3,427 Charles St,NORTH PERTH,6006,North of River,Metro,171.0,12.300000000000011,-6.199999999999989
2022-03-01,Vibe Charles St,Vibe,ULP,183.3,427 Charles St,NORTH PERTH,6006,North of River,Metro,172.4,10.900000000000006,0.0
2022-03-02,Vibe Charles St,Vibe,ULP,182.5,427 Charles St,NORTH PERTH,6006,North of River,Metro,173.3,9.199999999999989,-0.8000000000000114
2022-03-03,Vibe Charles St,Vibe,ULP,181.5,427 Charles St,NORTH PERTH,6006,North of River,Metro,174.4,7.099999999999994,-1.0
2022-03-04,Vibe Charles St,Vibe,ULP,179.5,427 Charles St,NORTH PERTH,6006,North of River,Metro,177.7,1.8000000000000114,-2.0
2022-03-05,Vibe Charles St,Vibe,ULP,179.5,427 Charles St,NORTH PERTH,6006,North of River,Metro,177.7,1.8000000000000114,0.0
2022-03-06,Vibe Charles St,Vibe,ULP,179.5,427 Charles St,NORTH PERTH,6006,North of River,Metro,177.7,1.8000000000000114,0.0
2022-03-07,Vibe Charles St,Vibe,ULP,179.5,427 Charles St,NORTH PERTH,6006,North of River,Metro,178.8,0.6999999999999886,0.0
2022-03-08,Vibe Charles St,Vibe,ULP,178.5,427 Charles St,NORTH PERTH,6006,North of River,Metro,183.5,-5.0,-1.0
2022-03-09,Vibe Charles St,Vibe,ULP,178.5,427 Charles St,NORTH PERTH,6006,North of River,Metro,187.0,-8.5,0.0
2022-03-10,Vibe Charles St,Vibe,ULP,199.5,427 Charles St,NORTH PERTH,6006,North of River,Metro,192.0,7.5,21.0
2022-03-11,Vibe Charles St,Vibe,ULP,199.5,427 Charles St,NORTH PERTH,6006,North of River,Metro,196.4,3.0999999999999943,0.0
2022-03-12,Vibe Charles St,Vibe,ULP,203.5,427 Charles St,NORTH PERTH,6006,North of River,Metro,196.4,7.099999999999994,4.0
2022-03-13,Vibe Charles St,Vibe,ULP,203.5,427 Charles St,NORTH PERTH,6006,North of River,Metro,196.4,7.099999999999994,0.0
2022-03-14,Vibe Charles St,Vibe,ULP,203.5,427 Charles St,NORTH PERTH,6006,North of River,Metro,198.0,5.5,0.0
2022-03-15,Vibe Charles St,Vibe,ULP,203.5,427 Charles St,NORTH PERTH,6006,North of River,Metro,197.8,5.699999999999989,0.0
2022-03-16,Vibe Charles St,Vibe,ULP,203.5,427 Charles St,NORTH PERTH,6006,North of River,Metro,195.8,7.699999999999989,0.0
2022-03-17,Vibe Charles St,Vibe,ULP,201.5,427 Charles St,NORTH PERTH,6006,North of River,Metro,193.5,8.0,-2.0
2022-03-18,Vibe Charles St,Vibe,ULP,199.3,427 Charles St,NORTH PERTH,6006,North of River,Metro,188.0,11.300000000000011,-2.1999999999999886
2022-03-19,Vibe Charles St,Vibe,ULP,198.5,427 Charles St,NORTH PERTH,6006,North of River,Metro,188.0,10.5,-0.8000000000000114
2022-03-20,Vibe Charles St,Vibe,ULP,196.3,427 Charles St,NORTH PERTH,6006,North of River,Metro,188.0,8.300000000000011,-2.1999999999999886
2022-03-21,Vibe Charles St,Vibe,ULP,193.3,427 Charles St,NORTH PERTH,6006,North of River,Metro,186.7,6.600000000000023,-3.0
2022-03-22,Vibe Charles St,Vibe,ULP,189.5,427 Charles St,NORTH PERTH,6006,North of River,Metro,185.1,4.400000000000006,-3.8000000000000114
2022-03-23,Vibe Charles St,Vibe,ULP,189.3,427 Charles St,NORTH PERTH,6006,North of River,Metro,185.1,4.200000000000017,-0.19999999999998863
2022-03-24,Vibe Charles St,Vibe,ULP,209.5,427 Charles St,NORTH PERTH,6006,North of River,Metro,186.3,23.19999999999999,20.19999999999999
2022-03-25,Vibe Charles St,Vibe,ULP,209.5,427 Charles St,NORTH PERTH,6006,North of River,Metro,187.2,22.30000000000001,0.0
2022-03-26,Vibe Charles St,Vibe,ULP,199.5,427 Charles St,NORTH PERTH,6006,North of River,Metro,187.2,12.300000000000011,-10.0
2022-03-27,Vibe Charles St,Vibe,ULP,199.5,427 Charles St,NORTH PERTH,6006,North of River,Metro,187.2,12.300000000000011,0.0
2022-03-28,Vibe Charles St,Vibe,ULP,199.5,427 Charles St,NORTH PERTH,6006,North of River,Metro,188.2,11.300000000000011,0.0
2022-03-29,Vibe Charles St,Vibe,ULP,199.5,427 Charles St,NORTH PERTH,6006,North of River,Metro,187.8,11.699999999999989,0.0
2022-03-30,Vibe Charles St,Vibe,ULP,196.5,427 Charles St,NORTH PERTH,6006,North of River,Metro,174.9,21.599999999999994,-3.0
2022-03-31,Vibe Charles St,Vibe,ULP,184.9,427 Charles St,NORTH PERTH,6006,North of River,Metro,161.4,23.5,-11.599999999999994
2022-04-01,Vibe Charles St,Vibe,ULP,184.9,427 Charles St,NORTH PERTH,6006,North of River,Metro,160.0,24.900000000000006,0.0
2022-04-02,Vibe Charles St,Vibe,ULP,183.3,427 Charles St,NORTH PERTH,6006,North of River,Metro,160.0,23.30000000000001,-1.5999999999999943
2022-04-03,Vibe Charles St,Vibe,ULP,170.7,427 Charles St,NORTH PERTH,6006,North of River,Metro,160.0,10.699999999999989,-12.600000000000023
2022-04-04,Vibe Charles St,Vibe,ULP,167.5,427 Charles St,NORTH PERTH,6006,North of River,Metro,158.7,8.800000000000011,-3.1999999999999886
2022-04-05,Vibe Charles St,Vibe,ULP,163.5,427 Charles St,NORTH PERTH,6006,North of River,Metro,156.9,6.599999999999994,-4.0
2022-04-06,Vibe Charles St,Vibe,ULP,159.5,427 Charles St,NORTH PERTH,6006,North of River,Metro,155.8,3.6999999999999886,-4.0
2022-04-07,Vibe Charles St,Vibe,ULP,163.3,427 Charles St,NORTH PERTH,6006,North of River,Metro,155.2,8.100000000000023,3.8000000000000114
2022-04-08,Vibe Charles St,Vibe,ULP,163.3,427 Charles St,NORTH PERTH,6006,North of River,Metro,154.6,8.700000000000017,0.0
2022-04-09,Vibe Charles St,Vibe,ULP,163.3,427 Charles St,NORTH PERTH,6006,North of River,Metro,154.6,8.700000000000017,0.0
2022-04-10,Vibe Charles St,Vibe,ULP,162.5,427 Charles St,NORTH PERTH,6006,North of River,Metro,154.6,7.900000000000006,-0.8000000000000114
2022-04-11,Vibe Charles St,Vibe,ULP,162.5,427 Charles St,NORTH PERTH,6006,North of River,Metro,153.6,8.900000000000006,0.0
2022-04-12,Vibe Charles St,Vibe,ULP,162.3,427 Charles St,NORTH PERTH,6006,North of River,Metro,153.3,9.0,-0.19999999999998863
2022-04-13,Vibe Charles St,Vibe,ULP,159.3,427 Charles St,NORTH PERTH,6006,North of River,Metro,152.8,6.5,-3.0
2022-04-14,Vibe Charles St,Vibe,ULP,157.5,427 Charles St,NORTH PERTH,6006,North of River,Metro,152.3,5.199999999999989,-1.8000000000000114
2022-04-15,Vibe Charles St,Vibe,ULP,155.5,427 Charles St,NORTH PERTH,6006,North of River,Metro,152.3,3.1999999999999886,-2.0
2022-04-16,Vibe Charles St,Vibe,ULP,153.3,427 Charles St,NORTH PERTH,6006,North of River,Metro,152.3,1.0,-2.1999999999999886
2022-04-17,Vibe Charles St,Vibe,ULP,152.3,427 Charles St,NORTH PERTH,6006,North of River,Metro,152.3,0.0,-1.0
2022-04-18,Vibe Charles St,Vibe,ULP,152.3,427 Charles St,NORTH PERTH,6006,North of River,Metro,152.7,-0.39999999999997726,0.0
2022-04-19,Vibe Charles St,Vibe,ULP,152.3,427 Charles St,NORTH PERTH,6006,North of River,Metro,154.3,-2.0,0.0
2022-04-20,Vibe Charles St,Vibe,ULP,163.5,427 Charles St,NORTH PERTH,6006,North of River,Metro,157.5,6.0,11.199999999999989
2022-04-21,Vibe Charles St,Vibe,ULP,163.5,427 Charles St,NORTH PERTH,6006,North of River,Metro,159.9,3.5999999999999943,0.0
2022-04-22,Vibe Charles St,Vibe,ULP,169.3,427 Charles St,NORTH PERTH,6006,North of River,Metro,161.4,7.900000000000006,5.800000000000011
2022-04-23,Vibe Charles St,Vibe,ULP,169.3,427 Charles St,NORTH PERTH,6006,North of River,Metro,161.4,7.900000000000006,0.0
2022-04-24,Vibe Charles St,Vibe,ULP,169.3,427 Charles St,NORTH PERTH,6006,North of River,Metro,161.4,7.900000000000006,0.0
2022-04-25,Vibe Charles St,Vibe,ULP,169.3,427 Charles St,NORTH PERTH,6006,North of River,Metro,162.0,7.300000000000011,0.0
2022-04-26,Vibe Charles St,Vibe,ULP,161.3,427 Charles St,NORTH PERTH,6006,North of River,Metro,162.2,-0.8999999999999773,-8.0
2022-04-27,Vibe Charles St,Vibe,ULP,160.3,427 Charles St,NORTH PERTH,6006,North of River,Metro,162.2,-1.8999999999999773,-1.0
2022-04-28,Vibe Charles St,Vibe,ULP,163.5,427 Charles St,NORTH PERTH,6006,North of River,Metro,162.7,0.8000000000000114,3.1999999999999886
2022-04-29,Vibe Charles St,Vibe,ULP,162.5,427 Charles St,NORTH PERTH,6006,North of River,Metro,164.0,-1.5,-1.0
2022-04-30,Vibe Charles St,Vibe,ULP,162.5,427 Charles St,NORTH PERTH,6006,North of River,Metro,164.0,-1.5,0.0
2022-05-01,Vibe Charles St,Vibe,ULP,162.5,427 Charles St,NORTH PERTH,6006,North of River,Metro,164.0,-1.5,0.0
2022-05-02,Vibe Charles St,Vibe,ULP,162.5,427 Charles St,NORTH PERTH,6006,North of River,Metro,165.2,-2.6999999999999886,0.0
2022-05-03,Vibe Charles St,Vibe,ULP,162.5,427 Charles St,NORTH PERTH,6006,North of River,Metro,166.8,-4.300000000000011,0.0
2022-05-04,Vibe Charles St,Vibe,ULP,173.9,427 Charles St,NORTH PERTH,6006,North of River,Metro,167.2,6.700000000000017,11.400000000000006
2022-05-05,Vibe Charles St,Vibe,ULP,177.5,427 Charles St,NORTH PERTH,6006,North of River,Metro,169.9,7.599999999999994,3.5999999999999943
2022-05-06,Vibe Charles St,Vibe,ULP,177.5,427 Charles St,NORTH PERTH,6006,North of River,Metro,173.3,4.199999999999989,0.0
2022-05-07,Vibe Charles St,Vibe,ULP,179.5,427 Charles St,NORTH PERTH,6006,North of River,Metro,173.3,6.199999999999989,2.0
2022-05-08,Vibe Charles St,Vibe,ULP,179.5,427 Charles St,NORTH PERTH,6006,North of River,Metro,173.3,6.199999999999989,0.0
2022-05-09,Vibe Charles St,Vibe,ULP,179.5,427 Charles St,NORTH PERTH,6006,North of River,Metro,175.1,4.400000000000006,0.0
2022-05-10,Vibe Charles St,Vibe,ULP,179.5,427 Charles St,NORTH PERTH,6006,North of River,Metro,177.3,2.1999999999999886,0.0
2022-05-11,Vibe Charles St,Vibe,ULP,177.3,427 Charles St,NORTH PERTH,6006,North of River,Metro,178.4,-1.0999999999999943,-2.1999999999999886
2022-05-12,Vibe Charles St,Vibe,ULP,178.5,427 Charles St,NORTH PERTH,6006,North of River,Metro,178.8,-0.30000000000001137,1.1999999999999886
2022-05-13,Vibe Charles St,Vibe,ULP,177.5,427 Charles St,NORTH PERTH,6006,North of River,Metro,178.9,-1.4000000000000057,-1.0
2022-05-14,Vibe Charles St,Vibe,ULP,177.3,427 Charles St,NORTH PERTH,6006,North of River,Metro,178.9,-1.5999999999999943,-0.19999999999998863
2022-05-15,Vibe Charles St,Vibe,ULP,177.3,427 Charles St,NORTH PERTH,6006,North of River,Metro,178.9,-1.5999999999999943,0.0
2022-05-16,Vibe Charles St,Vibe,ULP,176.5,427 Charles St,NORTH PERTH,6006,North of River,Metro,179.4,-2.9000000000000057,-0.8000000000000114
2022-05-17,Vibe Charles St,Vibe,ULP,176.5,427 Charles St,NORTH PERTH,6006,North of River,Metro,180.2,-3.6999999999999886,0.0
2022-05-18,Vibe Charles St,Vibe,ULP,177.7,427 Charles St,NORTH PERTH,6006,North of River,Metro,181.2,-3.5,1.1999999999999886
2022-05-19,Vibe Charles St,Vibe,ULP,186.5,427 Charles St,NORTH PERTH,6006,North of River,Metro,184.0,2.5,8.800000000000011
2022-05-20,Vibe Charles St,Vibe,ULP,187.5,427 Charles St,NORTH PERTH,6006,North of River,Metro,186.8,0.6999999999999886,1.0
2022-05-21,Vibe Charles St,Vibe,ULP,195.5,427 Charles St,NORTH PERTH,6006,North of River,Metro,186.8,8.699999999999989,8.0
2022-05-22,Vibe Charles St,Vibe,ULP,195.5,427 Charles St,NORTH PERTH,6006,North of River,Metro,186.8,8.699999999999989,0.0
2022-05-23,Vibe Charles St,Vibe,ULP,189.5,427 Charles St,NORTH PERTH,6006,North of River,Metro,188.6,0.9000000000000057,-6.0
2022-05-24,Vibe Charles St,Vibe,ULP,189.5,427 Charles St,NORTH PERTH,6006,North of River,Metro,189.8,-0.30000000000001137,0.0
2022-05-25,Vibe Charles St,Vibe,ULP,193.5,427 Charles St,NORTH PERTH,6006,North of River,Metro,189.8,3.6999999999999886,4.0
2022-05-26,Vibe Charles St,Vibe,ULP,193.5,427 Charles St,NORTH PERTH,6006,North of River,Metro,188.7,4.800000000000011,0.0
2022-05-27,Vibe Charles St,Vibe,ULP,191.5,427 Charles St,NORTH PERTH,6006,North of River,Metro,187.9,3.5999999999999943,-2.0
2022-05-28,Vibe Charles St,Vibe,ULP,191.5,427 Charles St,NORTH PERTH,6006,North of River,Metro,187.9,3.5999999999999943,0.0
2022-05-29,Vibe Charles St,Vibe,ULP,189.5,427 Charles St,NORTH PERTH,6006,North of River,Metro,187.9,1.5999999999999943,-2.0
2022-05-30,Vibe Charles St,Vibe,ULP,188.5,427 Charles St,NORTH PERTH,6006,North of River,Metro,187.6,0.9000000000000057,-1.0
2022-05-31,Vibe Charles St,Vibe,ULP,187.5,427 Charles St,NORTH PERTH,6006,North of River,Metro,187.5,0.0,-1.0
2022-06-01,Vibe Charles St,Vibe,ULP,199.5,427 Charles St,NORTH PERTH,6006,North of River,Metro,188.8,10.699999999999989,12.0
2022-06-02,Vibe Charles St,Vibe,ULP,199.5,427 Charles St,NORTH PERTH,6006,North of River,Metro,189.8,9.699999999999989,0.0
2022-06-03,Vibe Charles St,Vibe,ULP,199.5,427 Charles St,NORTH PERTH,6006,North of River,Metro,189.9,9.599999999999994,0.0
2022-06-04,Vibe Charles St,Vibe,ULP,199.5,427 Charles St,NORTH PERTH,6006,North of River,Metro,189.9,9.599999999999994,0.0
2022-06-05,Vibe Charles St,Vibe,ULP,199.5,427 Charles St,NORTH PERTH,6006,North of River,Metro,189.9,9.599999999999994,0.0
2022-06-06,Vibe Charles St,Vibe,ULP,199.5,427 Charles St,NORTH PERTH,6006,North of River,Metro,189.7,9.800000000000011,0.0
2022-06-07,Vibe Charles St,Vibe,ULP,199.5,427 Charles St,NORTH PERTH,6006,North of River,Metro,189.2,10.300000000000011,0.0
2022-06-08,Vibe Charles St,Vibe,ULP,197.5,427 Charles St,NORTH PERTH,6006,North of River,Metro,189.2,8.300000000000011,-2.0
2022-06-09,Vibe Charles St,Vibe,ULP,195.5,427 Charles St,NORTH PERTH,6006,North of River,Metro,189.1,6.400000000000006,-2.0
2022-06-10,Vibe Charles St,Vibe,ULP,192.5,427 Charles St,NORTH PERTH,6006,North of River,Metro,189.5,3.0,-3.0
2022-06-11,Vibe Charles St,Vibe,ULP,190.5,427 Charles St,NORTH PERTH,6006,North of River,Metro,189.5,1.0,-2.0
2022-06-12,Vibe Charles St,Vibe,ULP,189.5,427 Charles St,NORTH PERTH,6006,North of River,Metro,189.5,0.0,-1.0
2022-06-13,Vibe Charles St,Vibe,ULP,188.7,427 Charles St,NORTH PERTH,6006,North of River,Metro,190.5,-1.8000000000000114,-0.8000000000000114
2022-06-14,Vibe Charles St,Vibe,ULP,188.3,427 Charles St,NORTH PERTH,6006,North of River,Metro,192.7,-4.399999999999977,-0.39999999999997726
2022-06-15,Vibe Charles St,Vibe,ULP,203.9,427 Charles St,NORTH PERTH,6006,North of River,Metro,193.8,10.099999999999994,15.599999999999994
2022-06-16,Vibe Charles St,Vibe,ULP,209.3,427 Charles St,NORTH PERTH,6006,North of River,Metro,195.9,13.400000000000006,5.400000000000006
2022-06-17,Vibe Charles St,Vibe,ULP,209.3,427 Charles St,NORTH PERTH,6006,North of River,Metro,197.8,11.5,0.0
2022-06-18,Vibe Charles St,Vibe,ULP,208.5,427 Charles St,NORTH PERTH,6006,North of River,Metro,197.8,10.699999999999989,-0.8000000000000114
2022-06-19,Vibe Charles St,Vibe,ULP,208.5,427 Charles St,NORTH PERTH,6006,North of River,Metro,197.8,10.699999999999989,0.0
2022-06-20,Vibe Charles St,Vibe,ULP,207.5,427 Charles St,NORTH PERTH,6006,North of River,Metro,198.6,8.900000000000006,-1.0
2022-06-21,Vibe Charles St,Vibe,ULP,205.5,427 Charles St,NORTH PERTH,6006,North of River,Metro,198.7,6.800000000000011,-2.0
2022-06-22,Vibe Charles St,Vibe,ULP,199.5,427 Charles St,NORTH PERTH,6006,North of River,Metro,198.8,0.6999999999999886,-6.0
2022-06-23,Vibe Charles St,Vibe,ULP,199.5,427 Charles St,NORTH PERTH,6006,North of River,Metro,199.1,0.4000000000000057,0.0
2022-06-24,Vibe Charles St,Vibe,ULP,199.5,427 Charles St,NORTH PERTH,6006,North of River,Metro,198.7,0.8000000000000114,0.0
2022-06-25,Vibe Charles St,Vibe,ULP,198.5,427 Charles St,NORTH PERTH,6006,North of River,Metro,198.7,-0.19999999999998863,-1.0
2022-06-26,Vibe Charles St,Vibe,ULP,198.5,427 Charles St,NORTH PERTH,6006,North of River,Metro,198.7,-0.19999999999998863,0.0
2022-06-27,Vibe Charles St,Vibe,ULP,198.5,427 Charles St,NORTH PERTH,6006,North of River,Metro,197.9,0.5999999999999943,0.0
2022-06-28,Vibe Charles St,Vibe,ULP,196.5,427 Charles St,NORTH PERTH,6006,North of River,Metro,198.3,-1.8000000000000114,-2.0
2022-06-29,Vibe Charles St,Vibe,ULP,209.5,427 Charles St,NORTH PERTH,6006,North of River,Metro,198.6,10.900000000000006,13.0
2022-06-30,Vibe Charles St,Vibe,ULP,199.3,427 Charles St,NORTH PERTH,6006,North of River,Metro,198.2,1.1000000000000227,-10.199999999999989
2022-07-01,Vibe Charles St,Vibe,ULP,213.5,427 Charles St,NORTH PERTH,6006,North of River,Metro,198.6,14.900000000000006,14.199999999999989
2022-07-02,Vibe Charles St,Vibe,ULP,209.5,427 Charles St,NORTH PERTH,6006,North of River,Metro,198.6,10.900000000000006,-4.0
2022-07-03,Vibe Charles St,Vibe,ULP,209.5,427 Charles St,NORTH PERTH,6006,North of River,Metro,198.6,10.900000000000006,0.0
2022-07-04,Vibe Charles St,Vibe,ULP,205.5,427 Charles St,NORTH PERTH,6006,North of River,Metro,197.8,7.699999999999989,-4.0
2022-07-05,Vibe Charles St,Vibe,ULP,205.5,427 Charles St,NORTH PERTH,6006,North of River,Metro,196.3,9.199999999999989,0.0
2022-07-06,Vibe Charles St,Vibe,ULP,199.7,427 Charles St,NORTH PERTH,6006,North of River,Metro,195.3,4.399999999999977,-5.800000000000011
2022-07-07,Vibe Charles St,Vibe,ULP,199.5,427 Charles St,NORTH PERTH,6006,North of River,Metro,193.0,6.5,-0.19999999999998863
2022-07-08,Vibe Charles St,Vibe,ULP,199.5,427 Charles St,NORTH PERTH,6006,North of River,Metro,189.8,9.699999999999989,0.0
2022-07-09,Vibe Charles St,Vibe,ULP,198.5,427 Charles St,NORTH PERTH,6006,North of River,Metro,189.8,8.699999999999989,-1.0
2022-07-10,Vibe Charles St,Vibe,ULP,195.5,427 Charles St,NORTH PERTH,6006,North of River,Metro,189.8,5.699999999999989,-3.0
2022-07-11,Vibe Charles St,Vibe,ULP,192.7,427 Charles St,NORTH PERTH,6006,North of River,Metro,183.6,9.099999999999994,-2.8000000000000114
2022-07-12,Vibe Charles St,Vibe,ULP,189.3,427 Charles St,NORTH PERTH,6006,North of River,Metro,180.5,8.800000000000011,-3.3999999999999773
2022-07-13,Vibe Charles St,Vibe,ULP,199.5,427 Charles St,NORTH PERTH,6006,North of River,Metro,177.1,22.400000000000006,10.199999999999989
2022-07-14,Vibe Charles St,Vibe,ULP,185.5,427 Charles St,NORTH PERTH,6006,North of River,Metro,172.5,13.0,-14.0
2022-07-15,Vibe Charles St,Vibe,ULP,189.7,427 Charles St,NORTH PERTH,6006,North of River,Metro,169.7,20.0,4.199999999999989
2022-07-16,Vibe Charles St,Vibe,ULP,189.7,427 Charles St,NORTH PERTH,6006,North of River,Metro,169.7,20.0,0.0
2022-07-17,Vibe Charles St,Vibe,ULP,183.5,427 Charles St,NORTH PERTH,6006,North of River,Metro,169.7,13.800000000000011,-6.199999999999989
2022-07-18,Vibe Charles St,Vibe,ULP,182.5,427 Charles St,NORTH PERTH,6006,North of River,Metro,166.0,16.5,-1.0
2022-07-19,Vibe Charles St,Vibe,ULP,177.5,427 Charles St,NORTH PERTH,6006,North of River,Metro,163.3,14.199999999999989,-5.0
2022-07-20,Vibe Charles St,Vibe,ULP,171.5,427 Charles St,NORTH PERTH,6006,North of River,Metro,162.4,9.099999999999994,-6.0
2022-07-21,Vibe Charles St,Vibe,ULP,172.5,427 Charles St,NORTH PERTH,6006,North of River,Metro,161.2,11.300000000000011,1.0
2022-07-22,Vibe Charles St,Vibe,ULP,170.5,427 Charles St,NORTH PERTH,6006,North of River,Metro,160.7,9.800000000000011,-2.0
2022-07-23,Vibe Charles St,Vibe,ULP,168.5,427 Charles St,NORTH PERTH,6006,North of River,Metro,160.7,7.800000000000011,-2.0
2022-07-24,Vibe Charles St,Vibe,ULP,165.7,427 Charles St,NORTH PERTH,6006,North of River,Metro,160.7,5.0,-2.8000000000000114
2022-07-25,Vibe Charles St,Vibe,ULP,163.5,427 Charles St,NORTH PERTH,6006,North of River,Metro,159.2,4.300000000000011,-2.1999999999999886
2022-07-26,Vibe Charles St,Vibe,ULP,160.5,427 Charles St,NORTH PERTH,6006,North of River,Metro,157.9,2.5999999999999943,-3.0
2022-07-27,Vibe Charles St,Vibe,ULP,189.5,427 Charles St,NORTH PERTH,6006,North of River,Metro,156.2,33.30000000000001,29.0
2022-07-28,Vibe Charles St,Vibe,ULP,169.5,427 Charles St,NORTH PERTH,6006,North of River,Metro,156.2,13.300000000000011,-20.0
2022-07-29,Vibe Charles St,Vibe,ULP,169.5,427 Charles St,NORTH PERTH,6006,North of River,Metro,156.0,13.5,0.0
2022-07-30,Vibe Charles St,Vibe,ULP,155.7,427 Charles St,NORTH PERTH,6006,North of River,Metro,156.0,-0.30000000000001137,-13.800000000000011
2022-07-31,Vibe Charles St,Vibe,ULP,167.5,427 Charles St,NORTH PERTH,6006,North of River,Metro,156.0,11.5,11.800000000000011
2022-08-01,Vibe Charles St,Vibe,ULP,163.3,427 Charles St,NORTH PERTH,6006,North of River,Metro,156.9,6.400000000000006,-4.199999999999989
2022-08-02,Vibe Charles St,Vibe,ULP,159.3,427 Charles St,NORTH PERTH,6006,North of River,Metro,159.2,0.10000000000002274,-4.0
2022-08-03,Vibe Charles St,Vibe,ULP,159.3,427 Charles St,NORTH PERTH,6006,North of River,Metro,160.2,-0.8999999999999773,0.0
2022-08-04,Vibe Charles St,Vibe,ULP,158.3,427 Charles St,NORTH PERTH,6006,North of River,Metro,159.3,-1.0,-1.0
2022-08-05,Vibe Charles St,Vibe,ULP,158.3,427 Charles St,NORTH PERTH,6006,North of River,Metro,158.7,-0.39999999999997726,0.0
2022-08-06,Vibe Charles St,Vibe,ULP,158.3,427 Charles St,NORTH PERTH,6006,North of River,Metro,158.7,-0.39999999999997726,0.0
2022-08-07,Vibe Charles St,Vibe,ULP,156.9,427 Charles St,NORTH PERTH,6006,North of River,Metro,158.7,-1.799999999999983,-1.4000000000000057
2022-08-08,Vibe Charles St,Vibe,ULP,156.9,427 Charles St,NORTH PERTH,6006,North of River,Metro,157.6,-0.6999999999999886,0.0
2022-08-09,Vibe Charles St,Vibe,ULP,156.5,427 Charles St,NORTH PERTH,6006,North of River,Metro,155.0,1.5,-0.4000000000000057
2022-08-10,Vibe Charles St,Vibe,ULP,163.5,427 Charles St,NORTH PERTH,6006,North of River,Metro,153.1,10.400000000000006,7.0
2022-08-11,Vibe Charles St,Vibe,ULP,163.5,427 Charles St,NORTH PERTH,6006,North of River,Metro,152.1,11.400000000000006,0.0
2022-08-12,Vibe Charles St,Vibe,ULP,162.5,427 Charles St,NORTH PERTH,6006,North of River,Metro,150.4,12.099999999999994,-1.0
2022-08-13,Vibe Charles St,Vibe,ULP,158.5,427 Charles St,NORTH PERTH,6006,North of River,Metro,150.4,8.099999999999994,-4.0
2022-08-14,Vibe Charles St,Vibe,ULP,157.3,427 Charles St,NORTH PERTH,6006,North of River,Metro,150.4,6.900000000000006,-1.1999999999999886
2022-08-15,Vibe Charles St,Vibe,ULP,153.5,427 Charles St,NORTH PERTH,6006,North of River,Metro,150.2,3.3000000000000114,-3.8000000000000114
2022-08-16,Vibe Charles St,Vibe,ULP,150.5,427 Charles St,NORTH PERTH,6006,North of River,Metro,151.3,-0.8000000000000114,-3.0
2022-08-17,Vibe Charles St,Vibe,ULP,151.5,427 Charles St,NORTH PERTH,6006,North of River,Metro,151.3,0.19999999999998863,1.0
2022-08-18,Vibe Charles St,Vibe,ULP,151.5,427 Charles St,NORTH PERTH,6006,North of River,Metro,151.1,0.4000000000000057,0.0
2022-08-19,Vibe Charles St,Vibe,ULP,151.5,427 Charles St,NORTH PERTH,6006,North of River,Metro,151.3,0.19999999999998863,0.0
2022-08-20,Vibe Charles St,Vibe,ULP,151.5,427 Charles St,NORTH PERTH,6006,North of River,Metro,151.3,0.19999999999998863,0.0
2022-08-21,Vibe Charles St,Vibe,ULP,151.3,427 Charles St,NORTH PERTH,6006,North of River,Metro,151.3,0.0,-0.19999999999998863
2022-08-22,Vibe Charles St,Vibe,ULP,150.5,427 Charles St,NORTH PERTH,6006,North of River,Metro,151.9,-1.4000000000000057,-0.8000000000000114
2022-08-23,Vibe Charles St,Vibe,ULP,150.5,427 Charles St,NORTH PERTH,6006,North of River,Metro,152.5,-2.0,0.0
2022-08-24,Vibe Charles St,Vibe,ULP,151.3,427 Charles St,NORTH PERTH,6006,North of River,Metro,153.5,-2.1999999999999886,0.8000000000000114
2022-08-25,Vibe Charles St,Vibe,ULP,159.7,427 Charles St,NORTH PERTH,6006,North of River,Metro,154.8,4.899999999999977,8.399999999999977
2022-08-26,Vibe Charles St,Vibe,ULP,161.3,427 Charles St,NORTH PERTH,6006,North of River,Metro,156.2,5.100000000000023,1.6000000000000227
2022-08-27,Vibe Charles St,Vibe,ULP,161.3,427 Charles St,NORTH PERTH,6006,North of River,Metro,156.2,5.100000000000023,0.0
2022-08-28,Vibe Charles St,Vibe,ULP,161.3,427 Charles St,NORTH PERTH,6006,North of River,Metro,156.2,5.100000000000023,0.0
2022-08-29,Vibe Charles St,Vibe,ULP,161.3,427 Charles St,NORTH PERTH,6006,North of River,Metro,156.8,4.5,0.0
2022-08-30,Vibe Charles St,Vibe,ULP,157.5,427 Charles St,NORTH PERTH,6006,North of River,Metro,156.8,0.6999999999999886,-3.8000000000000114
2022-08-31,Vibe Charles St,Vibe,ULP,157.5,427 Charles St,NORTH PERTH,6006,North of River,Metro,156.7,0.8000000000000114,0.0
2022-09-01,Vibe Charles St,Vibe,ULP,159.3,427 Charles St,NORTH PERTH,6006,North of River,Metro,156.2,3.1000000000000227,1.8000000000000114
2022-09-02,Vibe Charles St,Vibe,ULP,159.3,427 Charles St,NORTH PERTH,6006,North of River,Metro,153.9,5.400000000000006,0.0
2022-09-03,Vibe Charles St,Vibe,ULP,159.3,427 Charles St,NORTH PERTH,6006,North of River,Metro,153.9,5.400000000000006,0.0
2022-09-04,Vibe Charles St,Vibe,ULP,159.3,427 Charles St,NORTH PERTH,6006,North of River,Metro,153.9,5.400000000000006,0.0
2022-09-05,Vibe Charles St,Vibe,ULP,156.5,427 Charles St,NORTH PERTH,6006,North of River,Metro,150.8,5.699999999999989,-2.8000000000000114
2022-09-06,Vibe Charles St,Vibe,ULP,154.7,427 Charles St,NORTH PERTH,6006,North of River,Metro,149.7,5.0,-1.8000000000000114
2022-09-07,Vibe Charles St,Vibe,ULP,151.5,427 Charles St,NORTH PERTH,6006,North of River,Metro,149.0,2.5,-3.1999999999999886
2022-09-08,Vibe Charles St,Vibe,ULP,159.5,427 Charles St,NORTH PERTH,6006,North of River,Metro,148.5,11.0,8.0
2022-09-09,Vibe Charles St,Vibe,ULP,159.5,427 Charles St,NORTH PERTH,6006,North of River,Metro,149.2,10.300000000000011,0.0
2022-09-10,Vibe Charles St,Vibe,ULP,159.5,427 Charles St,NORTH PERTH,6006,North of River,Metro,149.2,10.300000000000011,0.0
2022-09-11,Vibe Charles St,Vibe,ULP,159.5,427 Charles St,NORTH PERTH,6006,North of River,Metro,149.2,10.300000000000011,0.0
2022-09-12,Vibe Charles St,Vibe,ULP,156.7,427 Charles St,NORTH PERTH,6006,North of River,Metro,149.2,7.5,-2.8000000000000114
2022-09-13,Vibe Charles St,Vibe,ULP,151.5,427 Charles St,NORTH PERTH,6006,North of River,Metro,149.4,2.0999999999999943,-5.199999999999989
2022-09-14,Vibe Charles St,Vibe,ULP,151.5,427 Charles St,NORTH PERTH,6006,North of River,Metro,150.0,1.5,0.0
2022-09-15,Vibe Charles St,Vibe,ULP,157.5,427 Charles St,NORTH PERTH,6006,North of River,Metro,150.1,7.400000000000006,6.0
2022-09-16,Vibe Charles St,Vibe,ULP,157.5,427 Charles St,NORTH PERTH,6006,North of River,Metro,150.0,7.5,0.0
2022-09-17,Vibe Charles St,Vibe,ULP,148.5,427 Charles St,NORTH PERTH,6006,North of River,Metro,150.0,-1.5,-9.0
2022-09-18,Vibe Charles St,Vibe,ULP,150.5,427 Charles St,NORTH PERTH,6006,North of River,Metro,150.0,0.5,2.0
2022-09-19,Vibe Charles St,Vibe,ULP,149.3,427 Charles St,NORTH PERTH,6006,North of River,Metro,150.3,-1.0,-1.1999999999999886
2022-09-20,Vibe Charles St,Vibe,ULP,148.5,427 Charles St,NORTH PERTH,6006,North of River,Metro,148.6,-0.09999999999999432,-0.8000000000000114
2022-09-21,Vibe Charles St,Vibe,ULP,159.5,427 Charles St,NORTH PERTH,6006,North of River,Metro,146.8,12.699999999999989,11.0
2022-09-22,Vibe Charles St,Vibe,ULP,159.5,427 Charles St,NORTH PERTH,6006,North of River,Metro,145.8,13.699999999999989,0.0
2022-09-23,Vibe Charles St,Vibe,ULP,147.5,427 Charles St,NORTH PERTH,6006,North of River,Metro,145.2,2.3000000000000114,-12.0
2022-09-24,Vibe Charles St,Vibe,ULP,158.7,427 Charles St,NORTH PERTH,6006,North of River,Metro,145.2,13.5,11.199999999999989
2022-09-25,Vibe Charles St,Vibe,ULP,158.7,427 Charles St,NORTH PERTH,6006,North of River,Metro,145.2,13.5,0.0
2022-09-26,Vibe Charles St,Vibe,ULP,158.7,427 Charles St,NORTH PERTH,6006,North of River,Metro,144.0,14.699999999999989,0.0
2022-09-27,Vibe Charles St,Vibe,ULP,158.7,427 Charles St,NORTH PERTH,6006,North of River,Metro,143.6,15.099999999999994,0.0
2022-09-28,Vibe Charles St,Vibe,ULP,149.5,427 Charles St,NORTH PERTH,6006,North of River,Metro,149.4,0.09999999999999432,-9.199999999999989
2022-09-29,Vibe Charles St,Vibe,ULP,163.5,427 Charles St,NORTH PERTH,6006,North of River,Metro,168.0,-4.5,14.0
2022-09-30,Vibe Charles St,Vibe,ULP,155.5,427 Charles St,NORTH PERTH,6006,North of River,Metro,168.0,-12.5,-8.0
2022-10-01,Vibe Charles St,Vibe,ULP,161.5,427 Charles St,NORTH PERTH,6006,North of River,Metro,168.0,-6.5,6.0
2022-10-02,Vibe Charles St,Vibe,ULP,163.5,427 Charles St,NORTH PERTH,6006,North of River,Metro,168.0,-4.5,2.0
2022-10-03,Vibe Charles St,Vibe,ULP,163.5,427 Charles St,NORTH PERTH,6006,North of River,Metro,167.2,-3.6999999999999886,0.0
2022-10-04,Vibe Charles St,Vibe,ULP,165.5,427 Charles St,NORTH PERTH,6006,North of River,Metro,167.8,-2.3000000000000114,2.0
2022-10-05,Vibe Charles St,Vibe,ULP,169.5,427 Charles St,NORTH PERTH,6006,North of River,Metro,168.4,1.0999999999999943,4.0
2022-10-06,Vibe Charles St,Vibe,ULP,173.5,427 Charles St,NORTH PERTH,6006,North of River,Metro,168.2,5.300000000000011,4.0
2022-10-07,Vibe Charles St,Vibe,ULP,173.5,427 Charles St,NORTH PERTH,6006,North of River,Metro,168.8,4.699999999999989,0.0
2022-10-08,Vibe Charles St,Vibe,ULP,169.3,427 Charles St,NORTH PERTH,6006,North of River,Metro,168.8,0.5,-4.199999999999989
2022-10-09,Vibe Charles St,Vibe,ULP,173.3,427 Charles St,NORTH PERTH,6006,North of River,Metro,168.8,4.5,4.0
2022-10-10,Vibe Charles St,Vibe,ULP,173.3,427 Charles St,NORTH PERTH,6006,North of River,Metro,169.2,4.100000000000023,0.0
2022-10-11,Vibe Charles St,Vibe,ULP,167.5,427 Charles St,NORTH PERTH,6006,North of River,Metro,170.0,-2.5,-5.800000000000011
2022-10-12,Vibe Charles St,Vibe,ULP,167.5,427 Charles St,NORTH PERTH,6006,North of River,Metro,171.0,-3.5,0.0
2022-10-13,Vibe Charles St,Vibe,ULP,173.5,427 Charles St,NORTH PERTH,6006,North of River,Metro,171.9,1.5999999999999943,6.0
2022-10-14,Vibe Charles St,Vibe,ULP,173.5,427 Charles St,NORTH PERTH,6006,North of River,Metro,173.1,0.4000000000000057,0.0
2022-10-15,Vibe Charles St,Vibe,ULP,173.5,427 Charles St,NORTH PERTH,6006,North of River,Metro,173.1,0.4000000000000057,0.0
2022-10-16,Vibe Charles St,Vibe,ULP,173.5,427 Charles St,NORTH PERTH,6006,North of River,Metro,173.1,0.4000000000000057,0.0
2022-10-17,Vibe Charles St,Vibe,ULP,173.5,427 Charles St,NORTH PERTH,6006,North of River,Metro,173.1,0.4000000000000057,0.0
2022-10-18,Vibe Charles St,Vibe,ULP,172.5,427 Charles St,NORTH PERTH,6006,North of River,Metro,174.0,-1.5,-1.0
2022-10-19,Vibe Charles St,Vibe,ULP,173.5,427 Charles St,NORTH PERTH,6006,North of River,Metro,174.0,-0.5,1.0
2022-10-20,Vibe Charles St,Vibe,ULP,179.5,427 Charles St,NORTH PERTH,6006,North of River,Metro,173.8,5.699999999999989,6.0
2022-10-21,Vibe Charles St,Vibe,ULP,179.5,427 Charles St,NORTH PERTH,6006,North of River,Metro,173.4,6.099999999999994,0.0
2022-10-22,Vibe Charles St,Vibe,ULP,173.5,427 Charles St,NORTH PERTH,6006,North of River,Metro,173.4,0.09999999999999432,-6.0
2022-10-23,Vibe Charles St,Vibe,ULP,173.5,427 Charles St,NORTH PERTH,6006,North of River,Metro,173.4,0.09999999999999432,0.0
2022-10-24,Vibe Charles St,Vibe,ULP,173.5,427 Charles St,NORTH PERTH,6006,North of River,Metro,173.7,-0.19999999999998863,0.0
2022-10-25,Vibe Charles St,Vibe,ULP,173.5,427 Charles St,NORTH PERTH,6006,North of River,Metro,173.9,-0.4000000000000057,0.0
2022-10-26,Vibe Charles St,Vibe,ULP,173.5,427 Charles St,NORTH PERTH,6006,North of River,Metro,173.7,-0.19999999999998863,0.0
2022-10-27,Vibe Charles St,Vibe,ULP,179.3,427 Charles St,NORTH PERTH,6006,North of River,Metro,173.8,5.5,5.800000000000011
2022-10-28,Vibe Charles St,Vibe,ULP,179.3,427 Charles St,NORTH PERTH,6006,North of River,Metro,173.6,5.700000000000017,0.0
2022-10-29,Vibe Charles St,Vibe,ULP,179.3,427 Charles St,NORTH PERTH,6006,North of River,Metro,173.6,5.700000000000017,0.0
2022-10-30,Vibe Charles St,Vibe,ULP,176.5,427 Charles St,NORTH PERTH,6006,North of River,Metro,173.6,2.9000000000000057,-2.8000000000000114
2022-10-31,Vibe Charles St,Vibe,ULP,173.5,427 Charles St,NORTH PERTH,6006,North of River,Metro,172.7,0.8000000000000114,-3.0
2022-11-01,Vibe Charles St,Vibe,ULP,171.7,427 Charles St,NORTH PERTH,6006,North of River,Metro,172.0,-0.30000000000001137,-1.8000000000000114
2022-11-02,Vibe Charles St,Vibe,ULP,179.5,427 Charles St,NORTH PERTH,6006,North of River,Metro,171.6,7.900000000000006,7.800000000000011
2022-11-03,Vibe Charles St,Vibe,ULP,173.5,427 Charles St,NORTH PERTH,6006,North of River,Metro,171.5,2.0,-6.0
2022-11-04,Vibe Charles St,Vibe,ULP,179.5,427 Charles St,NORTH PERTH,6006,North of River,Metro,172.0,7.5,6.0
2022-11-05,Vibe Charles St,Vibe,ULP,179.5,427 Charles St,NORTH PERTH,6006,North of River,Metro,172.0,7.5,0.0
2022-11-06,Vibe Charles St,Vibe,ULP,178.5,427 Charles St,NORTH PERTH,6006,North of River,Metro,172.0,6.5,-1.0
2022-11-07,Vibe Charles St,Vibe,ULP,175.5,427 Charles St,NORTH PERTH,6006,North of River,Metro,172.9,2.5999999999999943,-3.0
2022-11-08,Vibe Charles St,Vibe,ULP,169.5,427 Charles St,NORTH PERTH,6006,North of River,Metro,175.2,-5.699999999999989,-6.0
2022-11-09,Vibe Charles St,Vibe,ULP,179.5,427 Charles St,NORTH PERTH,6006,North of River,Metro,177.6,1.9000000000000057,10.0
2022-11-10,Vibe Charles St,Vibe,ULP,179.5,427 Charles St,NORTH PERTH,6006,North of River,Metro,179.0,0.5,0.0
2022-11-11,Vibe Charles St,Vibe,ULP,179.5,427 Charles St,NORTH PERTH,6006,North of River,Metro,179.4,0.09999999999999432,0.0
2022-11-12,Vibe Charles St,Vibe,ULP,179.5,427 Charles St,NORTH PERTH,6006,North of River,Metro,179.4,0.09999999999999432,0.0
2022-11-13,Vibe Charles St,Vibe,ULP,179.5,427 Charles St,NORTH PERTH,6006,North of River,Metro,179.4,0.09999999999999432,0.0
2022-11-14,Vibe Charles St,Vibe,ULP,177.5,427 Charles St,NORTH PERTH,6006,North of River,Metro,179.2,-1.6999999999999886,-2.0
2022-11-15,Vibe Charles St,Vibe,ULP,176.5,427 Charles St,NORTH PERTH,6006,North of River,Metro,177.9,-1.4000000000000057,-1.0
2022-11-16,Vibe Charles St,Vibe,ULP,179.5,427 Charles St,NORTH PERTH,6006,North of River,Metro,177.1,2.4000000000000057,3.0
2022-11-17,Vibe Charles St,Vibe,ULP,179.5,427 Charles St,NORTH PERTH,6006,North of River,Metro,175.5,4.0,0.0
2022-11-18,Vibe Charles St,Vibe,ULP,183.5,427 Charles St,NORTH PERTH,6006,North of River,Metro,174.3,9.199999999999989,4.0
2022-11-19,Vibe Charles St,Vibe,ULP,179.5,427 Charles St,NORTH PERTH,6006,North of River,Metro,174.3,5.199999999999989,-4.0
2022-11-20,Vibe Charles St,Vibe,ULP,179.5,427 Charles St,NORTH PERTH,6006,North of River,Metro,174.3,5.199999999999989,0.0
2022-11-21,Vibe Charles St,Vibe,ULP,175.3,427 Charles St,NORTH PERTH,6006,North of River,Metro,173.4,1.9000000000000057,-4.199999999999989
2022-11-22,Vibe Charles St,Vibe,ULP,171.3,427 Charles St,NORTH PERTH,6006,North of River,Metro,172.3,-1.0,-4.0
2022-11-23,Vibe Charles St,Vibe,ULP,173.5,427 Charles St,NORTH PERTH,6006,North of River,Metro,171.4,2.0999999999999943,2.1999999999999886
2022-11-24,Vibe Charles St,Vibe,ULP,179.5,427 Charles St,NORTH PERTH,6006,North of River,Metro,170.9,8.599999999999994,6.0
2022-11-25,Vibe Charles St,Vibe,ULP,173.3,427 Charles St,NORTH PERTH,6006,North of River,Metro,170.4,2.9000000000000057,-6.199999999999989
2022-11-26,Vibe Charles St,Vibe,ULP,176.5,427 Charles St,NORTH PERTH,6006,North of River,Metro,170.4,6.099999999999994,3.1999999999999886
2022-11-27,Vibe Charles St,Vibe,ULP,176.5,427 Charles St,NORTH PERTH,6006,North of River,Metro,170.4,6.099999999999994,0.0
2022-11-28,Vibe Charles St,Vibe,ULP,171.5,427 Charles St,NORTH PERTH,6006,North of River,Metro,169.5,2.0,-5.0
2022-11-29,Vibe Charles St,Vibe,ULP,169.3,427 Charles St,NORTH PERTH,6006,North of River,Metro,168.7,0.6000000000000227,-2.1999999999999886
2022-11-30,Vibe Charles St,Vibe,ULP,173.5,427 Charles St,NORTH PERTH,6006,North of River,Metro,167.1,6.400000000000006,4.199999999999989
2022-12-01,Vibe Charles St,Vibe,ULP,173.5,427 Charles St,NORTH PERTH,6006,North of River,Metro,165.8,7.699999999999989,0.0
2022-12-02,Vibe Charles St,Vibe,ULP,173.5,427 Charles St,NORTH PERTH,6006,North of River,Metro,164.4,9.099999999999994,0.0
2022-12-03,Vibe Charles St,Vibe,ULP,173.5,427 Charles St,NORTH PERTH,6006,North of River,Metro,164.4,9.099999999999994,0.0
2022-12-04,Vibe Charles St,Vibe,ULP,173.5,427 Charles St,NORTH PERTH,6006,North of River,Metro,164.4,9.099999999999994,0.0
2022-12-05,Vibe Charles St,Vibe,ULP,167.5,427 Charles St,NORTH PERTH,6006,North of River,Metro,163.6,3.9000000000000057,-6.0
2022-12-06,Vibe Charles St,Vibe,ULP,165.3,427 Charles St,NORTH PERTH,6006,North of River,Metro,162.8,2.5,-2.1999999999999886
2022-12-07,Vibe Charles St,Vibe,ULP,165.3,427 Charles St,NORTH PERTH,6006,North of River,Metro,162.7,2.6000000000000227,0.0
2022-12-08,Vibe Charles St,Vibe,ULP,165.3,427 Charles St,NORTH PERTH,6006,North of River,Metro,162.3,3.0,0.0
2022-12-09,Vibe Charles St,Vibe,ULP,173.3,427 Charles St,NORTH PERTH,6006,North of River,Metro,161.8,11.5,8.0
2022-12-10,Vibe Charles St,Vibe,ULP,167.7,427 Charles St,NORTH PERTH,6006,North of River,Metro,161.8,5.899999999999977,-5.600000000000023
2022-12-11,Vibe Charles St,Vibe,ULP,165.5,427 Charles St,NORTH PERTH,6006,North of River,Metro,161.8,3.6999999999999886,-2.1999999999999886
2022-12-12,Vibe Charles St,Vibe,ULP,161.5,427 Charles St,NORTH PERTH,6006,North of River,Metro,160.7,0.8000000000000114,-4.0
2022-12-13,Vibe Charles St,Vibe,ULP,159.5,427 Charles St,NORTH PERTH,6006,North of River,Metro,159.4,0.09999999999999432,-2.0
2022-12-14,Vibe Charles St,Vibe,ULP,161.3,427 Charles St,NORTH PERTH,6006,North of River,Metro,157.7,3.6000000000000227,1.8000000000000114
2022-12-15,Vibe Charles St,Vibe,ULP,161.3,427 Charles St,NORTH PERTH,6006,North of River,Metro,157.4,3.9000000000000057,0.0
2022-12-16,Vibe Charles St,Vibe,ULP,169.5,427 Charles St,NORTH PERTH,6006,North of River,Metro,157.3,12.199999999999989,8.199999999999989
2022-12-17,Vibe Charles St,Vibe,ULP,165.5,427 Charles St,NORTH PERTH,6006,North of River,Metro,157.3,8.199999999999989,-4.0
2022-12-18,Vibe Charles St,Vibe,ULP,161.3,427 Charles St,NORTH PERTH,6006,North of River,Metro,157.3,4.0,-4.199999999999989
2022-12-19,Vibe Charles St,Vibe,ULP,157.5,427 Charles St,NORTH PERTH,6006,North of River,Metro,157.5,0.0,-3.8000000000000114
2022-12-20,Vibe Charles St,Vibe,ULP,155.5,427 Charles St,NORTH PERTH,6006,North of River,Metro,158.3,-2.8000000000000114,-2.0
2022-12-21,Vibe Charles St,Vibe,ULP,156.3,427 Charles St,NORTH PERTH,6006,North of River,Metro,158.8,-2.5,0.8000000000000114
2022-12-22,Vibe Charles St,Vibe,ULP,156.3,427 Charles St,NORTH PERTH,6006,North of River,Metro,159.3,-3.0,0.0
2022-12-23,Vibe Charles St,Vibe,ULP,175.5,427 Charles St,NORTH PERTH,6006,North of River,Metro,159.6,15.900000000000006,19.19999999999999
2022-12-24,Vibe Charles St,Vibe,ULP,163.3,427 Charles St,NORTH PERTH,6006,North of River,Metro,159.6,3.700000000000017,-12.199999999999989
2022-12-25,Vibe Charles St,Vibe,ULP,159.5,427 Charles St,NORTH PERTH,6006,North of River,Metro,159.6,-0.09999999999999432,-3.8000000000000114
2022-12-26,Vibe Charles St,Vibe,ULP,159.5,427 Charles St,NORTH PERTH,6006,North of River,Metro,160.0,-0.5,0.0
2022-12-27,Vibe Charles St,Vibe,ULP,157.5,427 Charles St,NORTH PERTH,6006,North of River,Metro,160.2,-2.6999999999999886,-2.0
2022-12-28,Vibe Charles St,Vibe,ULP,159.3,427 Charles St,NORTH PERTH,6006,North of River,Metro,161.9,-2.5999999999999943,1.8000000000000114
2022-12-29,Vibe Charles St,Vibe,ULP,159.3,427 Charles St,NORTH PERTH,6006,North of River,Metro,162.3,-3.0,0.0
2022-12-30,Vibe Charles St,Vibe,ULP,163.3,427 Charles St,NORTH PERTH,6006,North of River,Metro,164.1,-0.799999999999983,4.0
2022-12-31,Vibe Charles St,Vibe,ULP,163.3,427 Charles St,NORTH PERTH,6006,North of River,Metro,148.1,15.200000000000017,0.0
2022-01-01,Vibe Subiaco,Vibe,ULP,174.5,123 Thomas St,SUBIACO,6008,North of River,Metro,148.1,26.400000000000006,
2022-01-02,Vibe Subiaco,Vibe,ULP,169.5,123 Thomas St,SUBIACO,6008,North of River,Metro,148.1,21.400000000000006,-5.0
2022-01-03,Vibe Subiaco,Vibe,ULP,167.5,123 Thomas St,SUBIACO,6008,North of River,Metro,149.2,18.30000000000001,-2.0
2022-01-04,Vibe Subiaco,Vibe,ULP,164.5,123 Thomas St,SUBIACO,6008,North of River,Metro,149.4,15.099999999999994,-3.0
2022-01-05,Vibe Subiaco,Vibe,ULP,161.5,123 Thomas St,SUBIACO,6008,North of River,Metro,150.0,11.5,-3.0
2022-01-06,Vibe Subiaco,Vibe,ULP,158.5,123 Thomas St,SUBIACO,6008,North of River,Metro,150.4,8.099999999999994,-3.0
2022-01-07,Vibe Subiaco,Vibe,ULP,156.5,123 Thomas St,SUBIACO,6008,North of River,Metro,150.7,5.800000000000011,-2.0
2022-01-08,Vibe Subiaco,Vibe,ULP,154.5,123 Thomas St,SUBIACO,6008,North of River,Metro,150.7,3.8000000000000114,-2.0
2022-01-09,Vibe Subiaco,Vibe,ULP,152.7,123 Thomas St,SUBIACO,6008,North of River,Metro,150.7,2.0,-1.8000000000000114
2022-01-10,Vibe Subiaco,Vibe,ULP,149.7,123 Thomas St,SUBIACO,6008,North of River,Metro,151.0,-1.3000000000000114,-3.0
2022-01-11,Vibe Subiaco,Vibe,ULP,148.7,123 Thomas St,SUBIACO,6008,North of River,Metro,151.4,-2.700000000000017,-1.0
2022-01-12,Vibe Subiaco,Vibe,ULP,185.7,123 Thomas St,SUBIACO,6008,North of River,Metro,151.8,33.89999999999998,37.0
2022-01-13,Vibe Subiaco,Vibe,ULP,185.7,123 Thomas St,SUBIACO,6008,North of River,Metro,152.1,33.599999999999994,0.0
2022-01-14,Vibe Subiaco,Vibe,ULP,181.5,123 Thomas St,SUBIACO,6008,North of River,Metro,152.6,28.900000000000006,-4.199999999999989
2022-01-15,Vibe Subiaco,Vibe,ULP,179.5,123 Thomas St,SUBIACO,6008,North of River,Metro,152.6,26.900000000000006,-2.0
2022-01-16,Vibe Subiaco,Vibe,ULP,175.5,123 Thomas St,SUBIACO,6008,North of River,Metro,152.6,22.900000000000006,-4.0
2022-01-17,Vibe Subiaco,Vibe,ULP,173.7,123 Thomas St,SUBIACO,6008,North of River,Metro,153.0,20.69999999999999,-1.8000000000000114
2022-01-18,Vibe Subiaco,Vibe,ULP,169.7,123 Thomas St,SUBIACO,6008,North of River,Metro,153.4,16.299999999999983,-4.0
2022-01-19,Vibe Subiaco,Vibe,ULP,165.7,123 Thomas St,SUBIACO,6008,North of River,Metro,154.3,11.399999999999977,-4.0
2022-01-20,Vibe Subiaco,Vibe,ULP,163.3,123 Thomas St,SUBIACO,6008,North of River,Metro,155.0,8.300000000000011,-2.3999999999999773
2022-01-21,Vibe Subiaco,Vibe,ULP,160.3,123 Thomas St,SUBIACO,6008,North of River,Metro,155.9,4.400000000000006,-3.0
2022-01-22,Vibe Subiaco,Vibe,ULP,157.3,123 Thomas St,SUBIACO,6008,North of River,Metro,155.9,1.4000000000000057,-3.0
2022-01-23,Vibe Subiaco,Vibe,ULP,156.7,123 Thomas St,SUBIACO,6008,North of River,Metro,155.9,0.799999999999983,-0.6000000000000227
2022-01-24,Vibe Subiaco,Vibe,ULP,155.7,123 Thomas St,SUBIACO,6008,North of River,Metro,156.7,-1.0,-1.0
2022-01-25,Vibe Subiaco,Vibe,ULP,154.7,123 Thomas St,SUBIACO,6008,North of River,Metro,157.0,-2.3000000000000114,-1.0
2022-01-26,Vibe Subiaco,Vibe,ULP,189.7,123 Thomas St,SUBIACO,6008,North of River,Metro,157.4,32.29999999999998,35.0
2022-01-27,Vibe Subiaco,Vibe,ULP,189.3,123 Thomas St,SUBIACO,6008,North of River,Metro,157.6,31.700000000000017,-0.39999999999997726
2022-01-28,Vibe Subiaco,Vibe,ULP,185.7,123 Thomas St,SUBIACO,6008,North of River,Metro,158.5,27.19999999999999,-3.6000000000000227
2022-01-29,Vibe Subiaco,Vibe,ULP,182.7,123 Thomas St,SUBIACO,6008,North of River,Metro,158.5,24.19999999999999,-3.0
2022-01-30,Vibe Subiaco,Vibe,ULP,180.7,123 Thomas St,SUBIACO,6008,North of River,Metro,158.5,22.19999999999999,-2.0
2022-01-31,Vibe Subiaco,Vibe,ULP,180.7,123 Thomas St,SUBIACO,6008,North of River,Metro,160.0,20.69999999999999,0.0
2022-02-01,Vibe Subiaco,Vibe,ULP,176.3,123 Thomas St,SUBIACO,6008,North of River,Metro,162.1,14.200000000000017,-4.399999999999977
2022-02-02,Vibe Subiaco,Vibe,ULP,173.3,123 Thomas St,SUBIACO,6008,North of River,Metro,163.3,10.0,-3.0
2022-02-03,Vibe Subiaco,Vibe,ULP,171.3,123 Thomas St,SUBIACO,6008,North of River,Metro,164.1,7.200000000000017,-2.0
2022-02-04,Vibe Subiaco,Vibe,ULP,171.3,123 Thomas St,SUBIACO,6008,North of River,Metro,164.7,6.600000000000023,0.0
2022-02-05,Vibe Subiaco,Vibe,ULP,168.7,123 Thomas St,SUBIACO,6008,North of River,Metro,164.7,4.0,-2.6000000000000227
2022-02-06,Vibe Subiaco,Vibe,ULP,165.7,123 Thomas St,SUBIACO,6008,North of River,Metro,164.7,1.0,-3.0
2022-02-07,Vibe Subiaco,Vibe,ULP,164.7,123 Thomas St,SUBIACO,6008,North of River,Metro,165.3,-0.6000000000000227,-1.0
2022-02-08,Vibe Subiaco,Vibe,ULP,163.7,123 Thomas St,SUBIACO,6008,North of River,Metro,166.1,-2.4000000000000057,-1.0
2022-02-09,Vibe Subiaco,Vibe,ULP,199.7,123 Thomas St,SUBIACO,6008,North of River,Metro,166.5,33.19999999999999,36.0
2022-02-10,Vibe Subiaco,Vibe,ULP,196.7,123 Thomas St,SUBIACO,6008,North of River,Metro,166.6,30.099999999999994,-3.0
2022-02-11,Vibe Subiaco,Vibe,ULP,189.9,123 Thomas St,SUBIACO,6008,North of River,Metro,166.8,23.099999999999994,-6.799999999999983
2022-02-12,Vibe Subiaco,Vibe,ULP,188.7,123 Thomas St,SUBIACO,6008,North of River,Metro,166.8,21.899999999999977,-1.200000000000017
2022-02-13,Vibe Subiaco,Vibe,ULP,186.7,123 Thomas St,SUBIACO,6008,North of River,Metro,166.8,19.899999999999977,-2.0
2022-02-14,Vibe Subiaco,Vibe,ULP,183.7,123 Thomas St,SUBIACO,6008,North of River,Metro,167.2,16.5,-3.0
2022-02-15,Vibe Subiaco,Vibe,ULP,169.7,123 Thomas St,SUBIACO,6008,North of River,Metro,167.8,1.8999999999999773,-14.0
2022-02-16,Vibe Subiaco,Vibe,ULP,178.7,123 Thomas St,SUBIACO,6008,North of River,Metro,168.7,10.0,9.0
2022-02-17,Vibe Subiaco,Vibe,ULP,174.7,123 Thomas St,SUBIACO,6008,North of River,Metro,169.6,5.099999999999994,-4.0
2022-02-18,Vibe Subiaco,Vibe,ULP,172.7,123 Thomas St,SUBIACO,6008,North of River,Metro,170.2,2.5,-2.0
2022-02-19,Vibe Subiaco,Vibe,ULP,171.5,123 Thomas St,SUBIACO,6008,North of River,Metro,170.2,1.3000000000000114,-1.1999999999999886
2022-02-20,Vibe Subiaco,Vibe,ULP,170.7,123 Thomas St,SUBIACO,6008,North of River,Metro,170.2,0.5,-0.8000000000000114
2022-02-21,Vibe Subiaco,Vibe,ULP,169.7,123 Thomas St,SUBIACO,6008,North of River,Metro,170.0,-0.30000000000001137,-1.0
2022-02-22,Vibe Subiaco,Vibe,ULP,168.7,123 Thomas St,SUBIACO,6008,North of River,Metro,169.8,-1.1000000000000227,-1.0
2022-02-23,Vibe Subiaco,Vibe,ULP,193.9,123 Thomas St,SUBIACO,6008,North of River,Metro,169.4,24.5,25.200000000000017
2022-02-24,Vibe Subiaco,Vibe,ULP,193.5,123 Thomas St,SUBIACO,6008,North of River,Metro,169.6,23.900000000000006,-0.4000000000000057
2022-02-25,Vibe Subiaco,Vibe,ULP,193.5,123 Thomas St,SUBIACO,6008,North of River,Metro,169.6,23.900000000000006,0.0
2022-02-26,Vibe Subiaco,Vibe,ULP,191.7,123 Thomas St,SUBIACO,6008,North of River,Metro,169.6,22.099999999999994,-1.8000000000000114
2022-02-27,Vibe Subiaco,Vibe,ULP,189.7,123 Thomas St,SUBIACO,6008,North of River,Metro,169.6,20.099999999999994,-2.0
2022-02-28,Vibe Subiaco,Vibe,ULP,187.7,123 Thomas St,SUBIACO,6008,North of River,Metro,171.0,16.69999999999999,-2.0
2022-03-01,Vibe Subiaco,Vibe,ULP,183.3,123 Thomas St,SUBIACO,6008,North of River,Metro,172.4,10.900000000000006,-4.399999999999977
2022-03-02,Vibe Subiaco,Vibe,ULP,183.3,123 Thomas St,SUBIACO,6008,North of River,Metro,173.3,10.0,0.0
2022-03-03,Vibe Subiaco,Vibe,ULP,181.7,123 Thomas St,SUBIACO,6008,North of River,Metro,174.4,7.299999999999983,-1.6000000000000227
2022-03-04,Vibe Subiaco,Vibe,ULP,179.7,123 Thomas St,SUBIACO,6008,North of River,Metro,177.7,2.0,-2.0
2022-03-05,Vibe Subiaco,Vibe,ULP,183.7,123 Thomas St,SUBIACO,6008,North of River,Metro,177.7,6.0,4.0
2022-03-06,Vibe Subiaco,Vibe,ULP,181.7,123 Thomas St,SUBIACO,6008,North of River,Metro,177.7,4.0,-2.0
2022-03-07,Vibe Subiaco,Vibe,ULP,180.7,123 Thomas St,SUBIACO,6008,North of River,Metro,178.8,1.8999999999999773,-1.0
2022-03-08,Vibe Subiaco,Vibe,ULP,179.7,123 Thomas St,SUBIACO,6008,North of River,Metro,183.5,-3.8000000000000114,-1.0
2022-03-09,Vibe Subiaco,Vibe,ULP,179.7,123 Thomas St,SUBIACO,6008,North of River,Metro,187.0,-7.300000000000011,0.0
2022-03-10,Vibe Subiaco,Vibe,ULP,215.7,123 Thomas St,SUBIACO,6008,North of River,Metro,192.0,23.69999999999999,36.0
2022-03-11,Vibe Subiaco,Vibe,ULP,215.7,123 Thomas St,SUBIACO,6008,North of River,Metro,196.4,19.299999999999983,0.0
2022-03-12,Vibe Subiaco,Vibe,ULP,211.7,123 Thomas St,SUBIACO,6008,North of River,Metro,196.4,15.299999999999983,-4.0
2022-03-13,Vibe Subiaco,Vibe,ULP,209.7,123 Thomas St,SUBIACO,6008,North of River,Metro,196.4,13.299999999999983,-2.0
2022-03-14,Vibe Subiaco,Vibe,ULP,193.9,123 Thomas St,SUBIACO,6008,North of River,Metro,198.0,-4.099999999999994,-15.799999999999983
2022-03-15,Vibe Subiaco,Vibe,ULP,205.7,123 Thomas St,SUBIACO,6008,North of River,Metro,197.8,7.899999999999977,11.799999999999983
2022-03-16,Vibe Subiaco,Vibe,ULP,201.7,123 Thomas St,SUBIACO,6008,North of River,Metro,195.8,5.899999999999977,-4.0
2022-03-17,Vibe Subiaco,Vibe,ULP,201.7,123 Thomas St,SUBIACO,6008,North of River,Metro,193.5,8.199999999999989,0.0
2022-03-18,Vibe Subiaco,Vibe,ULP,201.3,123 Thomas St,SUBIACO,6008,North of River,Metro,188.0,13.300000000000011,-0.39999999999997726
2022-03-19,Vibe Subiaco,Vibe,ULP,199.3,123 Thomas St,SUBIACO,6008,North of River,Metro,188.0,11.300000000000011,-2.0
2022-03-20,Vibe Subiaco,Vibe,ULP,195.7,123 Thomas St,SUBIACO,6008,North of River,Metro,188.0,7.699999999999989,-3.6000000000000227
2022-03-21,Vibe Subiaco,Vibe,ULP,191.7,123 Thomas St,SUBIACO,6008,North of River,Metro,186.7,5.0,-4.0
2022-03-22,Vibe Subiaco,Vibe,ULP,190.7,123 Thomas St,SUBIACO,6008,North of River,Metro,185.1,5.599999999999994,-1.0
2022-03-23,Vibe Subiaco,Vibe,ULP,190.7,123 Thomas St,SUBIACO,6008,North of River,Metro,185.1,5.599999999999994,0.0
2022-03-24,Vibe Subiaco,Vibe,ULP,216.7,123 Thomas St,SUBIACO,6008,North of River,Metro,186.3,30.399999999999977,26.0
2022-03-25,Vibe Subiaco,Vibe,ULP,212.7,123 Thomas St,SUBIACO,6008,North of River,Metro,187.2,25.5,-4.0
2022-03-26,Vibe Subiaco,Vibe,ULP,209.5,123 Thomas St,SUBIACO,6008,North of River,Metro,187.2,22.30000000000001,-3.1999999999999886
2022-03-27,Vibe Subiaco,Vibe,ULP,207.5,123 Thomas St,SUBIACO,6008,North of River,Metro,187.2,20.30000000000001,-2.0
2022-03-28,Vibe Subiaco,Vibe,ULP,205.5,123 Thomas St,SUBIACO,6008,North of River,Metro,188.2,17.30000000000001,-2.0
2022-03-29,Vibe Subiaco,Vibe,ULP,201.5,123 Thomas St,SUBIACO,6008,North of River,Metro,187.8,13.699999999999989,-4.0
2022-03-30,Vibe Subiaco,Vibe,ULP,195.7,123 Thomas St,SUBIACO,6008,North of River,Metro,174.9,20.799999999999983,-5.800000000000011
2022-03-31,Vibe Subiaco,Vibe,ULP,194.5,123 Thomas St,SUBIACO,6008,North of River,Metro,161.4,33.099999999999994,-1.1999999999999886
2022-04-01,Vibe Subiaco,Vibe,ULP,185.7,123 Thomas St,SUBIACO,6008,North of River,Metro,160.0,25.69999999999999,-8.800000000000011
2022-04-02,Vibe Subiaco,Vibe,ULP,183.3,123 Thomas St,SUBIACO,6008,North of River,Metro,160.0,23.30000000000001,-2.3999999999999773
2022-04-03,Vibe Subiaco,Vibe,ULP,179.5,123 Thomas St,SUBIACO,6008,North of River,Metro,160.0,19.5,-3.8000000000000114
2022-04-04,Vibe Subiaco,Vibe,ULP,167.5,123 Thomas St,SUBIACO,6008,North of River,Metro,158.7,8.800000000000011,-12.0
2022-04-05,Vibe Subiaco,Vibe,ULP,164.5,123 Thomas St,SUBIACO,6008,North of River,Metro,156.9,7.599999999999994,-3.0
2022-04-06,Vibe Subiaco,Vibe,ULP,159.7,123 Thomas St,SUBIACO,6008,North of River,Metro,155.8,3.8999999999999773,-4.800000000000011
2022-04-07,Vibe Subiaco,Vibe,ULP,179.7,123 Thomas St,SUBIACO,6008,North of River,Metro,155.2,24.5,20.0
2022-04-08,Vibe Subiaco,Vibe,ULP,177.5,123 Thomas St,SUBIACO,6008,North of River,Metro,154.6,22.900000000000006,-2.1999999999999886
2022-04-09,Vibe Subiaco,Vibe,ULP,176.5,123 Thomas St,SUBIACO,6008,North of River,Metro,154.6,21.900000000000006,-1.0
2022-04-10,Vibe Subiaco,Vibe,ULP,170.5,123 Thomas St,SUBIACO,6008,North of River,Metro,154.6,15.900000000000006,-6.0
2022-04-11,Vibe Subiaco,Vibe,ULP,169.5,123 Thomas St,SUBIACO,6008,North of River,Metro,153.6,15.900000000000006,-1.0
2022-04-12,Vibe Subiaco,Vibe,ULP,166.5,123 Thomas St,SUBIACO,6008,North of River,Metro,153.3,13.199999999999989,-3.0
2022-04-13,Vibe Subiaco,Vibe,ULP,166.5,123 Thomas St,SUBIACO,6008,North of River,Metro,152.8,13.699999999999989,0.0
2022-04-14,Vibe Subiaco,Vibe,ULP,161.5,123 Thomas St,SUBIACO,6008,North of River,Metro,152.3,9.199999999999989,-5.0
2022-04-15,Vibe Subiaco,Vibe,ULP,159.5,123 Thomas St,SUBIACO,6008,North of River,Metro,152.3,7.199999999999989,-2.0
2022-04-16,Vibe Subiaco,Vibe,ULP,154.5,123 Thomas St,SUBIACO,6008,North of River,Metro,152.3,2.1999999999999886,-5.0
2022-04-17,Vibe Subiaco,Vibe,ULP,151.3,123 Thomas St,SUBIACO,6008,North of River,Metro,152.3,-1.0,-3.1999999999999886
2022-04-18,Vibe Subiaco,Vibe,ULP,150.3,123 Thomas St,SUBIACO,6008,North of River,Metro,152.7,-2.3999999999999773,-1.0
2022-04-19,Vibe Subiaco,Vibe,ULP,150.3,123 Thomas St,SUBIACO,6008,North of River,Metro,154.3,-4.0,0.0
2022-04-20,Vibe Subiaco,Vibe,ULP,191.7,123 Thomas St,SUBIACO,6008,North of River,Metro,157.5,34.19999999999999,41.39999999999998
2022-04-21,Vibe Subiaco,Vibe,ULP,187.5,123 Thomas St,SUBIACO,6008,North of River,Metro,159.9,27.599999999999994,-4.199999999999989
2022-04-22,Vibe Subiaco,Vibe,ULP,159.9,123 Thomas St,SUBIACO,6008,North of River,Metro,161.4,-1.5,-27.599999999999994
2022-04-23,Vibe Subiaco,Vibe,ULP,172.7,123 Thomas St,SUBIACO,6008,North of River,Metro,161.4,11.299999999999983,12.799999999999983
2022-04-24,Vibe Subiaco,Vibe,ULP,171.7,123 Thomas St,SUBIACO,6008,North of River,Metro,161.4,10.299999999999983,-1.0
2022-04-25,Vibe Subiaco,Vibe,ULP,171.7,123 Thomas St,SUBIACO,6008,North of River,Metro,162.0,9.699999999999989,0.0
2022-04-26,Vibe Subiaco,Vibe,ULP,161.9,123 Thomas St,SUBIACO,6008,North of River,Metro,162.2,-0.29999999999998295,-9.799999999999983
2022-04-27,Vibe Subiaco,Vibe,ULP,161.9,123 Thomas St,SUBIACO,6008,North of River,Metro,162.2,-0.29999999999998295,0.0
2022-04-28,Vibe Subiaco,Vibe,ULP,164.5,123 Thomas St,SUBIACO,6008,North of River,Metro,162.7,1.8000000000000114,2.5999999999999943
2022-04-29,Vibe Subiaco,Vibe,ULP,163.5,123 Thomas St,SUBIACO,6008,North of River,Metro,164.0,-0.5,-1.0
2022-04-30,Vibe Subiaco,Vibe,ULP,162.7,123 Thomas St,SUBIACO,6008,North of River,Metro,164.0,-1.3000000000000114,-0.8000000000000114
2022-05-01,Vibe Subiaco,Vibe,ULP,162.7,123 Thomas St,SUBIACO,6008,North of River,Metro,164.0,-1.3000000000000114,0.0
2022-05-02,Vibe Subiaco,Vibe,ULP,161.7,123 Thomas St,SUBIACO,6008,North of River,Metro,165.2,-3.5,-1.0
2022-05-03,Vibe Subiaco,Vibe,ULP,161.7,123 Thomas St,SUBIACO,6008,North of River,Metro,166.8,-5.100000000000023,0.0
2022-05-04,Vibe Subiaco,Vibe,ULP,199.7,123 Thomas St,SUBIACO,6008,North of River,Metro,167.2,32.5,38.0
2022-05-05,Vibe Subiaco,Vibe,ULP,195.7,123 Thomas St,SUBIACO,6008,North of River,Metro,169.9,25.799999999999983,-4.0
2022-05-06,Vibe Subiaco,Vibe,ULP,163.9,123 Thomas St,SUBIACO,6008,North of River,Metro,173.3,-9.400000000000006,-31.799999999999983
2022-05-07,Vibe Subiaco,Vibe,ULP,189.5,123 Thomas St,SUBIACO,6008,North of River,Metro,173.3,16.19999999999999,25.599999999999994
2022-05-08,Vibe Subiaco,Vibe,ULP,187.7,123 Thomas St,SUBIACO,6008,North of River,Metro,173.3,14.399999999999977,-1.8000000000000114
2022-05-09,Vibe Subiaco,Vibe,ULP,185.3,123 Thomas St,SUBIACO,6008,North of River,Metro,175.1,10.200000000000017,-2.3999999999999773
2022-05-10,Vibe Subiaco,Vibe,ULP,183.3,123 Thomas St,SUBIACO,6008,North of River,Metro,177.3,6.0,-2.0
2022-05-11,Vibe Subiaco,Vibe,ULP,179.7,123 Thomas St,SUBIACO,6008,North of River,Metro,178.4,1.299999999999983,-3.6000000000000227
2022-05-12,Vibe Subiaco,Vibe,ULP,178.7,123 Thomas St,SUBIACO,6008,North of River,Metro,178.8,-0.10000000000002274,-1.0
2022-05-13,Vibe Subiaco,Vibe,ULP,172.9,123 Thomas St,SUBIACO,6008,North of River,Metro,178.9,-6.0,-5.799999999999983
2022-05-14,Vibe Subiaco,Vibe,ULP,176.7,123 Thomas St,SUBIACO,6008,North of River,Metro,178.9,-2.200000000000017,3.799999999999983
2022-05-15,Vibe Subiaco,Vibe,ULP,176.7,123 Thomas St,SUBIACO,6008,North of River,Metro,178.9,-2.200000000000017,0.0
2022-05-16,Vibe Subiaco,Vibe,ULP,175.7,123 Thomas St,SUBIACO,6008,North of River,Metro,179.4,-3.700000000000017,-1.0
2022-05-17,Vibe Subiaco,Vibe,ULP,176.5,123 Thomas St,SUBIACO,6008,North of River,Metro,180.2,-3.6999999999999886,0.8000000000000114
2022-05-18,Vibe Subiaco,Vibe,ULP,208.5,123 Thomas St,SUBIACO,6008,North of River,Metro,181.2,27.30000000000001,32.0
2022-05-19,Vibe Subiaco,Vibe,ULP,208.5,123 Thomas St,SUBIACO,6008,North of River,Metro,184.0,24.5,0.0
2022-05-20,Vibe Subiaco,Vibe,ULP,207.5,123 Thomas St,SUBIACO,6008,North of River,Metro,186.8,20.69999999999999,-1.0
2022-05-21,Vibe Subiaco,Vibe,ULP,206.5,123 Thomas St,SUBIACO,6008,North of River,Metro,186.8,19.69999999999999,-1.0
2022-05-22,Vibe Subiaco,Vibe,ULP,205.5,123 Thomas St,SUBIACO,6008,North of River,Metro,186.8,18.69999999999999,-1.0
2022-05-23,Vibe Subiaco,Vibe,ULP,204.5,123 Thomas St,SUBIACO,6008,North of River,Metro,188.6,15.900000000000006,-1.0
2022-05-24,Vibe Subiaco,Vibe,ULP,201.7,123 Thomas St,SUBIACO,6008,North of River,Metro,189.8,11.899999999999977,-2.8000000000000114
2022-05-25,Vibe Subiaco,Vibe,ULP,186.5,123 Thomas St,SUBIACO,6008,North of River,Metro,189.8,-3.3000000000000114,-15.199999999999989
2022-05-26,Vibe Subiaco,Vibe,ULP,197.5,123 Thomas St,SUBIACO,6008,North of River,Metro,188.7,8.800000000000011,11.0
2022-05-27,Vibe Subiaco,Vibe,ULP,195.3,123 Thomas St,SUBIACO,6008,North of River,Metro,187.9,7.400000000000006,-2.1999999999999886
2022-05-28,Vibe Subiaco,Vibe,ULP,193.3,123 Thomas St,SUBIACO,6008,North of River,Metro,187.9,5.400000000000006,-2.0
2022-05-29,Vibe Subiaco,Vibe,ULP,189.7,123 Thomas St,SUBIACO,6008,North of River,Metro,187.9,1.799999999999983,-3.6000000000000227
2022-05-30,Vibe Subiaco,Vibe,ULP,187.7,123 Thomas St,SUBIACO,6008,North of River,Metro,187.6,0.09999999999999432,-2.0
2022-05-31,Vibe Subiaco,Vibe,ULP,187.7,123 Thomas St,SUBIACO,6008,North of River,Metro,187.5,0.19999999999998863,0.0
2022-06-01,Vibe Subiaco,Vibe,ULP,186.9,123 Thomas St,SUBIACO,6008,North of River,Metro,188.8,-1.9000000000000057,-0.799999999999983
2022-06-02,Vibe Subiaco,Vibe,ULP,213.7,123 Thomas St,SUBIACO,6008,North of River,Metro,189.8,23.899999999999977,26.799999999999983
2022-06-03,Vibe Subiaco,Vibe,ULP,205.7,123 Thomas St,SUBIACO,6008,North of River,Metro,189.9,15.799999999999983,-8.0
2022-06-04,Vibe Subiaco,Vibe,ULP,205.7,123 Thomas St,SUBIACO,6008,North of River,Metro,189.9,15.799999999999983,0.0
2022-06-05,Vibe Subiaco,Vibe,ULP,205.7,123 Thomas St,SUBIACO,6008,North of River,Metro,189.9,15.799999999999983,0.0
2022-06-06,Vibe Subiaco,Vibe,ULP,205.7,123 Thomas St,SUBIACO,6008,North of River,Metro,189.7,16.0,0.0
2022-06-07,Vibe Subiaco,Vibe,ULP,202.5,123 Thomas St,SUBIACO,6008,North of River,Metro,189.2,13.300000000000011,-3.1999999999999886
2022-06-08,Vibe Subiaco,Vibe,ULP,199.7,123 Thomas St,SUBIACO,6008,North of River,Metro,189.2,10.5,-2.8000000000000114
2022-06-09,Vibe Subiaco,Vibe,ULP,196.5,123 Thomas St,SUBIACO,6008,North of River,Metro,189.1,7.400000000000006,-3.1999999999999886
2022-06-10,Vibe Subiaco,Vibe,ULP,192.5,123 Thomas St,SUBIACO,6008,North of River,Metro,189.5,3.0,-4.0
2022-06-11,Vibe Subiaco,Vibe,ULP,191.5,123 Thomas St,SUBIACO,6008,North of River,Metro,189.5,2.0,-1.0
2022-06-12,Vibe Subiaco,Vibe,ULP,189.7,123 Thomas St,SUBIACO,6008,North of River,Metro,189.5,0.19999999999998863,-1.8000000000000114
2022-06-13,Vibe Subiaco,Vibe,ULP,188.7,123 Thomas St,SUBIACO,6008,North of River,Metro,190.5,-1.8000000000000114,-1.0
2022-06-14,Vibe Subiaco,Vibe,ULP,188.7,123 Thomas St,SUBIACO,6008,North of River,Metro,192.7,-4.0,0.0
2022-06-15,Vibe Subiaco,Vibe,ULP,219.7,123 Thomas St,SUBIACO,6008,North of River,Metro,193.8,25.899999999999977,31.0
2022-06-16,Vibe Subiaco,Vibe,ULP,189.9,123 Thomas St,SUBIACO,6008,North of River,Metro,195.9,-6.0,-29.799999999999983
2022-06-17,Vibe Subiaco,Vibe,ULP,217.7,123 Thomas St,SUBIACO,6008,North of River,Metro,197.8,19.899999999999977,27.799999999999983
2022-06-18,Vibe Subiaco,Vibe,ULP,209.7,123 Thomas St,SUBIACO,6008,North of River,Metro,197.8,11.899999999999977,-8.0
2022-06-19,Vibe Subiaco,Vibe,ULP,209.7,123 Thomas St,SUBIACO,6008,North of River,Metro,197.8,11.899999999999977,0.0
2022-06-20,Vibe Subiaco,Vibe,ULP,209.7,123 Thomas St,SUBIACO,6008,North of River,Metro,198.6,11.099999999999994,0.0
2022-06-21,Vibe Subiaco,Vibe,ULP,205.7,123 Thomas St,SUBIACO,6008,North of River,Metro,198.7,7.0,-4.0
2022-06-22,Vibe Subiaco,Vibe,ULP,202.3,123 Thomas St,SUBIACO,6008,North of River,Metro,198.8,3.5,-3.3999999999999773
2022-06-23,Vibe Subiaco,Vibe,ULP,201.5,123 Thomas St,SUBIACO,6008,North of River,Metro,199.1,2.4000000000000057,-0.8000000000000114
2022-06-24,Vibe Subiaco,Vibe,ULP,201.5,123 Thomas St,SUBIACO,6008,North of River,Metro,198.7,2.8000000000000114,0.0
2022-06-25,Vibe Subiaco,Vibe,ULP,199.7,123 Thomas St,SUBIACO,6008,North of River,Metro,198.7,1.0,-1.8000000000000114
2022-06-26,Vibe Subiaco,Vibe,ULP,198.7,123 Thomas St,SUBIACO,6008,North of River,Metro,198.7,0.0,-1.0
2022-06-27,Vibe Subiaco,Vibe,ULP,197.7,123 Thomas St,SUBIACO,6008,North of River,Metro,197.9,-0.20000000000001705,-1.0
2022-06-28,Vibe Subiaco,Vibe,ULP,196.7,123 Thomas St,SUBIACO,6008,North of River,Metro,198.3,-1.6000000000000227,-1.0
2022-06-29,Vibe Subiaco,Vibe,ULP,229.5,123 Thomas St,SUBIACO,6008,North of River,Metro,198.6,30.900000000000006,32.80000000000001
2022-06-30,Vibe Subiaco,Vibe,ULP,229.5,123 Thomas St,SUBIACO,6008,North of River,Metro,198.2,31.30000000000001,0.0
2022-07-01,Vibe Subiaco,Vibe,ULP,198.9,123 Thomas St,SUBIACO,6008,North of River,Metro,198.6,0.30000000000001137,-30.599999999999994
2022-07-02,Vibe Subiaco,Vibe,ULP,213.7,123 Thomas St,SUBIACO,6008,North of River,Metro,198.6,15.099999999999994,14.799999999999983
2022-07-03,Vibe Subiaco,Vibe,ULP,209.7,123 Thomas St,SUBIACO,6008,North of River,Metro,198.6,11.099999999999994,-4.0
2022-07-04,Vibe Subiaco,Vibe,ULP,199.7,123 Thomas St,SUBIACO,6008,North of River,Metro,197.8,1.8999999999999773,-10.0
2022-07-05,Vibe Subiaco,Vibe,ULP,199.7,123 Thomas St,SUBIACO,6008,North of River,Metro,196.3,3.3999999999999773,0.0
2022-07-06,Vibe Subiaco,Vibe,ULP,197.7,123 Thomas St,SUBIACO,6008,North of River,Metro,195.3,2.3999999999999773,-2.0
2022-07-07,Vibe Subiaco,Vibe,ULP,205.5,123 Thomas St,SUBIACO,6008,North of River,Metro,193.0,12.5,7.800000000000011
2022-07-08,Vibe Subiaco,Vibe,ULP,203.5,123 Thomas St,SUBIACO,6008,North of River,Metro,189.8,13.699999999999989,-2.0
2022-07-09,Vibe Subiaco,Vibe,ULP,201.5,123 Thomas St,SUBIACO,6008,North of River,Metro,189.8,11.699999999999989,-2.0
2022-07-10,Vibe Subiaco,Vibe,ULP,197.5,123 Thomas St,SUBIACO,6008,North of River,Metro,189.8,7.699999999999989,-4.0
2022-07-11,Vibe Subiaco,Vibe,ULP,193.7,123 Thomas St,SUBIACO,6008,North of River,Metro,183.6,10.099999999999994,-3.8000000000000114
2022-07-12,Vibe Subiaco,Vibe,ULP,191.7,123 Thomas St,SUBIACO,6008,North of River,Metro,180.5,11.199999999999989,-2.0
2022-07-13,Vibe Subiaco,Vibe,ULP,205.5,123 Thomas St,SUBIACO,6008,North of River,Metro,177.1,28.400000000000006,13.800000000000011
2022-07-14,Vibe Subiaco,Vibe,ULP,209.7,123 Thomas St,SUBIACO,6008,North of River,Metro,172.5,37.19999999999999,4.199999999999989
2022-07-15,Vibe Subiaco,Vibe,ULP,199.7,123 Thomas St,SUBIACO,6008,North of River,Metro,169.7,30.0,-10.0
2022-07-16,Vibe Subiaco,Vibe,ULP,195.5,123 Thomas St,SUBIACO,6008,North of River,Metro,169.7,25.80000000000001,-4.199999999999989
2022-07-17,Vibe Subiaco,Vibe,ULP,187.3,123 Thomas St,SUBIACO,6008,North of River,Metro,169.7,17.600000000000023,-8.199999999999989
2022-07-18,Vibe Subiaco,Vibe,ULP,179.5,123 Thomas St,SUBIACO,6008,North of River,Metro,166.0,13.5,-7.800000000000011
2022-07-19,Vibe Subiaco,Vibe,ULP,177.7,123 Thomas St,SUBIACO,6008,North of River,Metro,163.3,14.399999999999977,-1.8000000000000114
2022-07-20,Vibe Subiaco,Vibe,ULP,169.7,123 Thomas St,SUBIACO,6008,North of River,Metro,162.4,7.299999999999983,-8.0
2022-07-21,Vibe Subiaco,Vibe,ULP,173.7,123 Thomas St,SUBIACO,6008,North of River,Metro,161.2,12.5,4.0
2022-07-22,Vibe Subiaco,Vibe,ULP,171.7,123 Thomas St,SUBIACO,6008,North of River,Metro,160.7,11.0,-2.0
2022-07-23,Vibe Subiaco,Vibe,ULP,169.7,123 Thomas St,SUBIACO,6008,North of River,Metro,160.7,9.0,-2.0
2022-07-24,Vibe Subiaco,Vibe,ULP,167.3,123 Thomas St,SUBIACO,6008,North of River,Metro,160.7,6.600000000000023,-2.3999999999999773
2022-07-25,Vibe Subiaco,Vibe,ULP,161.3,123 Thomas St,SUBIACO,6008,North of River,Metro,159.2,2.1000000000000227,-6.0
2022-07-26,Vibe Subiaco,Vibe,ULP,160.5,123 Thomas St,SUBIACO,6008,North of River,Metro,157.9,2.5999999999999943,-0.8000000000000114
2022-07-27,Vibe Subiaco,Vibe,ULP,189.5,123 Thomas St,SUBIACO,6008,North of River,Metro,156.2,33.30000000000001,29.0
2022-07-28,Vibe Subiaco,Vibe,ULP,189.5,123 Thomas St,SUBIACO,6008,North of River,Metro,156.2,33.30000000000001,0.0
2022-07-29,Vibe Subiaco,Vibe,ULP,159.9,123 Thomas St,SUBIACO,6008,North of River,Metro,156.0,3.9000000000000057,-29.599999999999994
2022-07-30,Vibe Subiaco,Vibe,ULP,175.7,123 Thomas St,SUBIACO,6008,North of River,Metro,156.0,19.69999999999999,15.799999999999983
2022-07-31,Vibe Subiaco,Vibe,ULP,167.5,123 Thomas St,SUBIACO,6008,North of River,Metro,156.0,11.5,-8.199999999999989
2022-08-01,Vibe Subiaco,Vibe,ULP,163.3,123 Thomas St,SUBIACO,6008,North of River,Metro,156.9,6.400000000000006,-4.199999999999989
2022-08-02,Vibe Subiaco,Vibe,ULP,159.7,123 Thomas St,SUBIACO,6008,North of River,Metro,159.2,0.5,-3.6000000000000227
2022-08-03,Vibe Subiaco,Vibe,ULP,159.7,123 Thomas St,SUBIACO,6008,North of River,Metro,160.2,-0.5,0.0
2022-08-04,Vibe Subiaco,Vibe,ULP,163.7,123 Thomas St,SUBIACO,6008,North of River,Metro,159.3,4.399999999999977,4.0
2022-08-05,Vibe Subiaco,Vibe,ULP,162.5,123 Thomas St,SUBIACO,6008,North of River,Metro,158.7,3.8000000000000114,-1.1999999999999886
2022-08-06,Vibe Subiaco,Vibe,ULP,162.5,123 Thomas St,SUBIACO,6008,North of River,Metro,158.7,3.8000000000000114,0.0
2022-08-07,Vibe Subiaco,Vibe,ULP,160.7,123 Thomas St,SUBIACO,6008,North of River,Metro,158.7,2.0,-1.8000000000000114
2022-08-08,Vibe Subiaco,Vibe,ULP,159.7,123 Thomas St,SUBIACO,6008,North of River,Metro,157.6,2.0999999999999943,-1.0
2022-08-09,Vibe Subiaco,Vibe,ULP,157.5,123 Thomas St,SUBIACO,6008,North of River,Metro,155.0,2.5,-2.1999999999999886
2022-08-10,Vibe Subiaco,Vibe,ULP,153.7,123 Thomas St,SUBIACO,6008,North of River,Metro,153.1,0.5999999999999943,-3.8000000000000114
2022-08-11,Vibe Subiaco,Vibe,ULP,177.7,123 Thomas St,SUBIACO,6008,North of River,Metro,152.1,25.599999999999994,24.0
2022-08-12,Vibe Subiaco,Vibe,ULP,169.7,123 Thomas St,SUBIACO,6008,North of River,Metro,150.4,19.299999999999983,-8.0
2022-08-13,Vibe Subiaco,Vibe,ULP,162.7,123 Thomas St,SUBIACO,6008,North of River,Metro,150.4,12.299999999999983,-7.0
2022-08-14,Vibe Subiaco,Vibe,ULP,158.7,123 Thomas St,SUBIACO,6008,North of River,Metro,150.4,8.299999999999983,-4.0
2022-08-15,Vibe Subiaco,Vibe,ULP,151.7,123 Thomas St,SUBIACO,6008,North of River,Metro,150.2,1.5,-7.0
2022-08-16,Vibe Subiaco,Vibe,ULP,149.7,123 Thomas St,SUBIACO,6008,North of River,Metro,151.3,-1.6000000000000227,-2.0
2022-08-17,Vibe Subiaco,Vibe,ULP,151.7,123 Thomas St,SUBIACO,6008,North of River,Metro,151.3,0.39999999999997726,2.0
2022-08-18,Vibe Subiaco,Vibe,ULP,169.7,123 Thomas St,SUBIACO,6008,North of River,Metro,151.1,18.599999999999994,18.0
2022-08-19,Vibe Subiaco,Vibe,ULP,162.7,123 Thomas St,SUBIACO,6008,North of River,Metro,151.3,11.399999999999977,-7.0
2022-08-20,Vibe Subiaco,Vibe,ULP,157.7,123 Thomas St,SUBIACO,6008,North of River,Metro,151.3,6.399999999999977,-5.0
2022-08-21,Vibe Subiaco,Vibe,ULP,152.5,123 Thomas St,SUBIACO,6008,North of River,Metro,151.3,1.1999999999999886,-5.199999999999989
2022-08-22,Vibe Subiaco,Vibe,ULP,151.3,123 Thomas St,SUBIACO,6008,North of River,Metro,151.9,-0.5999999999999943,-1.1999999999999886
2022-08-23,Vibe Subiaco,Vibe,ULP,151.3,123 Thomas St,SUBIACO,6008,North of River,Metro,152.5,-1.1999999999999886,0.0
2022-08-24,Vibe Subiaco,Vibe,ULP,185.5,123 Thomas St,SUBIACO,6008,North of River,Metro,153.5,32.0,34.19999999999999
2022-08-25,Vibe Subiaco,Vibe,ULP,177.5,123 Thomas St,SUBIACO,6008,North of River,Metro,154.8,22.69999999999999,-8.0
2022-08-26,Vibe Subiaco,Vibe,ULP,173.5,123 Thomas St,SUBIACO,6008,North of River,Metro,156.2,17.30000000000001,-4.0
2022-08-27,Vibe Subiaco,Vibe,ULP,171.5,123 Thomas St,SUBIACO,6008,North of River,Metro,156.2,15.300000000000011,-2.0
2022-08-28,Vibe Subiaco,Vibe,ULP,169.5,123 Thomas St,SUBIACO,6008,North of River,Metro,156.2,13.300000000000011,-2.0
2022-08-29,Vibe Subiaco,Vibe,ULP,155.3,123 Thomas St,SUBIACO,6008,North of River,Metro,156.8,-1.5,-14.199999999999989
2022-08-30,Vibe Subiaco,Vibe,ULP,153.3,123 Thomas St,SUBIACO,6008,North of River,Metro,156.8,-3.5,-2.0
2022-08-31,Vibe Subiaco,Vibe,ULP,155.7,123 Thomas St,SUBIACO,6008,North of River,Metro,156.7,-1.0,2.3999999999999773
2022-09-01,Vibe Subiaco,Vibe,ULP,169.5,123 Thomas St,SUBIACO,6008,North of River,Metro,156.2,13.300000000000011,13.800000000000011
2022-09-02,Vibe Subiaco,Vibe,ULP,167.5,123 Thomas St,SUBIACO,6008,North of River,Metro,153.9,13.599999999999994,-2.0
2022-09-03,Vibe Subiaco,Vibe,ULP,163.7,123 Thomas St,SUBIACO,6008,North of River,Metro,153.9,9.799999999999983,-3.8000000000000114
2022-09-04,Vibe Subiaco,Vibe,ULP,159.5,123 Thomas St,SUBIACO,6008,North of River,Metro,153.9,5.599999999999994,-4.199999999999989
2022-09-05,Vibe Subiaco,Vibe,ULP,155.5,123 Thomas St,SUBIACO,6008,North of River,Metro,150.8,4.699999999999989,-4.0
2022-09-06,Vibe Subiaco,Vibe,ULP,152.5,123 Thomas St,SUBIACO,6008,North of River,Metro,149.7,2.8000000000000114,-3.0
2022-09-07,Vibe Subiaco,Vibe,ULP,179.5,123 Thomas St,SUBIACO,6008,North of River,Metro,149.0,30.5,27.0
2022-09-08,Vibe Subiaco,Vibe,ULP,177.5,123 Thomas St,SUBIACO,6008,North of River,Metro,148.5,29.0,-2.0
2022-09-09,Vibe Subiaco,Vibe,ULP,149.5,123 Thomas St,SUBIACO,6008,North of River,Metro,149.2,0.30000000000001137,-28.0
2022-09-10,Vibe Subiaco,Vibe,ULP,171.5,123 Thomas St,SUBIACO,6008,North of River,Metro,149.2,22.30000000000001,22.0
2022-09-11,Vibe Subiaco,Vibe,ULP,163.7,123 Thomas St,SUBIACO,6008,North of River,Metro,149.2,14.5,-7.800000000000011
2022-09-12,Vibe Subiaco,Vibe,ULP,155.5,123 Thomas St,SUBIACO,6008,North of River,Metro,149.2,6.300000000000011,-8.199999999999989
2022-09-13,Vibe Subiaco,Vibe,ULP,153.7,123 Thomas St,SUBIACO,6008,North of River,Metro,149.4,4.299999999999983,-1.8000000000000114
2022-09-14,Vibe Subiaco,Vibe,ULP,151.7,123 Thomas St,SUBIACO,6008,North of River,Metro,150.0,1.6999999999999886,-2.0
2022-09-15,Vibe Subiaco,Vibe,ULP,146.5,123 Thomas St,SUBIACO,6008,North of River,Metro,150.1,-3.5999999999999943,-5.199999999999989
2022-09-16,Vibe Subiaco,Vibe,ULP,169.5,123 Thomas St,SUBIACO,6008,North of River,Metro,150.0,19.5,23.0
2022-09-17,Vibe Subiaco,Vibe,ULP,159.5,123 Thomas St,SUBIACO,6008,North of River,Metro,150.0,9.5,-10.0
2022-09-18,Vibe Subiaco,Vibe,ULP,149.5,123 Thomas St,SUBIACO,6008,North of River,Metro,150.0,-0.5,-10.0
2022-09-19,Vibe Subiaco,Vibe,ULP,149.3,123 Thomas St,SUBIACO,6008,North of River,Metro,150.3,-1.0,-0.19999999999998863
2022-09-20,Vibe Subiaco,Vibe,ULP,148.3,123 Thomas St,SUBIACO,6008,North of River,Metro,148.6,-0.29999999999998295,-1.0
2022-09-21,Vibe Subiaco,Vibe,ULP,189.5,123 Thomas St,SUBIACO,6008,North of River,Metro,146.8,42.69999999999999,41.19999999999999
2022-09-22,Vibe Subiaco,Vibe,ULP,177.7,123 Thomas St,SUBIACO,6008,North of River,Metro,145.8,31.899999999999977,-11.800000000000011
2022-09-23,Vibe Subiaco,Vibe,ULP,147.5,123 Thomas St,SUBIACO,6008,North of River,Metro,145.2,2.3000000000000114,-30.19999999999999
2022-09-24,Vibe Subiaco,Vibe,ULP,183.7,123 Thomas St,SUBIACO,6008,North of River,Metro,145.2,38.5,36.19999999999999
2022-09-25,Vibe Subiaco,Vibe,ULP,177.7,123 Thomas St,SUBIACO,6008,North of River,Metro,145.2,32.5,-6.0
2022-09-26,Vibe Subiaco,Vibe,ULP,149.5,123 Thomas St,SUBIACO,6008,North of River,Metro,144.0,5.5,-28.19999999999999
2022-09-27,Vibe Subiaco,Vibe,ULP,143.5,123 Thomas St,SUBIACO,6008,North of River,Metro,143.6,-0.09999999999999432,-6.0
2022-09-28,Vibe Subiaco,Vibe,ULP,147.7,123 Thomas St,SUBIACO,6008,North of River,Metro,149.4,-1.700000000000017,4.199999999999989
2022-09-29,Vibe Subiaco,Vibe,ULP,169.7,123 Thomas St,SUBIACO,6008,North of River,Metro,168.0,1.6999999999999886,22.0
2022-09-30,Vibe Subiaco,Vibe,ULP,173.7,123 Thomas St,SUBIACO,6008,North of River,Metro,168.0,5.699999999999989,4.0
2022-10-01,Vibe Subiaco,Vibe,ULP,169.7,123 Thomas St,SUBIACO,6008,North of River,Metro,168.0,1.6999999999999886,-4.0
2022-10-02,Vibe Subiaco,Vibe,ULP,169.7,123 Thomas St,SUBIACO,6008,North of River,Metro,168.0,1.6999999999999886,0.0
2022-10-03,Vibe Subiaco,Vibe,ULP,169.7,123 Thomas St,SUBIACO,6008,North of River,Metro,167.2,2.5,0.0
2022-10-04,Vibe Subiaco,Vibe,ULP,165.3,123 Thomas St,SUBIACO,6008,North of River,Metro,167.8,-2.5,-4.399999999999977
2022-10-05,Vibe Subiaco,Vibe,ULP,189.7,123 Thomas St,SUBIACO,6008,North of River,Metro,168.4,21.299999999999983,24.399999999999977
2022-10-06,Vibe Subiaco,Vibe,ULP,195.5,123 Thomas St,SUBIACO,6008,North of River,Metro,168.2,27.30000000000001,5.800000000000011
2022-10-07,Vibe Subiaco,Vibe,ULP,166.9,123 Thomas St,SUBIACO,6008,North of River,Metro,168.8,-1.9000000000000057,-28.599999999999994
2022-10-08,Vibe Subiaco,Vibe,ULP,181.5,123 Thomas St,SUBIACO,6008,North of River,Metro,168.8,12.699999999999989,14.599999999999994
2022-10-09,Vibe Subiaco,Vibe,ULP,175.5,123 Thomas St,SUBIACO,6008,North of River,Metro,168.8,6.699999999999989,-6.0
2022-10-10,Vibe Subiaco,Vibe,ULP,171.5,123 Thomas St,SUBIACO,6008,North of River,Metro,169.2,2.3000000000000114,-4.0
2022-10-11,Vibe Subiaco,Vibe,ULP,169.5,123 Thomas St,SUBIACO,6008,North of River,Metro,170.0,-0.5,-2.0
2022-10-12,Vibe Subiaco,Vibe,ULP,182.7,123 Thomas St,SUBIACO,6008,North of River,Metro,171.0,11.699999999999989,13.199999999999989
2022-10-13,Vibe Subiaco,Vibe,ULP,181.5,123 Thomas St,SUBIACO,6008,North of River,Metro,171.9,9.599999999999994,-1.1999999999999886
2022-10-14,Vibe Subiaco,Vibe,ULP,179.5,123 Thomas St,SUBIACO,6008,North of River,Metro,173.1,6.400000000000006,-2.0
2022-10-15,Vibe Subiaco,Vibe,ULP,176.5,123 Thomas St,SUBIACO,6008,North of River,Metro,173.1,3.4000000000000057,-3.0
2022-10-16,Vibe Subiaco,Vibe,ULP,174.5,123 Thomas St,SUBIACO,6008,North of River,Metro,173.1,1.4000000000000057,-2.0
2022-10-17,Vibe Subiaco,Vibe,ULP,173.5,123 Thomas St,SUBIACO,6008,North of River,Metro,173.1,0.4000000000000057,-1.0
2022-10-18,Vibe Subiaco,Vibe,ULP,171.5,123 Thomas St,SUBIACO,6008,North of River,Metro,174.0,-2.5,-2.0
2022-10-19,Vibe Subiaco,Vibe,ULP,199.7,123 Thomas St,SUBIACO,6008,North of River,Metro,174.0,25.69999999999999,28.19999999999999
2022-10-20,Vibe Subiaco,Vibe,ULP,199.7,123 Thomas St,SUBIACO,6008,North of River,Metro,173.8,25.899999999999977,0.0
2022-10-21,Vibe Subiaco,Vibe,ULP,197.5,123 Thomas St,SUBIACO,6008,North of River,Metro,173.4,24.099999999999994,-2.1999999999999886
2022-10-22,Vibe Subiaco,Vibe,ULP,195.5,123 Thomas St,SUBIACO,6008,North of River,Metro,173.4,22.099999999999994,-2.0
2022-10-23,Vibe Subiaco,Vibe,ULP,187.5,123 Thomas St,SUBIACO,6008,North of River,Metro,173.4,14.099999999999994,-8.0
2022-10-24,Vibe Subiaco,Vibe,ULP,177.5,123 Thomas St,SUBIACO,6008,North of River,Metro,173.7,3.8000000000000114,-10.0
2022-10-25,Vibe Subiaco,Vibe,ULP,173.5,123 Thomas St,SUBIACO,6008,North of River,Metro,173.9,-0.4000000000000057,-4.0
2022-10-26,Vibe Subiaco,Vibe,ULP,173.5,123 Thomas St,SUBIACO,6008,North of River,Metro,173.7,-0.19999999999998863,0.0
2022-10-27,Vibe Subiaco,Vibe,ULP,185.7,123 Thomas St,SUBIACO,6008,North of River,Metro,173.8,11.899999999999977,12.199999999999989
2022-10-28,Vibe Subiaco,Vibe,ULP,183.7,123 Thomas St,SUBIACO,6008,North of River,Metro,173.6,10.099999999999994,-2.0
2022-10-29,Vibe Subiaco,Vibe,ULP,179.7,123 Thomas St,SUBIACO,6008,North of River,Metro,173.6,6.099999999999994,-4.0
2022-10-30,Vibe Subiaco,Vibe,ULP,177.5,123 Thomas St,SUBIACO,6008,North of River,Metro,173.6,3.9000000000000057,-2.1999999999999886
2022-10-31,Vibe Subiaco,Vibe,ULP,173.7,123 Thomas St,SUBIACO,6008,North of River,Metro,172.7,1.0,-3.8000000000000114
2022-11-01,Vibe Subiaco,Vibe,ULP,171.5,123 Thomas St,SUBIACO,6008,North of River,Metro,172.0,-0.5,-2.1999999999999886
2022-11-02,Vibe Subiaco,Vibe,ULP,179.7,123 Thomas St,SUBIACO,6008,North of River,Metro,171.6,8.099999999999994,8.199999999999989
2022-11-03,Vibe Subiaco,Vibe,ULP,203.7,123 Thomas St,SUBIACO,6008,North of River,Metro,171.5,32.19999999999999,24.0
2022-11-04,Vibe Subiaco,Vibe,ULP,197.5,123 Thomas St,SUBIACO,6008,North of River,Metro,172.0,25.5,-6.199999999999989
2022-11-05,Vibe Subiaco,Vibe,ULP,186.5,123 Thomas St,SUBIACO,6008,North of River,Metro,172.0,14.5,-11.0
2022-11-06,Vibe Subiaco,Vibe,ULP,179.5,123 Thomas St,SUBIACO,6008,North of River,Metro,172.0,7.5,-7.0
2022-11-07,Vibe Subiaco,Vibe,ULP,176.5,123 Thomas St,SUBIACO,6008,North of River,Metro,172.9,3.5999999999999943,-3.0
2022-11-08,Vibe Subiaco,Vibe,ULP,171.5,123 Thomas St,SUBIACO,6008,North of River,Metro,175.2,-3.6999999999999886,-5.0
2022-11-09,Vibe Subiaco,Vibe,ULP,175.7,123 Thomas St,SUBIACO,6008,North of River,Metro,177.6,-1.9000000000000057,4.199999999999989
2022-11-10,Vibe Subiaco,Vibe,ULP,196.7,123 Thomas St,SUBIACO,6008,North of River,Metro,179.0,17.69999999999999,21.0
2022-11-11,Vibe Subiaco,Vibe,ULP,192.7,123 Thomas St,SUBIACO,6008,North of River,Metro,179.4,13.299999999999983,-4.0
2022-11-12,Vibe Subiaco,Vibe,ULP,183.7,123 Thomas St,SUBIACO,6008,North of River,Metro,179.4,4.299999999999983,-9.0
2022-11-13,Vibe Subiaco,Vibe,ULP,182.7,123 Thomas St,SUBIACO,6008,North of River,Metro,179.4,3.299999999999983,-1.0
2022-11-14,Vibe Subiaco,Vibe,ULP,179.5,123 Thomas St,SUBIACO,6008,North of River,Metro,179.2,0.30000000000001137,-3.1999999999999886
2022-11-15,Vibe Subiaco,Vibe,ULP,177.7,123 Thomas St,SUBIACO,6008,North of River,Metro,177.9,-0.20000000000001705,-1.8000000000000114
2022-11-16,Vibe Subiaco,Vibe,ULP,199.7,123 Thomas St,SUBIACO,6008,North of River,Metro,177.1,22.599999999999994,22.0
2022-11-17,Vibe Subiaco,Vibe,ULP,203.7,123 Thomas St,SUBIACO,6008,North of River,Metro,175.5,28.19999999999999,4.0
2022-11-18,Vibe Subiaco,Vibe,ULP,195.7,123 Thomas St,SUBIACO,6008,North of River,Metro,174.3,21.399999999999977,-8.0
2022-11-19,Vibe Subiaco,Vibe,ULP,183.5,123 Thomas St,SUBIACO,6008,North of River,Metro,174.3,9.199999999999989,-12.199999999999989
2022-11-20,Vibe Subiaco,Vibe,ULP,176.5,123 Thomas St,SUBIACO,6008,North of River,Metro,174.3,2.1999999999999886,-7.0
2022-11-21,Vibe Subiaco,Vibe,ULP,175.5,123 Thomas St,SUBIACO,6008,North of River,Metro,173.4,2.0999999999999943,-1.0
2022-11-22,Vibe Subiaco,Vibe,ULP,173.5,123 Thomas St,SUBIACO,6008,North of River,Metro,172.3,1.1999999999999886,-2.0
2022-11-23,Vibe Subiaco,Vibe,ULP,199.5,123 Thomas St,SUBIACO,6008,North of River,Metro,171.4,28.099999999999994,26.0
2022-11-24,Vibe Subiaco,Vibe,ULP,189.5,123 Thomas St,SUBIACO,6008,North of River,Metro,170.9,18.599999999999994,-10.0
2022-11-25,Vibe Subiaco,Vibe,ULP,173.9,123 Thomas St,SUBIACO,6008,North of River,Metro,170.4,3.5,-15.599999999999994
2022-11-26,Vibe Subiaco,Vibe,ULP,179.7,123 Thomas St,SUBIACO,6008,North of River,Metro,170.4,9.299999999999983,5.799999999999983
2022-11-27,Vibe Subiaco,Vibe,ULP,176.5,123 Thomas St,SUBIACO,6008,North of River,Metro,170.4,6.099999999999994,-3.1999999999999886
2022-11-28,Vibe Subiaco,Vibe,ULP,171.5,123 Thomas St,SUBIACO,6008,North of River,Metro,169.5,2.0,-5.0
2022-11-29,Vibe Subiaco,Vibe,ULP,168.7,123 Thomas St,SUBIACO,6008,North of River,Metro,168.7,0.0,-2.8000000000000114
2022-11-30,Vibe Subiaco,Vibe,ULP,199.5,123 Thomas St,SUBIACO,6008,North of River,Metro,167.1,32.400000000000006,30.80000000000001
2022-12-01,Vibe Subiaco,Vibe,ULP,189.5,123 Thomas St,SUBIACO,6008,North of River,Metro,165.8,23.69999999999999,-10.0
2022-12-02,Vibe Subiaco,Vibe,ULP,169.9,123 Thomas St,SUBIACO,6008,North of River,Metro,164.4,5.5,-19.599999999999994
2022-12-03,Vibe Subiaco,Vibe,ULP,179.5,123 Thomas St,SUBIACO,6008,North of River,Metro,164.4,15.099999999999994,9.599999999999994
2022-12-04,Vibe Subiaco,Vibe,ULP,172.5,123 Thomas St,SUBIACO,6008,North of River,Metro,164.4,8.099999999999994,-7.0
2022-12-05,Vibe Subiaco,Vibe,ULP,166.7,123 Thomas St,SUBIACO,6008,North of River,Metro,163.6,3.0999999999999943,-5.800000000000011
2022-12-06,Vibe Subiaco,Vibe,ULP,163.5,123 Thomas St,SUBIACO,6008,North of River,Metro,162.8,0.6999999999999886,-3.1999999999999886
2022-12-07,Vibe Subiaco,Vibe,ULP,199.5,123 Thomas St,SUBIACO,6008,North of River,Metro,162.7,36.80000000000001,36.0
2022-12-08,Vibe Subiaco,Vibe,ULP,163.9,123 Thomas St,SUBIACO,6008,North of River,Metro,162.3,1.5999999999999943,-35.599999999999994
2022-12-09,Vibe Subiaco,Vibe,ULP,177.5,123 Thomas St,SUBIACO,6008,North of River,Metro,161.8,15.699999999999989,13.599999999999994
2022-12-10,Vibe Subiaco,Vibe,ULP,167.5,123 Thomas St,SUBIACO,6008,North of River,Metro,161.8,5.699999999999989,-10.0
2022-12-11,Vibe Subiaco,Vibe,ULP,165.5,123 Thomas St,SUBIACO,6008,North of River,Metro,161.8,3.6999999999999886,-2.0
2022-12-12,Vibe Subiaco,Vibe,ULP,161.5,123 Thomas St,SUBIACO,6008,North of River,Metro,160.7,0.8000000000000114,-4.0
2022-12-13,Vibe Subiaco,Vibe,ULP,159.5,123 Thomas St,SUBIACO,6008,North of River,Metro,159.4,0.09999999999999432,-2.0
2022-12-14,Vibe Subiaco,Vibe,ULP,193.5,123 Thomas St,SUBIACO,6008,North of River,Metro,157.7,35.80000000000001,34.0
2022-12-15,Vibe Subiaco,Vibe,ULP,179.5,123 Thomas St,SUBIACO,6008,North of River,Metro,157.4,22.099999999999994,-14.0
2022-12-16,Vibe Subiaco,Vibe,ULP,169.5,123 Thomas St,SUBIACO,6008,North of River,Metro,157.3,12.199999999999989,-10.0
2022-12-17,Vibe Subiaco,Vibe,ULP,165.5,123 Thomas St,SUBIACO,6008,North of River,Metro,157.3,8.199999999999989,-4.0
2022-12-18,Vibe Subiaco,Vibe,ULP,161.5,123 Thomas St,SUBIACO,6008,North of River,Metro,157.3,4.199999999999989,-4.0
2022-12-19,Vibe Subiaco,Vibe,ULP,157.5,123 Thomas St,SUBIACO,6008,North of River,Metro,157.5,0.0,-4.0
2022-12-20,Vibe Subiaco,Vibe,ULP,156.5,123 Thomas St,SUBIACO,6008,North of River,Metro,158.3,-1.8000000000000114,-1.0
2022-12-21,Vibe Subiaco,Vibe,ULP,189.5,123 Thomas St,SUBIACO,6008,North of River,Metro,158.8,30.69999999999999,33.0
2022-12-22,Vibe Subiaco,Vibe,ULP,183.5,123 Thomas St,SUBIACO,6008,North of River,Metro,159.3,24.19999999999999,-6.0
2022-12-23,Vibe Subiaco,Vibe,ULP,172.7,123 Thomas St,SUBIACO,6008,North of River,Metro,159.6,13.099999999999994,-10.800000000000011
2022-12-24,Vibe Subiaco,Vibe,ULP,163.3,123 Thomas St,SUBIACO,6008,North of River,Metro,159.6,3.700000000000017,-9.399999999999977
2022-12-25,Vibe Subiaco,Vibe,ULP,163.3,123 Thomas St,SUBIACO,6008,North of River,Metro,159.6,3.700000000000017,0.0
2022-12-26,Vibe Subiaco,Vibe,ULP,159.5,123 Thomas St,SUBIACO,6008,North of River,Metro,160.0,-0.5,-3.8000000000000114
2022-12-27,Vibe Subiaco,Vibe,ULP,158.5,123 Thomas St,SUBIACO,6008,North of River,Metro,160.2,-1.6999999999999886,-1.0
2022-12-28,Vibe Subiaco,Vibe,ULP,189.5,123 Thomas St,SUBIACO,6008,North of River,Metro,161.9,27.599999999999994,31.0
2022-12-29,Vibe Subiaco,Vibe,ULP,179.5,123 Thomas St,SUBIACO,6008,North of River,Metro,162.3,17.19999999999999,-10.0
2022-12-30,Vibe Subiaco,Vibe,ULP,173.5,123 Thomas St,SUBIACO,6008,North of River,Metro,164.1,9.400000000000006,-6.0
2022-12-31,Vibe Subiaco,Vibe,ULP,167.5,123 Thomas St,SUBIACO,6008,North of River,Metro,148.1,19.400000000000006,-6.0
